area,old_path,port_paths,status
armor,armor/angmar_1.png,src/main/resources/assets/lotr/textures/entity/equipment/humanoid/angmar.png,ported
armor,armor/angmar_2.png,src/main/resources/assets/lotr/textures/entity/equipment/humanoid_leggings/angmar.png,ported
armor,armor/arnor_1.png,src/main/resources/assets/lotr/textures/entity/equipment/humanoid/arnor.png,ported
armor,armor/arnor_2.png,src/main/resources/assets/lotr/textures/entity/equipment/humanoid_leggings/arnor.png,ported
armor,armor/arnor_helmet.png,src/main/resources/assets/lotr/textures/entity/equipment/humanoid/arnor_helmet.png,ported
armor,armor/black_numenorean_1.png,src/main/resources/assets/lotr/textures/entity/equipment/humanoid/black_numenorean.png,ported
armor,armor/black_numenorean_2.png,src/main/resources/assets/lotr/textures/entity/equipment/humanoid_leggings/black_numenorean.png,ported
armor,armor/black_numenorean_helmet.png,src/main/resources/assets/lotr/textures/entity/equipment/humanoid/black_numenorean_helmet.png,ported
armor,armor/black_uruk_1.png,src/main/resources/assets/lotr/textures/entity/equipment/humanoid/black_uruk.png,ported
armor,armor/black_uruk_2.png,src/main/resources/assets/lotr/textures/entity/equipment/humanoid_leggings/black_uruk.png,ported
armor,armor/blackroot_1.png,src/main/resources/assets/lotr/textures/entity/equipment/humanoid/blackroot.png,ported
armor,armor/blackroot_2.png,src/main/resources/assets/lotr/textures/entity/equipment/humanoid_leggings/blackroot.png,ported
armor,armor/blue_dwarven_1.png,src/main/resources/assets/lotr/textures/entity/equipment/humanoid/blue_dwarven.png,ported
armor,armor/blue_dwarven_2.png,src/main/resources/assets/lotr/textures/entity/equipment/humanoid_leggings/blue_dwarven.png,ported
armor,armor/bone_1.png,src/main/resources/assets/lotr/textures/entity/equipment/humanoid/bone.png,ported
armor,armor/bone_2.png,src/main/resources/assets/lotr/textures/entity/equipment/humanoid_leggings/bone.png,ported
armor,armor/bronze_1.png,src/main/resources/assets/lotr/textures/entity/equipment/humanoid/bronze.png,ported
armor,armor/bronze_2.png,src/main/resources/assets/lotr/textures/entity/equipment/humanoid_leggings/bronze.png,ported
armor,armor/corsair_1.png,src/main/resources/assets/lotr/textures/entity/equipment/humanoid/corsair.png,ported
armor,armor/corsair_2.png,src/main/resources/assets/lotr/textures/entity/equipment/humanoid_leggings/corsair.png,ported
armor,armor/dale_1.png,src/main/resources/assets/lotr/textures/entity/equipment/humanoid/dale.png,ported
armor,armor/dale_2.png,src/main/resources/assets/lotr/textures/entity/equipment/humanoid_leggings/dale.png,ported
armor,armor/dol_amroth_1.png,src/main/resources/assets/lotr/textures/entity/equipment/humanoid/dol_amroth.png,ported
armor,armor/dol_amroth_2.png,src/main/resources/assets/lotr/textures/entity/equipment/humanoid_leggings/dol_amroth.png,ported
armor,armor/dol_amroth_wingedBody.png,src/main/resources/assets/lotr/textures/entity/equipment/humanoid/dol_amroth_winged_body.png,ported
armor,armor/dol_amroth_wingedHelmet.png,src/main/resources/assets/lotr/textures/entity/equipment/humanoid/dol_amroth_winged_helmet.png,ported
armor,armor/dol_guldur_1.png,src/main/resources/assets/lotr/textures/entity/equipment/humanoid/dol_guldur.png,ported
armor,armor/dol_guldur_2.png,src/main/resources/assets/lotr/textures/entity/equipment/humanoid_leggings/dol_guldur.png,ported
armor,armor/dorwinion_1.png,src/main/resources/assets/lotr/textures/entity/equipment/humanoid/dorwinion.png,ported
armor,armor/dorwinion_2.png,src/main/resources/assets/lotr/textures/entity/equipment/humanoid_leggings/dorwinion.png,ported
armor,armor/dorwinion_elf_1.png,src/main/resources/assets/lotr/textures/entity/equipment/humanoid/dorwinion_elven.png,ported
armor,armor/dorwinion_elf_2.png,src/main/resources/assets/lotr/textures/entity/equipment/humanoid_leggings/dorwinion_elven.png,ported
armor,armor/dorwinion_elf_helmet.png,src/main/resources/assets/lotr/textures/entity/equipment/humanoid/dorwinion_elven_helmet.png,ported
armor,armor/dunlending_1.png,src/main/resources/assets/lotr/textures/entity/equipment/humanoid/dunlending.png,ported
armor,armor/dunlending_2.png,src/main/resources/assets/lotr/textures/entity/equipment/humanoid_leggings/dunlending.png,ported
armor,armor/dwarven_1.png,src/main/resources/assets/lotr/textures/entity/equipment/humanoid/dwarven.png,ported
armor,armor/dwarven_2.png,src/main/resources/assets/lotr/textures/entity/equipment/humanoid_leggings/dwarven.png,ported
armor,armor/dwarven_gold_1.png,src/main/resources/assets/lotr/textures/entity/equipment/humanoid/gold_trimmed_dwarven.png,ported
armor,armor/dwarven_gold_2.png,src/main/resources/assets/lotr/textures/entity/equipment/humanoid_leggings/gold_trimmed_dwarven.png,ported
armor,armor/dwarven_mithril_1.png,src/main/resources/assets/lotr/textures/entity/equipment/humanoid/mithril_trimmed_dwarven.png,ported
armor,armor/dwarven_mithril_2.png,src/main/resources/assets/lotr/textures/entity/equipment/humanoid_leggings/mithril_trimmed_dwarven.png,ported
armor,armor/dwarven_silver_1.png,src/main/resources/assets/lotr/textures/entity/equipment/humanoid/silver_trimmed_dwarven.png,ported
armor,armor/dwarven_silver_2.png,src/main/resources/assets/lotr/textures/entity/equipment/humanoid_leggings/silver_trimmed_dwarven.png,ported
armor,armor/fur_1.png,src/main/resources/assets/lotr/textures/entity/equipment/humanoid/fur.png,ported
armor,armor/fur_2.png,src/main/resources/assets/lotr/textures/entity/equipment/humanoid_leggings/fur.png,ported
armor,armor/galadhrim_1.png,src/main/resources/assets/lotr/textures/entity/equipment/humanoid/galadhrim.png,ported
armor,armor/galadhrim_2.png,src/main/resources/assets/lotr/textures/entity/equipment/humanoid_leggings/galadhrim.png,ported
armor,armor/galadhrim_helmet.png,src/main/resources/assets/lotr/textures/entity/equipment/humanoid/galadhrim_helmet.png,ported
armor,armor/galvorn_1.png,src/main/resources/assets/lotr/textures/entity/equipment/humanoid/galvorn.png,ported
armor,armor/galvorn_2.png,src/main/resources/assets/lotr/textures/entity/equipment/humanoid_leggings/galvorn.png,ported
armor,armor/gambeson_dale.png,src/main/resources/assets/lotr/textures/entity/equipment/humanoid/gambeson_dale.png,ported
armor,armor/gambeson_dolAmroth.png,src/main/resources/assets/lotr/textures/entity/equipment/humanoid/gambeson_dol_amroth.png,ported
armor,armor/gambeson_dolAmrothLegs.png,src/main/resources/assets/lotr/textures/entity/equipment/humanoid_leggings/gambeson_dol_amroth_legs.png,ported
armor,armor/gambeson_gondor.png,src/main/resources/assets/lotr/textures/entity/equipment/humanoid/gambeson_gondor.png,ported
armor,armor/gambeson_lebennin.png,src/main/resources/assets/lotr/textures/entity/equipment/humanoid/gambeson_lebennin.png,ported
armor,armor/gemsbok_1.png,src/main/resources/assets/lotr/textures/entity/equipment/humanoid/gemsbok_hide.png,ported
armor,armor/gemsbok_2.png,src/main/resources/assets/lotr/textures/entity/equipment/humanoid_leggings/gemsbok_hide.png,ported
armor,armor/gondolin_1.png,src/main/resources/assets/lotr/textures/entity/equipment/humanoid/gondolin.png,ported
armor,armor/gondolin_2.png,src/main/resources/assets/lotr/textures/entity/equipment/humanoid_leggings/gondolin.png,ported
armor,armor/gondolin_helmet.png,src/main/resources/assets/lotr/textures/entity/equipment/humanoid/gondolin_helmet.png,ported
armor,armor/gondor_1.png,src/main/resources/assets/lotr/textures/entity/equipment/humanoid/gondor.png,ported
armor,armor/gondor_2.png,src/main/resources/assets/lotr/textures/entity/equipment/humanoid_leggings/gondor.png,ported
armor,armor/gondor_helmet.png,src/main/resources/assets/lotr/textures/entity/equipment/humanoid/gondor_helmet.png,ported
armor,armor/gondor_wingedHelmet.png,src/main/resources/assets/lotr/textures/entity/equipment/humanoid/gondor_winged_helmet.png,ported
armor,armor/gulf_harad_1.png,src/main/resources/assets/lotr/textures/entity/equipment/humanoid/gulf_harad.png,ported
armor,armor/gulf_harad_2.png,src/main/resources/assets/lotr/textures/entity/equipment/humanoid_leggings/gulf_harad.png,ported
armor,armor/gulf_harad_body.png,src/main/resources/assets/lotr/textures/entity/equipment/humanoid/gulf_harad_body.png,ported
armor,armor/gundabad_uruk_1.png,src/main/resources/assets/lotr/textures/entity/equipment/humanoid/gundabad_uruk.png,ported
armor,armor/gundabad_uruk_2.png,src/main/resources/assets/lotr/textures/entity/equipment/humanoid_leggings/gundabad_uruk.png,ported
armor,armor/gundabad_uruk_helmet.png,src/main/resources/assets/lotr/textures/entity/equipment/humanoid/gundabad_uruk_helmet.png,ported
armor,armor/half_troll_1.png,src/main/resources/assets/lotr/textures/entity/equipment/humanoid/half_troll.png,ported
armor,armor/half_troll_2.png,src/main/resources/assets/lotr/textures/entity/equipment/humanoid_leggings/half_troll.png,ported
armor,armor/harad_nomad_1.png,src/main/resources/assets/lotr/textures/entity/equipment/humanoid/harad_nomad.png,ported
armor,armor/harad_nomad_2.png,src/main/resources/assets/lotr/textures/entity/equipment/humanoid_leggings/harad_nomad.png,ported
armor,armor/harad_robes_1.png,src/main/resources/assets/lotr/textures/entity/equipment/humanoid/harad_robes.png,ported
armor,armor/harad_robes_2.png,src/main/resources/assets/lotr/textures/entity/equipment/humanoid_leggings/harad_robes.png,ported
armor,armor/harad_turban.png,src/main/resources/assets/lotr/textures/entity/equipment/humanoid/harad_turban.png,ported
armor,armor/harnedor_1.png,src/main/resources/assets/lotr/textures/entity/equipment/humanoid/harnedor.png,ported
armor,armor/harnedor_2.png,src/main/resources/assets/lotr/textures/entity/equipment/humanoid_leggings/harnedor.png,ported
armor,armor/harnedor_body.png,src/main/resources/assets/lotr/textures/entity/equipment/humanoid/harnedor_body.png,ported
armor,armor/harnedor_helmet.png,src/main/resources/assets/lotr/textures/entity/equipment/humanoid/harnedor_helmet.png,ported
armor,armor/hat.png,src/main/resources/assets/lotr/textures/entity/equipment/humanoid/leather_hat.png,ported
armor,armor/high_elven_1.png,src/main/resources/assets/lotr/textures/entity/equipment/humanoid/lindon.png,ported
armor,armor/high_elven_2.png,src/main/resources/assets/lotr/textures/entity/equipment/humanoid_leggings/lindon.png,ported
armor,armor/hithlain_1.png,src/main/resources/assets/lotr/textures/entity/equipment/humanoid/galadhrim_cloak.png,ported
armor,armor/hithlain_2.png,src/main/resources/assets/lotr/textures/entity/equipment/humanoid_leggings/galadhrim_cloak.png,ported
armor,armor/jacket_lamedon.png,src/main/resources/assets/lotr/textures/entity/equipment/humanoid/lamedon_jacket.png,ported
armor,armor/kaftan_1.png,src/main/resources/assets/lotr/textures/entity/equipment/humanoid/kaftan.png,ported
armor,armor/kaftan_1_overlay.png,,missing
armor,armor/kaftan_2.png,src/main/resources/assets/lotr/textures/entity/equipment/humanoid_leggings/kaftan.png,ported
armor,armor/kaftan_2_overlay.png,,missing
armor,armor/lamedon_1.png,src/main/resources/assets/lotr/textures/entity/equipment/humanoid/lamedon.png,ported
armor,armor/lamedon_2.png,src/main/resources/assets/lotr/textures/entity/equipment/humanoid_leggings/lamedon.png,ported
armor,armor/lossarnach_1.png,src/main/resources/assets/lotr/textures/entity/equipment/humanoid/lossarnach.png,ported
armor,armor/lossarnach_2.png,src/main/resources/assets/lotr/textures/entity/equipment/humanoid_leggings/lossarnach.png,ported
armor,armor/mithril_1.png,src/main/resources/assets/lotr/textures/entity/equipment/humanoid/mithril.png,ported
armor,armor/mithril_2.png,src/main/resources/assets/lotr/textures/entity/equipment/humanoid_leggings/mithril.png,ported
armor,armor/mordor_1.png,src/main/resources/assets/lotr/textures/entity/equipment/humanoid/mordor.png,ported
armor,armor/mordor_2.png,src/main/resources/assets/lotr/textures/entity/equipment/humanoid_leggings/mordor.png,ported
armor,armor/moredain_1.png,src/main/resources/assets/lotr/textures/entity/equipment/humanoid/morwaith.png,ported
armor,armor/moredain_2.png,src/main/resources/assets/lotr/textures/entity/equipment/humanoid_leggings/morwaith.png,ported
armor,armor/moredain_lion_armor_1.png,src/main/resources/assets/lotr/textures/entity/equipment/humanoid/morwaith_chieftain.png,ported
armor,armor/moredain_lion_armor_2.png,src/main/resources/assets/lotr/textures/entity/equipment/humanoid_leggings/morwaith_chieftain.png,ported
armor,armor/moredain_lion_armor_helmet.png,src/main/resources/assets/lotr/textures/entity/equipment/humanoid/morwaith_chieftain_helmet.png,ported
armor,armor/morgul_1.png,src/main/resources/assets/lotr/textures/entity/equipment/humanoid/morgul.png,ported
armor,armor/morgul_2.png,src/main/resources/assets/lotr/textures/entity/equipment/humanoid_leggings/morgul.png,ported
armor,armor/morgul_helmet.png,src/main/resources/assets/lotr/textures/entity/equipment/humanoid/morgul_helmet.png,ported
armor/mount,armor/mount/boar_blue_dwarven.png,,missing
armor/mount,armor/mount/boar_dwarven.png,,missing
armor/mount,armor/mount/elk_wood_elven.png,,missing
armor/mount,armor/mount/horse_dale.png,src/main/resources/assets/lotr/textures/entity/equipment/horse_body/dale.png,ported
armor/mount,armor/mount/horse_dol_amroth.png,src/main/resources/assets/lotr/textures/entity/equipment/horse_body/dol_amroth.png,ported
armor/mount,armor/mount/horse_galadhrim.png,src/main/resources/assets/lotr/textures/entity/equipment/horse_body/galadhrim.png,ported
armor/mount,armor/mount/horse_gondor.png,src/main/resources/assets/lotr/textures/entity/equipment/horse_body/gondor.png,ported
armor/mount,armor/mount/horse_high_elven.png,src/main/resources/assets/lotr/textures/entity/equipment/horse_body/lindon.png,ported
armor/mount,armor/mount/horse_lamedon.png,src/main/resources/assets/lotr/textures/entity/equipment/horse_body/lamedon.png,ported
armor/mount,armor/mount/horse_mithril.png,src/main/resources/assets/lotr/textures/entity/equipment/horse_body/mithril.png,ported
armor/mount,armor/mount/horse_morgul.png,src/main/resources/assets/lotr/textures/entity/equipment/horse_body/morgul.png,ported
armor/mount,armor/mount/horse_near_harad.png,src/main/resources/assets/lotr/textures/entity/equipment/horse_body/coast_southron.png,ported
armor/mount,armor/mount/horse_rhun_gold.png,src/main/resources/assets/lotr/textures/entity/equipment/horse_body/rhun_gold.png,ported
armor/mount,armor/mount/horse_rivendell.png,src/main/resources/assets/lotr/textures/entity/equipment/horse_body/rivendell.png,ported
armor/mount,armor/mount/horse_rohan.png,src/main/resources/assets/lotr/textures/entity/equipment/horse_body/rohirric.png,ported
armor/mount,armor/mount/horse_umbar.png,src/main/resources/assets/lotr/textures/entity/equipment/horse_body/umbaric.png,ported
armor/mount,armor/mount/rhino_half_troll.png,,missing
armor/mount,armor/mount/warg_angmar.png,,missing
armor/mount,armor/mount/warg_mordor.png,,missing
armor/mount,armor/mount/warg_uruk.png,,missing
armor,armor/near_harad_1.png,src/main/resources/assets/lotr/textures/entity/equipment/humanoid/coast_southron.png,ported
armor,armor/near_harad_2.png,src/main/resources/assets/lotr/textures/entity/equipment/humanoid_leggings/coast_southron.png,ported
armor,armor/near_harad_warlordHelmet.png,src/main/resources/assets/lotr/textures/entity/equipment/humanoid/coast_southron_champion_helmet.png,ported
armor,armor/partyhat.png,src/main/resources/assets/lotr/textures/entity/equipment/humanoid/party_hat.png,ported
armor,armor/pelargir_1.png,src/main/resources/assets/lotr/textures/entity/equipment/humanoid/pelargir.png,ported
armor,armor/pelargir_2.png,src/main/resources/assets/lotr/textures/entity/equipment/humanoid_leggings/pelargir.png,ported
armor,armor/pinnath_gelin_1.png,src/main/resources/assets/lotr/textures/entity/equipment/humanoid/pinnath_gelin.png,ported
armor,armor/pinnath_gelin_2.png,src/main/resources/assets/lotr/textures/entity/equipment/humanoid_leggings/pinnath_gelin.png,ported
armor,armor/ranger_1.png,src/main/resources/assets/lotr/textures/entity/equipment/humanoid/ranger.png,ported
armor,armor/ranger_2.png,src/main/resources/assets/lotr/textures/entity/equipment/humanoid_leggings/ranger.png,ported
armor,armor/ranger_ithilien_1.png,src/main/resources/assets/lotr/textures/entity/equipment/humanoid/ranger_ithilien.png,ported
armor,armor/ranger_ithilien_2.png,src/main/resources/assets/lotr/textures/entity/equipment/humanoid_leggings/ranger_ithilien.png,ported
armor,armor/rhun_1.png,src/main/resources/assets/lotr/textures/entity/equipment/humanoid/rhun.png,ported
armor,armor/rhun_2.png,src/main/resources/assets/lotr/textures/entity/equipment/humanoid_leggings/rhun.png,ported
armor,armor/rhun_gold_1.png,src/main/resources/assets/lotr/textures/entity/equipment/humanoid/rhun_gold.png,ported
armor,armor/rhun_gold_2.png,src/main/resources/assets/lotr/textures/entity/equipment/humanoid_leggings/rhun_gold.png,ported
armor,armor/rhun_gold_helmet.png,src/main/resources/assets/lotr/textures/entity/equipment/humanoid/rhun_gold_helmet.png,ported
armor,armor/rhun_gold_warlordHelmet.png,src/main/resources/assets/lotr/textures/entity/equipment/humanoid/rhun_gold_warlord_helmet.png,ported
armor,armor/rivendell_1.png,src/main/resources/assets/lotr/textures/entity/equipment/humanoid/rivendell.png,ported
armor,armor/rivendell_2.png,src/main/resources/assets/lotr/textures/entity/equipment/humanoid_leggings/rivendell.png,ported
armor,armor/rohan_1.png,src/main/resources/assets/lotr/textures/entity/equipment/humanoid/rohirric.png,ported
armor,armor/rohan_2.png,src/main/resources/assets/lotr/textures/entity/equipment/humanoid_leggings/rohirric.png,ported
armor,armor/rohan_marshal_1.png,src/main/resources/assets/lotr/textures/entity/equipment/humanoid/rohirric_marshal.png,ported
armor,armor/rohan_marshal_2.png,src/main/resources/assets/lotr/textures/entity/equipment/humanoid_leggings/rohirric_marshal.png,ported
armor,armor/rohan_marshal_helmet.png,src/main/resources/assets/lotr/textures/entity/equipment/humanoid/rohirric_marshal_helmet.png,ported
armor,armor/tauredain_1.png,src/main/resources/assets/lotr/textures/entity/equipment/humanoid/taurethrim.png,ported
armor,armor/tauredain_2.png,src/main/resources/assets/lotr/textures/entity/equipment/humanoid_leggings/taurethrim.png,ported
armor,armor/tauredain_chieftainHelmet.png,src/main/resources/assets/lotr/textures/entity/equipment/humanoid/taurethrim_chieftain_helmet.png,ported
armor,armor/tauredain_gold_1.png,src/main/resources/assets/lotr/textures/entity/equipment/humanoid/golden_taurethrim.png,ported
armor,armor/tauredain_gold_2.png,src/main/resources/assets/lotr/textures/entity/equipment/humanoid_leggings/golden_taurethrim.png,ported
armor,armor/tauredain_gold_helmet.png,src/main/resources/assets/lotr/textures/entity/equipment/humanoid/golden_taurethrim_helmet.png,ported
armor,armor/umbar_1.png,src/main/resources/assets/lotr/textures/entity/equipment/humanoid/umbaric.png,ported
armor,armor/umbar_2.png,src/main/resources/assets/lotr/textures/entity/equipment/humanoid_leggings/umbaric.png,ported
armor,armor/umbar_helmet.png,src/main/resources/assets/lotr/textures/entity/equipment/humanoid/umbaric_helmet.png,ported
armor,armor/uruk_1.png,src/main/resources/assets/lotr/textures/entity/equipment/humanoid/uruk.png,ported
armor,armor/uruk_2.png,src/main/resources/assets/lotr/textures/entity/equipment/humanoid_leggings/uruk.png,ported
armor,armor/uruk_helmet.png,src/main/resources/assets/lotr/textures/entity/equipment/humanoid/uruk_helmet.png,ported
armor,armor/uruk_helmet_berserker.png,src/main/resources/assets/lotr/textures/entity/equipment/humanoid/uruk_berserker_helmet.png,ported
armor,armor/utumno_1.png,src/main/resources/assets/lotr/textures/entity/equipment/humanoid/utumno.png,ported
armor,armor/utumno_2.png,src/main/resources/assets/lotr/textures/entity/equipment/humanoid_leggings/utumno.png,ported
armor,armor/wood_elven_1.png,src/main/resources/assets/lotr/textures/entity/equipment/humanoid/wood_elven.png,ported
armor,armor/wood_elven_2.png,src/main/resources/assets/lotr/textures/entity/equipment/humanoid_leggings/wood_elven.png,ported
armor,armor/wood_elven_scout_1.png,src/main/resources/assets/lotr/textures/entity/equipment/humanoid/wood_elven_scout.png,ported
armor,armor/wood_elven_scout_2.png,src/main/resources/assets/lotr/textures/entity/equipment/humanoid_leggings/wood_elven_scout.png,ported
cape,cape/blackroot.png,,missing
cape,cape/dale.png,,missing
cape,cape/dorwinionCaptain.png,,missing
cape,cape/dorwinionElfCaptain.png,,missing
cape,cape/dunlendingBerserker.png,,missing
cape,cape/galadhrim.png,,missing
cape,cape/galadhrimTrader.png,,missing
cape,cape/gandalf.png,,missing
cape,cape/gondor.png,,missing
cape,cape/gondorTowerGuard.png,,missing
cape,cape/gulf.png,,missing
cape,cape/haradChampion.png,,missing
cape,cape/highElf.png,,missing
cape,cape/lamedon.png,,missing
cape,cape/lossarnach.png,,missing
cape,cape/nearHarad.png,,missing
cape,cape/pelargir.png,,missing
cape,cape/pinnathGelin.png,,missing
cape,cape/ranger.png,,missing
cape,cape/ranger_ithilien.png,,missing
cape,cape/rivendell.png,,missing
cape,cape/rivendellTrader.png,,missing
cape,cape/rohan.png,,missing
cape,cape/santa.png,,missing
cape,cape/taurethrim.png,,missing
cape,cape/woodElf.png,,missing
gui/achievements,gui/achievements/icons.png,,missing
gui/achievements,gui/achievements/page.png,,missing
gui,gui/alignment.png,,missing
gui,gui/anvil.png,,missing
gui,gui/armor_stand.png,,missing
gui,gui/attackMeter.png,,missing
gui,gui/banner_edit.png,,missing
gui/barrel,gui/barrel/barrel.png,src/main/resources/assets/lotr/gui/barrel.png,ported
gui/barrel,gui/barrel/brewing.png,src/main/resources/assets/lotr/gui/barrel_brewing.png,ported
gui,gui/beacon.png,src/main/resources/assets/lotr/gui/beacon.png,ported
gui,gui/brandingIron.png,,missing
gui,gui/coin_exchange.png,,missing
gui,gui/daleCracker.png,src/main/resources/assets/lotr/gui/dale_cracker.png,ported
gui,gui/effects.png,,missing
gui,gui/factions.png,,missing
gui,gui/factions_full.png,,missing
gui,gui/fellowships.png,,missing
gui,gui/forge.png,src/main/resources/assets/lotr/gui/forge.png,ported
gui,gui/horn_select.png,,missing
gui,gui/menu_icons.png,,missing
gui,gui/menu_overlay.png,,missing
gui,gui/message.png,,missing
gui,gui/millstone.png,src/main/resources/assets/lotr/gui/millstone.png,ported
gui,gui/mob_spawner.png,,missing
gui/npc,gui/npc/gollum.png,,missing
gui/npc,gui/npc/hired.png,,missing
gui/npc,gui/npc/hiredFarmer.png,,missing
gui/npc,gui/npc/hiredWarrior.png,,missing
gui/npc,gui/npc/trade.png,,missing
gui/npc,gui/npc/unit_trade.png,,missing
gui/npc,gui/npc/unit_trade_buttons.png,,missing
gui,gui/oven.png,src/main/resources/assets/lotr/gui/oven.png,ported
gui,gui/pouch.png,,missing
gui,gui/pouch_with_chest.png,,missing
gui/quest,gui/quest/miniquest.png,,missing
gui/quest,gui/quest/redBook.png,,missing
gui/quest,gui/quest/redBook_miniquests.png,,missing
gui/quest,gui/quest/tracker.png,,missing
gui,gui/squadronItem.png,,missing
gui,gui/unsmelter.png,src/main/resources/assets/lotr/gui/unsmeltery.png,ported
gui,gui/widgets.png,,missing
item,item/aleHorn.png,src/main/resources/assets/lotr/textures/entity/vessel/ale_horn.png,ported
item,item/aleHornGold.png,src/main/resources/assets/lotr/textures/entity/vessel/golden_ale_horn.png,ported
item,item/armorStand.png,,missing
item,item/arrowPoisoned.png,src/main/resources/assets/lotr/textures/entity/projectiles/arrow_poisoned.png,ported
item/banner,item/banner/banner_angmar.png,src/main/resources/assets/lotr/textures/entity/banner/angmar.png,ported
item/banner,item/banner/banner_anorien.png,src/main/resources/assets/lotr/textures/entity/banner/anorien.png,ported
item/banner,item/banner/banner_blackUruk.png,src/main/resources/assets/lotr/textures/entity/banner/black_uruk.png,ported
item/banner,item/banner/banner_blackrootVale.png,src/main/resources/assets/lotr/textures/entity/banner/blackroot_vale.png,ported
item/banner,item/banner/banner_blueMountains.png,src/main/resources/assets/lotr/textures/entity/banner/blue_mountains.png,ported
item/banner,item/banner/banner_bree.png,src/main/resources/assets/lotr/textures/entity/banner/bree.png,ported
item/banner,item/banner/banner_dale.png,src/main/resources/assets/lotr/textures/entity/banner/dale.png,ported
item/banner,item/banner/banner_dolAmroth.png,src/main/resources/assets/lotr/textures/entity/banner/dol_amroth.png,ported
item/banner,item/banner/banner_dolGuldur.png,src/main/resources/assets/lotr/textures/entity/banner/dol_guldur.png,ported
item/banner,item/banner/banner_dorwinion.png,src/main/resources/assets/lotr/textures/entity/banner/dorwinion.png,ported
item/banner,item/banner/banner_dunland.png,src/main/resources/assets/lotr/textures/entity/banner/dunland.png,ported
item/banner,item/banner/banner_durin.png,src/main/resources/assets/lotr/textures/entity/banner/durin.png,ported
item/banner,item/banner/banner_esgaroth.png,src/main/resources/assets/lotr/textures/entity/banner/esgaroth.png,ported
item/banner,item/banner/banner_gondor.png,src/main/resources/assets/lotr/textures/entity/banner/gondor.png,ported
item/banner,item/banner/banner_gondorSteward.png,src/main/resources/assets/lotr/textures/entity/banner/gondor_steward.png,ported
item/banner,item/banner/banner_gundabad.png,src/main/resources/assets/lotr/textures/entity/banner/gundabad.png,ported
item/banner,item/banner/banner_halfTroll.png,src/main/resources/assets/lotr/textures/entity/banner/half_troll.png,ported
item/banner,item/banner/banner_haradGulf.png,src/main/resources/assets/lotr/textures/entity/banner/harad_gulf.png,ported
item/banner,item/banner/banner_haradNomad.png,src/main/resources/assets/lotr/textures/entity/banner/harad_nomad.png,ported
item/banner,item/banner/banner_highElf.png,src/main/resources/assets/lotr/textures/entity/banner/high_elf.png,ported
item/banner,item/banner/banner_hobbit.png,src/main/resources/assets/lotr/textures/entity/banner/hobbit.png,ported
item/banner,item/banner/banner_isengard.png,src/main/resources/assets/lotr/textures/entity/banner/isengard.png,ported
item/banner,item/banner/banner_ithilien.png,src/main/resources/assets/lotr/textures/entity/banner/ithilien.png,ported
item/banner,item/banner/banner_lamedon.png,src/main/resources/assets/lotr/textures/entity/banner/lamedon.png,ported
item/banner,item/banner/banner_lebennin.png,src/main/resources/assets/lotr/textures/entity/banner/lebennin.png,ported
item/banner,item/banner/banner_lossarnach.png,src/main/resources/assets/lotr/textures/entity/banner/lossarnach.png,ported
item/banner,item/banner/banner_lothlorien.png,src/main/resources/assets/lotr/textures/entity/banner/lothlorien.png,ported
item/banner,item/banner/banner_minasMorgul.png,src/main/resources/assets/lotr/textures/entity/banner/minas_morgul.png,ported
item/banner,item/banner/banner_mirkwood.png,src/main/resources/assets/lotr/textures/entity/banner/mirkwood.png,ported
item/banner,item/banner/banner_mordor.png,src/main/resources/assets/lotr/textures/entity/banner/mordor.png,ported
item/banner,item/banner/banner_moredain.png,src/main/resources/assets/lotr/textures/entity/banner/moredain.png,ported
item/banner,item/banner/banner_nanUngol.png,src/main/resources/assets/lotr/textures/entity/banner/nan_ungol.png,ported
item/banner,item/banner/banner_nearHarad.png,src/main/resources/assets/lotr/textures/entity/banner/near_harad.png,ported
item/banner,item/banner/banner_pelargir.png,src/main/resources/assets/lotr/textures/entity/banner/pelargir.png,ported
item/banner,item/banner/banner_pinnathGelin.png,src/main/resources/assets/lotr/textures/entity/banner/pinnath_gelin.png,ported
item/banner,item/banner/banner_ranger.png,src/main/resources/assets/lotr/textures/entity/banner/ranger.png,ported
item/banner,item/banner/banner_rhudaur.png,src/main/resources/assets/lotr/textures/entity/banner/rhudaur.png,ported
item/banner,item/banner/banner_rhun.png,src/main/resources/assets/lotr/textures/entity/banner/rhun.png,ported
item/banner,item/banner/banner_rivendell.png,src/main/resources/assets/lotr/textures/entity/banner/rivendell.png,ported
item/banner,item/banner/banner_rohan.png,src/main/resources/assets/lotr/textures/entity/banner/rohan.png,ported
item/banner,item/banner/banner_tauredain.png,src/main/resources/assets/lotr/textures/entity/banner/tauredain.png,ported
item/banner,item/banner/banner_umbar.png,src/main/resources/assets/lotr/textures/entity/banner/umbar.png,ported
item/banner,item/banner/stand.png,src/main/resources/assets/lotr/textures/entity/banner/stand.png,ported
item,item/beacon.png,,missing
item/bossTrophy,item/bossTrophy/mallornEnt.png,src/main/resources/assets/lotr/textures/entity/trophy/mallorn_ent.png,ported
item/bossTrophy,item/bossTrophy/mtc.png,src/main/resources/assets/lotr/textures/entity/trophy/mountain_troll_chieftain.png,ported
item/chest,item/chest/ancientHarad.png,,missing
item/chest,item/chest/basket.png,,missing
item/chest,item/chest/lebethron.png,,missing
item/chest,item/chest/mallorn.png,,missing
item/chest,item/chest/stone.png,,missing
item,item/crossbowBolt.png,src/main/resources/assets/lotr/textures/entity/projectiles/crossbow_bolt.png,ported
item,item/glassBottle.png,src/main/resources/assets/lotr/textures/entity/vessel/bottle.png,ported
item,item/gobletCopper.png,src/main/resources/assets/lotr/textures/entity/vessel/copper_goblet.png,ported
item,item/gobletGold.png,src/main/resources/assets/lotr/textures/entity/vessel/golden_goblet.png,ported
item,item/gobletSilver.png,src/main/resources/assets/lotr/textures/entity/vessel/silver_goblet.png,ported
item,item/gobletWood.png,src/main/resources/assets/lotr/textures/entity/vessel/wooden_cup.png,ported
item/kebab,item/kebab/cooked.png,src/main/resources/assets/lotr/textures/entity/kebab_cooked.png,ported
item/kebab,item/kebab/raw.png,src/main/resources/assets/lotr/textures/entity/kebab_raw.png,ported
item/kebab,item/kebab/stand.png,src/main/resources/assets/lotr/textures/entity/kebab_stand.png,ported
item/kebab,item/kebab/stand_sand.png,src/main/resources/assets/lotr/textures/entity/kebab_stand_sand.png,ported
item,item/mug.png,src/main/resources/assets/lotr/textures/entity/vessel/mug.png,ported
item,item/mugClay.png,src/main/resources/assets/lotr/textures/entity/vessel/ceramic_mug.png,ported
item,item/skullCup.png,src/main/resources/assets/lotr/textures/entity/vessel/skull_cup.png,ported
item,item/skullStaff.png,,missing
item,item/trollTotem.png,src/main/resources/assets/lotr/textures/entity/troll_totem.png,ported
item/unsmeltery,item/unsmeltery/active.png,src/main/resources/assets/lotr/textures/entity/unsmeltery_active.png,ported
item/unsmeltery,item/unsmeltery/idle.png,src/main/resources/assets/lotr/textures/entity/unsmeltery_idle.png,ported
item,item/weaponRack.png,,missing
item,item/wineGlass.png,src/main/resources/assets/lotr/textures/entity/vessel/wine_glass.png,ported
,logo.png,,missing
map,map/conquest.png,,missing
map,map/map.png,,missing
map,map/mapOverlay.png,,missing
map,map/mapScreen.png,,missing
map,map/osrs.png,,missing
map,map/terrain.png,,missing
misc,misc/burn_overlay.png,,missing
misc,misc/compass.png,,missing
misc,misc/elvenportal_0.png,,missing
misc,misc/elvenportal_1.png,,missing
misc,misc/elvenportal_overlay.png,,missing
misc,misc/frost_overlay.png,,missing
misc,misc/gulduril_glow.png,,missing
misc,misc/mist_overlay.png,,missing
misc,misc/morgulportal_overlay.png,,missing
misc,misc/particles.png,,missing
misc,misc/particles2.png,,missing
misc,misc/portal.png,,missing
misc,misc/portal_overlay.png,,missing
misc,misc/portal_writing.png,,missing
misc,misc/utumnoPortal_lightCircle.png,,missing
misc,misc/waterParticles.png,,missing
misc,misc/wight.png,,missing
mob/aurochs,mob/aurochs/0.png,,missing
mob/aurochs,mob/aurochs/1.png,,missing
mob/aurochs,mob/aurochs/2.png,,missing
mob/aurochs,mob/aurochs/3.png,,missing
mob/balrog,mob/balrog/balrog/0.png,,missing
mob/balrog,mob/balrog/balrog_bright/0.png,,missing
mob/balrog,mob/balrog/fire.png,,missing
mob/bandit,mob/bandit/bandit/0.png,,missing
mob/bandit,mob/bandit/bandit/1.png,,missing
mob/bandit,mob/bandit/bandit/2.png,,missing
mob/bandit,mob/bandit/bandit/3.png,,missing
mob/bandit,mob/bandit/bandit/4.png,,missing
mob/bandit,mob/bandit/bandit/5.png,,missing
mob/bandit,mob/bandit/harad/0.png,,missing
mob/bandit,mob/bandit/harad/1.png,,missing
mob/bandit,mob/bandit/harad/2.png,,missing
mob/bandit,mob/bandit/harad/3.png,,missing
mob/bandit,mob/bandit/harad/4.png,,missing
mob/barrowWight,mob/barrowWight/wight/0.png,,missing
mob/bear,mob/bear/black.png,,missing
mob/bear,mob/bear/dark.png,,missing
mob/bear,mob/bear/light.png,,missing
mob,mob/best_texture_2016.png,,missing
mob/bird,mob/bird/common/0.png,,missing
mob/bird,mob/bird/common/1.png,,missing
mob/bird,mob/bird/common/2.png,,missing
mob/bird,mob/bird/common/3.png,,missing
mob/bird,mob/bird/common/4.png,,missing
mob/bird,mob/bird/common/5.png,,missing
mob/bird,mob/bird/common/6.png,,missing
mob/bird,mob/bird/common/7.png,,missing
mob/bird,mob/bird/common/8.png,,missing
mob/bird,mob/bird/crebain/0.png,,missing
mob/bird,mob/bird/crow/0.png,,missing
mob/bird,mob/bird/farHarad/0.png,,missing
mob/bird,mob/bird/farHarad/1.png,,missing
mob/bird,mob/bird/farHarad/2.png,,missing
mob/bird,mob/bird/farHarad/3.png,,missing
mob/bird,mob/bird/farHarad/4.png,,missing
mob/bird,mob/bird/farHarad/5.png,,missing
mob/bird,mob/bird/farHarad/6.png,,missing
mob/bird,mob/bird/farHarad/7.png,,missing
mob/bird,mob/bird/farHarad/8.png,,missing
mob/bird,mob/bird/gorcrow/0.png,,missing
mob/bird,mob/bird/magpie/0.png,,missing
mob/bird,mob/bird/seagull/0.png,,missing
mob/boar,mob/boar/boar.png,,missing
mob/boar,mob/boar/saddle.png,,missing
mob/bree,mob/bree/bree_female/0.png,,missing
mob/bree,mob/bree/bree_female/1.png,,missing
mob/bree,mob/bree/bree_female/2.png,,missing
mob/bree,mob/bree/bree_female/3.png,,missing
mob/bree,mob/bree/bree_female/4.png,,missing
mob/bree,mob/bree/bree_female/5.png,,missing
mob/bree,mob/bree/bree_female/6.png,,missing
mob/bree,mob/bree/bree_female/7.png,,missing
mob/bree,mob/bree/bree_female/8.png,,missing
mob/bree,mob/bree/bree_male/0.png,,missing
mob/bree,mob/bree/bree_male/1.png,,missing
mob/bree,mob/bree/bree_male/10.png,,missing
mob/bree,mob/bree/bree_male/11.png,,missing
mob/bree,mob/bree/bree_male/12.png,,missing
mob/bree,mob/bree/bree_male/13.png,,missing
mob/bree,mob/bree/bree_male/14.png,,missing
mob/bree,mob/bree/bree_male/15.png,,missing
mob/bree,mob/bree/bree_male/16.png,,missing
mob/bree,mob/bree/bree_male/17.png,,missing
mob/bree,mob/bree/bree_male/18.png,,missing
mob/bree,mob/bree/bree_male/19.png,,missing
mob/bree,mob/bree/bree_male/2.png,,missing
mob/bree,mob/bree/bree_male/20.png,,missing
mob/bree,mob/bree/bree_male/21.png,,missing
mob/bree,mob/bree/bree_male/22.png,,missing
mob/bree,mob/bree/bree_male/23.png,,missing
mob/bree,mob/bree/bree_male/24.png,,missing
mob/bree,mob/bree/bree_male/25.png,,missing
mob/bree,mob/bree/bree_male/26.png,,missing
mob/bree,mob/bree/bree_male/27.png,,missing
mob/bree,mob/bree/bree_male/28.png,,missing
mob/bree,mob/bree/bree_male/29.png,,missing
mob/bree,mob/bree/bree_male/3.png,,missing
mob/bree,mob/bree/bree_male/4.png,,missing
mob/bree,mob/bree/bree_male/5.png,,missing
mob/bree,mob/bree/bree_male/6.png,,missing
mob/bree,mob/bree/bree_male/7.png,,missing
mob/bree,mob/bree/bree_male/8.png,,missing
mob/bree,mob/bree/bree_male/9.png,,missing
mob/bree,mob/bree/headwear_female/0.png,,missing
mob/bree,mob/bree/outfit_baker.png,,missing
mob/bree,mob/bree/outfit_blacksmith.png,,missing
mob/bree,mob/bree/outfit_brewer.png,,missing
mob/bree,mob/bree/outfit_butcher.png,,missing
mob/bree,mob/bree/outfit_florist.png,,missing
mob/bree,mob/bree/outfit_greengrocer.png,,missing
mob/bree,mob/bree/outfit_innkeeper.png,,missing
mob/bree,mob/bree/outfit_mason.png,,missing
mob/bree,mob/bree/ruffian/0.png,,missing
mob/bree,mob/bree/ruffian/1.png,,missing
mob/bree,mob/bree/ruffian/2.png,,missing
mob/bree,mob/bree/ruffian/3.png,,missing
mob/bree,mob/bree/ruffian/4.png,,missing
mob/bree,mob/bree/ruffian_hood/0.png,,missing
mob/butterfly,mob/butterfly/common/0.png,,missing
mob/butterfly,mob/butterfly/common/1.png,,missing
mob/butterfly,mob/butterfly/common/2.png,,missing
mob/butterfly,mob/butterfly/common/3.png,,missing
mob/butterfly,mob/butterfly/common/4.png,,missing
mob/butterfly,mob/butterfly/jungle/0.png,,missing
mob/butterfly,mob/butterfly/jungle/1.png,,missing
mob/butterfly,mob/butterfly/jungle/2.png,,missing
mob/butterfly,mob/butterfly/jungle/3.png,,missing
mob/butterfly,mob/butterfly/jungle/4.png,,missing
mob/butterfly,mob/butterfly/lorien/0.png,,missing
mob/butterfly,mob/butterfly/mirkwood/0.png,,missing
mob/camel,mob/camel/camel.png,,missing
mob/camel,mob/camel/carpet_base.png,,missing
mob/camel,mob/camel/carpet_overlay.png,,missing
mob/camel,mob/camel/saddle.png,,missing
mob/char,mob/char/gandalf.png,,missing
mob/char,mob/char/gandalf_cloak.png,,missing
mob/char,mob/char/gandalf_hat.png,,missing
mob/char,mob/char/gollum.png,,missing
mob/char,mob/char/santa.png,,missing
mob/char,mob/char/santa_cloak.png,,missing
mob/char,mob/char/santa_hat.png,,missing
mob/char,mob/char/saruman.png,,missing
mob/char,mob/char/sauron.png,,missing
mob,mob/crocodile.png,,missing
mob/dale,mob/dale/baker_apron.png,,missing
mob/dale,mob/dale/blacksmith_apron.png,,missing
mob/dale,mob/dale/dale_female/0.png,,missing
mob/dale,mob/dale/dale_female/1.png,,missing
mob/dale,mob/dale/dale_male/0.png,,missing
mob/dale,mob/dale/dale_male/1.png,,missing
mob/dale,mob/dale/dale_male/2.png,,missing
mob/dale,mob/dale/dale_soldier/0.png,,missing
mob/dale,mob/dale/dale_soldier/1.png,,missing
mob/dale,mob/dale/dale_soldier/2.png,,missing
mob/deer,mob/deer/0.png,,missing
mob/deer,mob/deer/1.png,,missing
mob/dikdik,mob/dikdik/0.png,,missing
mob/dikdik,mob/dikdik/1.png,,missing
mob/dikdik,mob/dikdik/2.png,,missing
mob/dorwinion,mob/dorwinion/dorwinion_female/0.png,,missing
mob/dorwinion,mob/dorwinion/dorwinion_female/1.png,,missing
mob/dorwinion,mob/dorwinion/dorwinion_female/2.png,,missing
mob/dorwinion,mob/dorwinion/dorwinion_female/3.png,,missing
mob/dorwinion,mob/dorwinion/dorwinion_male/0.png,,missing
mob/dorwinion,mob/dorwinion/dorwinion_male/1.png,,missing
mob/dorwinion,mob/dorwinion/dorwinion_male/2.png,,missing
mob/dorwinion,mob/dorwinion/dorwinion_male/3.png,,missing
mob/dorwinion,mob/dorwinion/outfit/0.png,,missing
mob/dorwinion,mob/dorwinion/outfit/1.png,,missing
mob/dorwinion,mob/dorwinion/outfit/2.png,,missing
mob/dorwinion,mob/dorwinion/outfit/3.png,,missing
mob/dunland,mob/dunland/bartender_apron.png,,missing
mob/dunland,mob/dunland/berserker/0.png,,missing
mob/dunland,mob/dunland/dunlending_female/0.png,,missing
mob/dunland,mob/dunland/dunlending_female/1.png,,missing
mob/dunland,mob/dunland/dunlending_female/2.png,,missing
mob/dunland,mob/dunland/dunlending_male/0.png,,missing
mob/dunland,mob/dunland/dunlending_male/1.png,,missing
mob/dunland,mob/dunland/dunlending_male/2.png,,missing
mob/dunland,mob/dunland/dunlending_male/3.png,,missing
mob/dunland,mob/dunland/outfit/0.png,,missing
mob/dunland,mob/dunland/outfit/1.png,,missing
mob/dunland,mob/dunland/outfit/2.png,,missing
mob/dwarf,mob/dwarf/blacksmith_apron.png,,missing
mob/dwarf,mob/dwarf/blueMountains_commander_cloak.png,,missing
mob/dwarf,mob/dwarf/blueMountains_female/0.png,,missing
mob/dwarf,mob/dwarf/blueMountains_female/1.png,,missing
mob/dwarf,mob/dwarf/blueMountains_female/2.png,,missing
mob/dwarf,mob/dwarf/blueMountains_male/0.png,,missing
mob/dwarf,mob/dwarf/blueMountains_male/1.png,,missing
mob/dwarf,mob/dwarf/blueMountains_male/2.png,,missing
mob/dwarf,mob/dwarf/commander_cloak.png,,missing
mob/dwarf,mob/dwarf/dwarf_female/0.png,,missing
mob/dwarf,mob/dwarf/dwarf_female/1.png,,missing
mob/dwarf,mob/dwarf/dwarf_female/2.png,,missing
mob/dwarf,mob/dwarf/dwarf_male/0.png,,missing
mob/dwarf,mob/dwarf/dwarf_male/1.png,,missing
mob/dwarf,mob/dwarf/dwarf_male/2.png,,missing
mob/dwarf,mob/dwarf/ring.png,,missing
mob/dwarf,mob/dwarf/wicked_apron.png,,missing
mob/dwarf,mob/dwarf/wicked_male/0.png,,missing
mob/elf,mob/elf/dorwinionVintner_cape.png,,missing
mob/elf,mob/elf/dorwinionVintner_cloak.png,,missing
mob/elf,mob/elf/dorwinion_female/0.png,,missing
mob/elf,mob/elf/dorwinion_female/1.png,,missing
mob/elf,mob/elf/dorwinion_female/2.png,,missing
mob/elf,mob/elf/dorwinion_male/0.png,,missing
mob/elf,mob/elf/dorwinion_male/1.png,,missing
mob/elf,mob/elf/dorwinion_male/2.png,,missing
mob/elf,mob/elf/galadhrimSmith_cape.png,,missing
mob/elf,mob/elf/galadhrimSmith_cloak.png,,missing
mob/elf,mob/elf/galadhrimTrader_cloak.png,,missing
mob/elf,mob/elf/galadhrim_female/0.png,,missing
mob/elf,mob/elf/galadhrim_female/1.png,,missing
mob/elf,mob/elf/galadhrim_female/2.png,,missing
mob/elf,mob/elf/galadhrim_male/0.png,,missing
mob/elf,mob/elf/galadhrim_male/1.png,,missing
mob/elf,mob/elf/galadhrim_male/2.png,,missing
mob/elf,mob/elf/galadhrim_male/3.png,,missing
mob/elf,mob/elf/highElfSmith_cape.png,,missing
mob/elf,mob/elf/highElfSmith_cloak.png,,missing
mob/elf,mob/elf/highElf_female/0.png,,missing
mob/elf,mob/elf/highElf_female/1.png,,missing
mob/elf,mob/elf/highElf_female/10.png,,missing
mob/elf,mob/elf/highElf_female/2.png,,missing
mob/elf,mob/elf/highElf_female/3.png,,missing
mob/elf,mob/elf/highElf_female/4.png,,missing
mob/elf,mob/elf/highElf_female/5.png,,missing
mob/elf,mob/elf/highElf_female/6.png,,missing
mob/elf,mob/elf/highElf_female/7.png,,missing
mob/elf,mob/elf/highElf_female/8.png,,missing
mob/elf,mob/elf/highElf_female/9.png,,missing
mob/elf,mob/elf/highElf_male/0.png,,missing
mob/elf,mob/elf/highElf_male/1.png,,missing
mob/elf,mob/elf/highElf_male/10.png,,missing
mob/elf,mob/elf/highElf_male/11.png,,missing
mob/elf,mob/elf/highElf_male/12.png,,missing
mob/elf,mob/elf/highElf_male/13.png,,missing
mob/elf,mob/elf/highElf_male/14.png,,missing
mob/elf,mob/elf/highElf_male/15.png,,missing
mob/elf,mob/elf/highElf_male/16.png,,missing
mob/elf,mob/elf/highElf_male/17.png,,missing
mob/elf,mob/elf/highElf_male/2.png,,missing
mob/elf,mob/elf/highElf_male/3.png,,missing
mob/elf,mob/elf/highElf_male/4.png,,missing
mob/elf,mob/elf/highElf_male/5.png,,missing
mob/elf,mob/elf/highElf_male/6.png,,missing
mob/elf,mob/elf/highElf_male/7.png,,missing
mob/elf,mob/elf/highElf_male/8.png,,missing
mob/elf,mob/elf/highElf_male/9.png,,missing
mob/elf,mob/elf/jazz_female/0.png,,missing
mob/elf,mob/elf/jazz_female/1.png,,missing
mob/elf,mob/elf/jazz_female/2.png,,missing
mob/elf,mob/elf/jazz_male/0.png,,missing
mob/elf,mob/elf/jazz_male/1.png,,missing
mob/elf,mob/elf/jazz_male/2.png,,missing
mob/elf,mob/elf/jazz_outfit/0.png,,missing
mob/elf,mob/elf/rivendellSmith_cape.png,,missing
mob/elf,mob/elf/rivendellSmith_cloak.png,,missing
mob/elf,mob/elf/rivendellTrader_cloak.png,,missing
mob/elf,mob/elf/tormented/0.png,,missing
mob/elf,mob/elf/tormented/1.png,,missing
mob/elf,mob/elf/tormented/2.png,,missing
mob/elf,mob/elf/woodElfSmith_cape.png,,missing
mob/elf,mob/elf/woodElfSmith_cloak.png,,missing
mob/elf,mob/elf/woodElf_female/0.png,,missing
mob/elf,mob/elf/woodElf_female/1.png,,missing
mob/elf,mob/elf/woodElf_female/2.png,,missing
mob/elf,mob/elf/woodElf_male/0.png,,missing
mob/elf,mob/elf/woodElf_male/1.png,,missing
mob/elf,mob/elf/woodElf_male/2.png,,missing
mob/elf,mob/elf/woodElf_male/3.png,,missing
mob/elk,mob/elk/elk/0.png,,missing
mob/elk,mob/elk/elk/1.png,,missing
mob/elk,mob/elk/elk/2.png,,missing
mob/elk,mob/elk/saddle.png,,missing
mob/ent,mob/ent/beech.png,,missing
mob/ent,mob/ent/birch.png,,missing
mob/ent,mob/ent/mallorn.png,,missing
mob/ent,mob/ent/mallornEnt_shield.png,,missing
mob/ent,mob/ent/oak.png,,missing
mob/fish,mob/fish/clownfish/0.png,,missing
mob/fish,mob/fish/common/0.png,,missing
mob/fish,mob/fish/common/1.png,,missing
mob/fish,mob/fish/common/2.png,,missing
mob/fish,mob/fish/common/3.png,,missing
mob/fish,mob/fish/salmon/0.png,,missing
mob/flamingo,mob/flamingo/chick.png,,missing
mob/flamingo,mob/flamingo/flamingo.png,,missing
mob,mob/gemsbok.png,,missing
mob/giraffe,mob/giraffe/giraffe.png,,missing
mob/giraffe,mob/giraffe/saddle.png,,missing
mob/gondor,mob/gondor/gondorSoldier/0.png,,missing
mob/gondor,mob/gondor/gondorSoldier/1.png,,missing
mob/gondor,mob/gondor/gondorSoldier/2.png,,missing
mob/gondor,mob/gondor/gondorSoldier/3.png,,missing
mob/gondor,mob/gondor/gondorSoldier/4.png,,missing
mob/gondor,mob/gondor/gondorSoldier/5.png,,missing
mob/gondor,mob/gondor/gondor_female/0.png,,missing
mob/gondor,mob/gondor/gondor_female/1.png,,missing
mob/gondor,mob/gondor/gondor_female/10.png,,missing
mob/gondor,mob/gondor/gondor_female/11.png,,missing
mob/gondor,mob/gondor/gondor_female/12.png,,missing
mob/gondor,mob/gondor/gondor_female/13.png,,missing
mob/gondor,mob/gondor/gondor_female/2.png,,missing
mob/gondor,mob/gondor/gondor_female/3.png,,missing
mob/gondor,mob/gondor/gondor_female/4.png,,missing
mob/gondor,mob/gondor/gondor_female/5.png,,missing
mob/gondor,mob/gondor/gondor_female/6.png,,missing
mob/gondor,mob/gondor/gondor_female/7.png,,missing
mob/gondor,mob/gondor/gondor_female/8.png,,missing
mob/gondor,mob/gondor/gondor_female/9.png,,missing
mob/gondor,mob/gondor/gondor_male/0.png,,missing
mob/gondor,mob/gondor/gondor_male/1.png,,missing
mob/gondor,mob/gondor/gondor_male/2.png,,missing
mob/gondor,mob/gondor/gondor_male/3.png,,missing
mob/gondor,mob/gondor/gondor_male/4.png,,missing
mob/gondor,mob/gondor/gondor_male/5.png,,missing
mob/gondor,mob/gondor/gondor_male/6.png,,missing
mob/gondor,mob/gondor/gondor_male/7.png,,missing
mob/gondor,mob/gondor/gondor_male/8.png,,missing
mob/gondor,mob/gondor/gondor_male/9.png,,missing
mob/gondor,mob/gondor/headwear_female/0.png,,missing
mob/gondor,mob/gondor/headwear_female/1.png,,missing
mob/gondor,mob/gondor/outfit/0.png,,missing
mob/gondor,mob/gondor/outfit_baker.png,,missing
mob/gondor,mob/gondor/outfit_bartender.png,,missing
mob/gondor,mob/gondor/outfit_blacksmith.png,,missing
mob/gondor,mob/gondor/outfit_brewer.png,,missing
mob/gondor,mob/gondor/outfit_butcher.png,,missing
mob/gondor,mob/gondor/outfit_florist.png,,missing
mob/gondor,mob/gondor/outfit_greengrocer.png,,missing
mob/gondor,mob/gondor/outfit_mason.png,,missing
mob/gondor,mob/gondor/ranger/0.png,,missing
mob/gondor,mob/gondor/ranger/1.png,,missing
mob/gondor,mob/gondor/ranger/2.png,,missing
mob/gondor,mob/gondor/swanKnight/0.png,,missing
mob/gondor,mob/gondor/swanKnight/1.png,,missing
mob/gondor,mob/gondor/swanKnight/2.png,,missing
mob/halfTroll,mob/halfTroll/halfTroll/0.png,,missing
mob/halfTroll,mob/halfTroll/halfTroll/1.png,,missing
mob/halfTroll,mob/halfTroll/halfTroll/2.png,,missing
mob/halfTroll,mob/halfTroll/half_troll_1.png,,missing
mob/halfTroll,mob/halfTroll/half_troll_2.png,,missing
mob/halfTroll,mob/halfTroll/scavenger.png,,missing
mob/hillman,mob/hillman/hillman_female/0.png,,missing
mob/hillman,mob/hillman/hillman_female/1.png,,missing
mob/hillman,mob/hillman/hillman_female/2.png,,missing
mob/hillman,mob/hillman/hillman_female/3.png,,missing
mob/hillman,mob/hillman/hillman_male/0.png,,missing
mob/hillman,mob/hillman/hillman_male/1.png,,missing
mob/hillman,mob/hillman/hillman_male/2.png,,missing
mob/hillman,mob/hillman/outfit/0.png,,missing
mob/hobbit,mob/hobbit/child_female/0.png,,missing
mob/hobbit,mob/hobbit/child_female/1.png,,missing
mob/hobbit,mob/hobbit/child_female/2.png,,missing
mob/hobbit,mob/hobbit/child_male/0.png,,missing
mob/hobbit,mob/hobbit/child_male/1.png,,missing
mob/hobbit,mob/hobbit/child_male/2.png,,missing
mob/hobbit,mob/hobbit/hobbit_female/0.png,,missing
mob/hobbit,mob/hobbit/hobbit_female/1.png,,missing
mob/hobbit,mob/hobbit/hobbit_female/10.png,,missing
mob/hobbit,mob/hobbit/hobbit_female/11.png,,missing
mob/hobbit,mob/hobbit/hobbit_female/12.png,,missing
mob/hobbit,mob/hobbit/hobbit_female/2.png,,missing
mob/hobbit,mob/hobbit/hobbit_female/3.png,,missing
mob/hobbit,mob/hobbit/hobbit_female/4.png,,missing
mob/hobbit,mob/hobbit/hobbit_female/5.png,,missing
mob/hobbit,mob/hobbit/hobbit_female/6.png,,missing
mob/hobbit,mob/hobbit/hobbit_female/7.png,,missing
mob/hobbit,mob/hobbit/hobbit_female/8.png,,missing
mob/hobbit,mob/hobbit/hobbit_female/9.png,,missing
mob/hobbit,mob/hobbit/hobbit_male/0.png,,missing
mob/hobbit,mob/hobbit/hobbit_male/1.png,,missing
mob/hobbit,mob/hobbit/hobbit_male/10.png,,missing
mob/hobbit,mob/hobbit/hobbit_male/11.png,,missing
mob/hobbit,mob/hobbit/hobbit_male/12.png,,missing
mob/hobbit,mob/hobbit/hobbit_male/2.png,,missing
mob/hobbit,mob/hobbit/hobbit_male/3.png,,missing
mob/hobbit,mob/hobbit/hobbit_male/4.png,,missing
mob/hobbit,mob/hobbit/hobbit_male/5.png,,missing
mob/hobbit,mob/hobbit/hobbit_male/6.png,,missing
mob/hobbit,mob/hobbit/hobbit_male/7.png,,missing
mob/hobbit,mob/hobbit/hobbit_male/8.png,,missing
mob/hobbit,mob/hobbit/hobbit_male/9.png,,missing
mob/hobbit,mob/hobbit/outfit_baker.png,,missing
mob/hobbit,mob/hobbit/outfit_bartender.png,,missing
mob/hobbit,mob/hobbit/outfit_brewer.png,,missing
mob/hobbit,mob/hobbit/outfit_butcher.png,,missing
mob/hobbit,mob/hobbit/outfit_florist.png,,missing
mob/hobbit,mob/hobbit/ring.png,,missing
mob/huorn,mob/huorn/face/0.png,,missing
mob/huorn,mob/huorn/face/1.png,,missing
mob/huorn,mob/huorn/face/2.png,,missing
mob/huorn,mob/huorn/face/3.png,,missing
mob/huorn,mob/huorn/face/4.png,,missing
mob/kineAraw,mob/kineAraw/0.png,,missing
mob/kineAraw,mob/kineAraw/1.png,,missing
mob/lion,mob/lion/lion.png,,missing
mob/lion,mob/lion/lioness.png,,missing
mob/lion,mob/lion/ticketlion.png,,missing
mob,mob/midge.png,,missing
mob/moredain,mob/moredain/moredain_female/0.png,,missing
mob/moredain,mob/moredain/moredain_female/1.png,,missing
mob/moredain,mob/moredain/moredain_female/2.png,,missing
mob/moredain,mob/moredain/moredain_female/3.png,,missing
mob/moredain,mob/moredain/moredain_male/0.png,,missing
mob/moredain,mob/moredain/moredain_male/1.png,,missing
mob/moredain,mob/moredain/moredain_male/2.png,,missing
mob/moredain,mob/moredain/moredain_male/3.png,,missing
mob/moredain,mob/moredain/moredain_male/4.png,,missing
mob/moredain,mob/moredain/outfit/0.png,,missing
mob/moredain,mob/moredain/outfit/1.png,,missing
mob/moredain,mob/moredain/outfit/2.png,,missing
mob/moredain,mob/moredain/outfit/3.png,,missing
mob/moredain,mob/moredain/outfit/4.png,,missing
mob/nearHarad,mob/nearHarad/haradrim_female/0.png,,missing
mob/nearHarad,mob/nearHarad/haradrim_female/1.png,,missing
mob/nearHarad,mob/nearHarad/haradrim_female/2.png,,missing
mob/nearHarad,mob/nearHarad/haradrim_male/0.png,,missing
mob/nearHarad,mob/nearHarad/haradrim_male/1.png,,missing
mob/nearHarad,mob/nearHarad/haradrim_male/2.png,,missing
mob/nearHarad,mob/nearHarad/haradrim_male/3.png,,missing
mob/nearHarad,mob/nearHarad/haradrim_male/4.png,,missing
mob/nearHarad,mob/nearHarad/harnedorWarrior/0.png,,missing
mob/nearHarad,mob/nearHarad/harnedorWarrior/1.png,,missing
mob/nearHarad,mob/nearHarad/harnedorWarrior/2.png,,missing
mob/nearHarad,mob/nearHarad/harnedorWarrior/3.png,,missing
mob/nearHarad,mob/nearHarad/harnedorWarrior/4.png,,missing
mob/nearHarad,mob/nearHarad/harnedor_female/0.png,,missing
mob/nearHarad,mob/nearHarad/harnedor_female/1.png,,missing
mob/nearHarad,mob/nearHarad/harnedor_female/2.png,,missing
mob/nearHarad,mob/nearHarad/harnedor_male/0.png,,missing
mob/nearHarad,mob/nearHarad/harnedor_male/1.png,,missing
mob/nearHarad,mob/nearHarad/harnedor_male/2.png,,missing
mob/nearHarad,mob/nearHarad/harnedor_male/3.png,,missing
mob/nearHarad,mob/nearHarad/harnedor_male/4.png,,missing
mob/nearHarad,mob/nearHarad/harnedor_outfit/0.png,,missing
mob/nearHarad,mob/nearHarad/harnedor_outfit/1.png,,missing
mob/nearHarad,mob/nearHarad/harnedor_outfit/2.png,,missing
mob/nearHarad,mob/nearHarad/nomad_female/0.png,,missing
mob/nearHarad,mob/nearHarad/nomad_female/1.png,,missing
mob/nearHarad,mob/nearHarad/nomad_female/2.png,,missing
mob/nearHarad,mob/nearHarad/nomad_hat/0.png,,missing
mob/nearHarad,mob/nearHarad/nomad_hat/1.png,,missing
mob/nearHarad,mob/nearHarad/nomad_male/0.png,,missing
mob/nearHarad,mob/nearHarad/nomad_male/1.png,,missing
mob/nearHarad,mob/nearHarad/nomad_male/2.png,,missing
mob/nearHarad,mob/nearHarad/nomad_male/3.png,,missing
mob/nearHarad,mob/nearHarad/nomad_male/4.png,,missing
mob/nearHarad,mob/nearHarad/outfit_bartender.png,,missing
mob/nearHarad,mob/nearHarad/outfit_blacksmith.png,,missing
mob/nearHarad,mob/nearHarad/renegade_hood/0.png,,missing
mob/nearHarad,mob/nearHarad/slave/gondor_male/0.png,,missing
mob/nearHarad,mob/nearHarad/slave/gondor_male/1.png,,missing
mob/nearHarad,mob/nearHarad/slave/morwaith_male/0.png,,missing
mob/nearHarad,mob/nearHarad/slave/nearHarad_male/0.png,,missing
mob/nearHarad,mob/nearHarad/slave/nearHarad_male/1.png,,missing
mob/nearHarad,mob/nearHarad/slave/taurethrim_male/0.png,,missing
mob/nearHarad,mob/nearHarad/warlord.png,,missing
mob/nearHarad,mob/nearHarad/warrior/0.png,,missing
mob/nurn,mob/nurn/slave_female/0.png,,missing
mob/nurn,mob/nurn/slave_female/1.png,,missing
mob/nurn,mob/nurn/slave_female/2.png,,missing
mob/nurn,mob/nurn/slave_male/0.png,,missing
mob/nurn,mob/nurn/slave_male/1.png,,missing
mob/nurn,mob/nurn/slave_male/2.png,,missing
mob/nurn,mob/nurn/slave_male/3.png,,missing
mob/orc,mob/orc/blackUruk/0.png,,missing
mob/orc,mob/orc/blackUruk/1.png,,missing
mob/orc,mob/orc/blackUruk/2.png,,missing
mob/orc,mob/orc/orc/0.png,,missing
mob/orc,mob/orc/orc/1.png,,missing
mob/orc,mob/orc/orc/2.png,,missing
mob/orc,mob/orc/orc/3.png,,missing
mob/orc,mob/orc/orc/4.png,,missing
mob/orc,mob/orc/orc/5.png,,missing
mob/orc,mob/orc/orc/6.png,,missing
mob/orc,mob/orc/orc/7.png,,missing
mob/orc,mob/orc/urukHai/0.png,,missing
mob/orc,mob/orc/urukHai/1.png,,missing
mob/orc,mob/orc/urukHai/2.png,,missing
mob/rabbit,mob/rabbit/0.png,,missing
mob/rabbit,mob/rabbit/1.png,,missing
mob/rabbit,mob/rabbit/2.png,,missing
mob/rabbit,mob/rabbit/3.png,,missing
mob/rabbit,mob/rabbit/4.png,,missing
mob/ranger,mob/ranger/outfit_blacksmith.png,,missing
mob/ranger,mob/ranger/ranger_female/0.png,,missing
mob/ranger,mob/ranger/ranger_female/1.png,,missing
mob/ranger,mob/ranger/ranger_female/2.png,,missing
mob/ranger,mob/ranger/ranger_male/0.png,,missing
mob/ranger,mob/ranger/ranger_male/1.png,,missing
mob/ranger,mob/ranger/ranger_male/2.png,,missing
mob/ranger,mob/ranger/ranger_male/3.png,,missing
mob/ranger,mob/ranger/ranger_male/4.png,,missing
mob/rhino,mob/rhino/rhino.png,,missing
mob/rhino,mob/rhino/saddle.png,,missing
mob/rhun,mob/rhun/easterling_female/0.png,,missing
mob/rhun,mob/rhun/easterling_female/1.png,,missing
mob/rhun,mob/rhun/easterling_female/2.png,,missing
mob/rhun,mob/rhun/easterling_female/3.png,,missing
mob/rhun,mob/rhun/easterling_female/4.png,,missing
mob/rhun,mob/rhun/easterling_male/0.png,,missing
mob/rhun,mob/rhun/easterling_male/1.png,,missing
mob/rhun,mob/rhun/easterling_male/2.png,,missing
mob/rhun,mob/rhun/easterling_male/3.png,,missing
mob/rhun,mob/rhun/easterling_male/4.png,,missing
mob/rhun,mob/rhun/outfit_blacksmith.png,,missing
mob/rohan,mob/rohan/outfit_baker.png,,missing
mob/rohan,mob/rohan/outfit_blacksmith.png,,missing
mob/rohan,mob/rohan/outfit_brewer.png,,missing
mob/rohan,mob/rohan/outfit_builder.png,,missing
mob/rohan,mob/rohan/outfit_butcher.png,,missing
mob/rohan,mob/rohan/outfit_meadhost.png,,missing
mob/rohan,mob/rohan/outfit_orcharder.png,,missing
mob/rohan,mob/rohan/rohan_female/0.png,,missing
mob/rohan,mob/rohan/rohan_female/1.png,,missing
mob/rohan,mob/rohan/rohan_female/2.png,,missing
mob/rohan,mob/rohan/rohan_female/3.png,,missing
mob/rohan,mob/rohan/rohan_female/4.png,,missing
mob/rohan,mob/rohan/rohan_female/5.png,,missing
mob/rohan,mob/rohan/rohan_female/6.png,,missing
mob/rohan,mob/rohan/rohan_male/0.png,,missing
mob/rohan,mob/rohan/rohan_male/1.png,,missing
mob/rohan,mob/rohan/rohan_male/2.png,,missing
mob/rohan,mob/rohan/rohan_male/3.png,,missing
mob/rohan,mob/rohan/rohan_male/4.png,,missing
mob/rohan,mob/rohan/rohan_male/5.png,,missing
mob/rohan,mob/rohan/shieldmaiden/0.png,,missing
mob/rohan,mob/rohan/shieldmaiden/1.png,,missing
mob/rohan,mob/rohan/shieldmaiden/2.png,,missing
mob/rohan,mob/rohan/warrior/0.png,,missing
mob/rohan,mob/rohan/warrior/1.png,,missing
mob/rohan,mob/rohan/warrior/2.png,,missing
mob/rohan,mob/rohan/warrior/3.png,,missing
mob/rohan,mob/rohan/warrior/4.png,,missing
mob/rohan,mob/rohan/warrior/5.png,,missing
mob/scorpion,mob/scorpion/desert.png,,missing
mob/scorpion,mob/scorpion/jungle.png,,missing
mob/scrapTrader,mob/scrapTrader/0.png,,missing
mob/scrapTrader,mob/scrapTrader/1.png,,missing
mob/spider,mob/spider/spider_mirkwood.png,,missing
mob/spider,mob/spider/spider_mirkwoodPoison.png,,missing
mob/spider,mob/spider/spider_mirkwoodSlowness.png,,missing
mob/spider,mob/spider/spider_mordor.png,,missing
mob/spider,mob/spider/spider_utumnoIce.png,,missing
mob,mob/swan.png,,missing
mob/tauredain,mob/tauredain/outfit/0.png,,missing
mob/tauredain,mob/tauredain/outfit/1.png,,missing
mob/tauredain,mob/tauredain/outfit/2.png,,missing
mob/tauredain,mob/tauredain/outfit/3.png,,missing
mob/tauredain,mob/tauredain/shaman_outfit/0.png,,missing
mob/tauredain,mob/tauredain/tauredain_female/0.png,,missing
mob/tauredain,mob/tauredain/tauredain_female/1.png,,missing
mob/tauredain,mob/tauredain/tauredain_female/2.png,,missing
mob/tauredain,mob/tauredain/tauredain_male/0.png,,missing
mob/tauredain,mob/tauredain/tauredain_male/1.png,,missing
mob/tauredain,mob/tauredain/tauredain_male/2.png,,missing
mob/tauredain,mob/tauredain/tauredain_male/3.png,,missing
mob,mob/termite.png,,missing
mob/troll,mob/troll/mirkTroll/0.png,,missing
mob/troll,mob/troll/mirkTroll_armor/0.png,,missing
mob/troll,mob/troll/mountainTroll/0.png,,missing
mob/troll,mob/troll/mountainTrollChieftain_armor.png,,missing
mob/troll,mob/troll/ologHai/0.png,,missing
mob/troll,mob/troll/ologHai_armor/0.png,,missing
mob/troll,mob/troll/ologHai_armor/1.png,,missing
mob/troll,mob/troll/outfit_0.png,src/main/resources/assets/lotr/textures/entity/troll/outfit_0.png,ported
mob/troll,mob/troll/outfit_1.png,src/main/resources/assets/lotr/textures/entity/troll/outfit_1.png,ported
mob/troll,mob/troll/outfit_2.png,src/main/resources/assets/lotr/textures/entity/troll/outfit_2.png,ported
mob/troll,mob/troll/snowTroll/0.png,,missing
mob/troll,mob/troll/stone.png,src/main/resources/assets/lotr/textures/entity/troll/stone.png,ported
mob/troll,mob/troll/troll/0.png,,missing
mob/troll,mob/troll/utumno/0.png,,missing
mob/troll,mob/troll/utumno/1.png,,missing
mob/troll,mob/troll/utumno/2.png,,missing
mob/troll,mob/troll/utumno/3.png,,missing
mob/troll,mob/troll/weapons.png,,missing
mob/warg,mob/warg/black.png,,missing
mob/warg,mob/warg/brown.png,,missing
mob/warg,mob/warg/fire.png,,missing
mob/warg,mob/warg/grey.png,,missing
mob/warg,mob/warg/ice.png,,missing
mob/warg,mob/warg/obsidian.png,,missing
mob/warg,mob/warg/saddle.png,,missing
mob/warg,mob/warg/white.png,,missing
mob/whiteOryx,mob/whiteOryx/0.png,,missing
mob/whiteOryx,mob/whiteOryx/1.png,,missing
mob/whiteOryx,mob/whiteOryx/2.png,,missing
mob/wraith,mob/wraith/marshWraith.png,,missing
mob/wraith,mob/wraith/marshWraith_ball.png,,missing
mob,mob/zebra.png,,missing
shield,shield/achievement_bronze.png,,missing
shield,shield/achievement_gold.png,,missing
shield,shield/achievement_mithril.png,,missing
shield,shield/achievement_silver.png,,missing
shield,shield/alcoholic.png,,missing
shield,shield/alignment_angmar.png,,missing
shield,shield/alignment_black_uruk.png,,missing
shield,shield/alignment_blackroot_vale.png,,missing
shield,shield/alignment_blue_mountains.png,,missing
shield,shield/alignment_bree.png,,missing
shield,shield/alignment_corsair.png,,missing
shield,shield/alignment_dale.png,,missing
shield,shield/alignment_dol_amroth.png,,missing
shield,shield/alignment_dol_guldur.png,,missing
shield,shield/alignment_dorwinion.png,,missing
shield,shield/alignment_dorwinion_elf.png,,missing
shield,shield/alignment_dunland.png,,missing
shield,shield/alignment_dwarf.png,,missing
shield,shield/alignment_esgaroth.png,,missing
shield,shield/alignment_galadhrim.png,,missing
shield,shield/alignment_gondor.png,,missing
shield,shield/alignment_gulf.png,,missing
shield,shield/alignment_gundabad.png,,missing
shield,shield/alignment_half_troll.png,,missing
shield,shield/alignment_harnedor.png,,missing
shield,shield/alignment_high_elf.png,,missing
shield,shield/alignment_lamedon.png,,missing
shield,shield/alignment_lebennin.png,,missing
shield,shield/alignment_lossarnach.png,,missing
shield,shield/alignment_minas_morgul.png,,missing
shield,shield/alignment_mordor.png,,missing
shield,shield/alignment_moredain.png,,missing
shield,shield/alignment_near_harad.png,,missing
shield,shield/alignment_pelargir.png,,missing
shield,shield/alignment_pinnath_gelin.png,,missing
shield,shield/alignment_ranger.png,,missing
shield,shield/alignment_rhun.png,,missing
shield,shield/alignment_rivendell.png,,missing
shield,shield/alignment_rohan.png,,missing
shield,shield/alignment_tauredain.png,,missing
shield,shield/alignment_umbar.png,,missing
shield,shield/alignment_uruk_hai.png,,missing
shield,shield/alignment_wood_elf.png,,missing
shield,shield/boyd.png,,missing
shield,shield/defeat_mallorn_ent.png,,missing
shield,shield/defeat_mtc.png,,missing
shield,shield/electrician.png,,missing
shield,shield/elven_contest.png,,missing
shield,shield/evil_contest.png,,missing
shield,shield/gondor_contest.png,,missing
shield,shield/gruk.png,,missing
shield,shield/harad_contest.png,,missing
shield,shield/loremaster_2013.png,,missing
shield,shield/loremaster_2014.png,,missing
shield,shield/loremaster_2015.png,,missing
shield,shield/loremaster_2016.png,,missing
shield,shield/mod.png,,missing
shield,shield/ogre.png,,missing
shield,shield/patron.png,,missing
shield,shield/renewed_contest.png,,missing
shield,shield/rhun_contest.png,,missing
shield,shield/shire_contest.png,,missing
shield,shield/structure_contest.png,,missing
shield,shield/translator.png,,missing
sky,sky/clouds.png,,missing
sky,sky/earendil.png,,missing
sky,sky/moon.png,,missing
sky/night,sky/night/0.png,,missing
sky/night,sky/night/1.png,,missing
sky/night,sky/night/2.png,,missing
sky,sky/sun.png,,missing
sounds/ambient,sounds/ambient/terrain/sea1.ogg,,missing
sounds/ambient,sounds/ambient/terrain/sea2.ogg,,missing
sounds/ambient,sounds/ambient/terrain/sea3.ogg,,missing
sounds/ambient,sounds/ambient/weather/rain1.ogg,,missing
sounds/ambient,sounds/ambient/weather/rain2.ogg,,missing
sounds/ambient,sounds/ambient/weather/rain3.ogg,,missing
sounds/ambient,sounds/ambient/weather/thunder1.ogg,,missing
sounds/ambient,sounds/ambient/weather/thunder2.ogg,,missing
sounds/ambient,sounds/ambient/weather/thunder3.ogg,,missing
sounds/ambient,sounds/ambient/weather/wind1.ogg,,missing
sounds/ambient,sounds/ambient/weather/wind2.ogg,,missing
sounds/ambient,sounds/ambient/weather/wind3.ogg,,missing
sounds/aurochs,sounds/aurochs/death.ogg,,missing
sounds/aurochs,sounds/aurochs/hurt1.ogg,,missing
sounds/aurochs,sounds/aurochs/say1.ogg,,missing
sounds/aurochs,sounds/aurochs/say2.ogg,,missing
sounds/aurochs,sounds/aurochs/say3.ogg,,missing
sounds/bear,sounds/bear/death.ogg,,missing
sounds/bear,sounds/bear/hurt1.ogg,,missing
sounds/bear,sounds/bear/hurt2.ogg,,missing
sounds/bear,sounds/bear/say1.ogg,,missing
sounds/bear,sounds/bear/say2.ogg,,missing
sounds/bird,sounds/bird/crow/hurt1.ogg,,missing
sounds/bird,sounds/bird/crow/hurt2.ogg,,missing
sounds/bird,sounds/bird/crow/say1.ogg,,missing
sounds/bird,sounds/bird/crow/say2.ogg,,missing
sounds/bird,sounds/bird/crow/say3.ogg,,missing
sounds/bird,sounds/bird/hurt1.ogg,,missing
sounds/bird,sounds/bird/say1.ogg,,missing
sounds/bird,sounds/bird/say10.ogg,,missing
sounds/bird,sounds/bird/say11.ogg,,missing
sounds/bird,sounds/bird/say12.ogg,,missing
sounds/bird,sounds/bird/say13.ogg,,missing
sounds/bird,sounds/bird/say14.ogg,,missing
sounds/bird,sounds/bird/say15.ogg,,missing
sounds/bird,sounds/bird/say2.ogg,,missing
sounds/bird,sounds/bird/say3.ogg,,missing
sounds/bird,sounds/bird/say4.ogg,,missing
sounds/bird,sounds/bird/say5.ogg,,missing
sounds/bird,sounds/bird/say6.ogg,,missing
sounds/bird,sounds/bird/say7.ogg,,missing
sounds/bird,sounds/bird/say8.ogg,,missing
sounds/bird,sounds/bird/say9.ogg,,missing
sounds/bird,sounds/bird/seagull/hurt1.ogg,,missing
sounds/bird,sounds/bird/seagull/say1.ogg,,missing
sounds/bird,sounds/bird/seagull/say2.ogg,,missing
sounds/bird,sounds/bird/seagull/say3.ogg,,missing
sounds/block,sounds/block/gate/close.ogg,src/main/resources/assets/lotr/sounds/block/gate/close.ogg,ported
sounds/block,sounds/block/gate/open.ogg,src/main/resources/assets/lotr/sounds/block/gate/open.ogg,ported
sounds/block,sounds/block/gate/stone_close.ogg,src/main/resources/assets/lotr/sounds/block/gate/stone_close.ogg,ported
sounds/block,sounds/block/gate/stone_open.ogg,src/main/resources/assets/lotr/sounds/block/gate/stone_open.ogg,ported
sounds/block,sounds/block/plate/break.ogg,src/main/resources/assets/lotr/sounds/block/plate/break.ogg,ported
sounds/block,sounds/block/treasure/break1.ogg,src/main/resources/assets/lotr/sounds/block/treasure/break1.ogg,ported
sounds/block,sounds/block/treasure/break2.ogg,src/main/resources/assets/lotr/sounds/block/treasure/break2.ogg,ported
sounds/block,sounds/block/treasure/break3.ogg,src/main/resources/assets/lotr/sounds/block/treasure/break3.ogg,ported
sounds/block,sounds/block/treasure/place1.ogg,src/main/resources/assets/lotr/sounds/block/treasure/place1.ogg,ported
sounds/block,sounds/block/treasure/step1.ogg,src/main/resources/assets/lotr/sounds/block/treasure/step1.ogg,ported
sounds/block,sounds/block/treasure/step2.ogg,src/main/resources/assets/lotr/sounds/block/treasure/step2.ogg,ported
sounds/block,sounds/block/treasure/step3.ogg,src/main/resources/assets/lotr/sounds/block/treasure/step3.ogg,ported
sounds/crocodile,sounds/crocodile/death.ogg,,missing
sounds/crocodile,sounds/crocodile/say.ogg,,missing
sounds/crocodile,sounds/crocodile/snap.ogg,,missing
sounds/deer,sounds/deer/death.ogg,,missing
sounds/deer,sounds/deer/hurt.ogg,,missing
sounds/deer,sounds/deer/say1.ogg,,missing
sounds/deer,sounds/deer/say2.ogg,,missing
sounds/dwarf,sounds/dwarf/attack.ogg,,missing
sounds/dwarf,sounds/dwarf/hurt.ogg,,missing
sounds/dwarf,sounds/dwarf/kill1.ogg,,missing
sounds/dwarf,sounds/dwarf/kill2.ogg,,missing
sounds/elf,sounds/elf/male/attack.ogg,,missing
sounds/elf,sounds/elf/male/say1.ogg,,missing
sounds/elf,sounds/elf/male/say2.ogg,,missing
sounds/elf,sounds/elf/woodElf_teleport.ogg,,missing
sounds/elk,sounds/elk/death.ogg,,missing
sounds/elk,sounds/elk/hurt.ogg,,missing
sounds/elk,sounds/elk/say1.ogg,,missing
sounds/elk,sounds/elk/say2.ogg,,missing
sounds/ent,sounds/ent/mallorn/leafAttack.ogg,,missing
sounds/ent,sounds/ent/mallorn/summonEnt.ogg,,missing
sounds/ent,sounds/ent/step.ogg,,missing
sounds/event,sounds/event/fastTravel.ogg,,missing
sounds/event,sounds/event/pledge.ogg,,missing
sounds/event,sounds/event/trade1.ogg,,missing
sounds/event,sounds/event/trade2.ogg,,missing
sounds/event,sounds/event/trade3.ogg,,missing
sounds/event,sounds/event/trade4.ogg,,missing
sounds/event,sounds/event/unpledge.ogg,,missing
sounds/flamingo,sounds/flamingo/death.ogg,,missing
sounds/flamingo,sounds/flamingo/hurt1.ogg,,missing
sounds/flamingo,sounds/flamingo/hurt2.ogg,,missing
sounds/flamingo,sounds/flamingo/say1.ogg,,missing
sounds/flamingo,sounds/flamingo/say2.ogg,,missing
sounds/gollum,sounds/gollum/death.ogg,,missing
sounds/gollum,sounds/gollum/hurt1.ogg,,missing
sounds/gollum,sounds/gollum/hurt2.ogg,,missing
sounds/gollum,sounds/gollum/say1.ogg,,missing
sounds/gollum,sounds/gollum/say2.ogg,,missing
sounds/halfTroll,sounds/halfTroll/death.ogg,,missing
sounds/halfTroll,sounds/halfTroll/hurt1.ogg,,missing
sounds/halfTroll,sounds/halfTroll/hurt2.ogg,,missing
sounds/halfTroll,sounds/halfTroll/say1.ogg,,missing
sounds/halfTroll,sounds/halfTroll/say2.ogg,,missing
sounds/item,sounds/item/balrogWhip.ogg,src/main/resources/assets/lotr/sounds/item/balrog_whip.ogg,ported
sounds/item,sounds/item/crossbow.ogg,,missing
sounds/item,sounds/item/crossbowLoad.ogg,,missing
sounds/item,sounds/item/dart1.ogg,src/main/resources/assets/lotr/sounds/item/dart1.ogg,ported
sounds/item,sounds/item/dart2.ogg,src/main/resources/assets/lotr/sounds/item/dart2.ogg,ported
sounds/item,sounds/item/dart3.ogg,src/main/resources/assets/lotr/sounds/item/dart3.ogg,ported
sounds/item,sounds/item/gandalfFireball.ogg,src/main/resources/assets/lotr/sounds/item/gandalf_fireball.ogg,ported
sounds/item,sounds/item/horn.ogg,src/main/resources/assets/lotr/sounds/item/horn.ogg,ported
sounds/item,sounds/item/maceSauron.ogg,src/main/resources/assets/lotr/sounds/item/mace_sauron.ogg,ported
sounds/item,sounds/item/mug_fill.ogg,src/main/resources/assets/lotr/sounds/item/mug_fill.ogg,ported
sounds/item,sounds/item/puff.ogg,,missing
sounds/item,sounds/item/structureSpawner.ogg,,missing
sounds/lion,sounds/lion/death.ogg,,missing
sounds/lion,sounds/lion/hurt.ogg,,missing
sounds/lion,sounds/lion/say.ogg,,missing
sounds/midges,sounds/midges/swarm1.ogg,,missing
sounds/midges,sounds/midges/swarm2.ogg,,missing
sounds/midges,sounds/midges/swarm3.ogg,,missing
sounds/misc,sounds/misc/heyguys.ogg,,missing
sounds/music,sounds/music/jazzelf.ogg,,missing
sounds/orc,sounds/orc/death.ogg,,missing
sounds/orc,sounds/orc/fire.ogg,,missing
sounds/orc,sounds/orc/hurt1.ogg,,missing
sounds/orc,sounds/orc/hurt2.ogg,,missing
sounds/orc,sounds/orc/say.ogg,,missing
sounds/rabbit,sounds/rabbit/death1.ogg,,missing
sounds/rabbit,sounds/rabbit/flee1.ogg,,missing
sounds/rabbit,sounds/rabbit/flee2.ogg,,missing
sounds/rabbit,sounds/rabbit/hurt1.ogg,,missing
sounds/rabbit,sounds/rabbit/hurt2.ogg,,missing
sounds/rhino,sounds/rhino/death.ogg,,missing
sounds/rhino,sounds/rhino/hurt.ogg,,missing
sounds/rhino,sounds/rhino/say.ogg,,missing
sounds/swan,sounds/swan/hiss.ogg,,missing
sounds/troll,sounds/troll/ologHai_hammer.ogg,,missing
sounds/troll,sounds/troll/rockSmash.ogg,,missing
sounds/troll,sounds/troll/say.ogg,,missing
sounds/troll,sounds/troll/sneeze.ogg,,missing
sounds/troll,sounds/troll/sniff.ogg,,missing
sounds/troll,sounds/troll/step.ogg,,missing
sounds/troll,sounds/troll/transform.ogg,,missing
sounds/warg,sounds/warg/attack1.ogg,,missing
sounds/warg,sounds/warg/attack2.ogg,,missing
sounds/warg,sounds/warg/attack3.ogg,,missing
sounds/warg,sounds/warg/death1.ogg,,missing
sounds/warg,sounds/warg/death2.ogg,,missing
sounds/warg,sounds/warg/death3.ogg,,missing
sounds/warg,sounds/warg/death4.ogg,,missing
sounds/warg,sounds/warg/hurt1.ogg,,missing
sounds/warg,sounds/warg/hurt2.ogg,,missing
sounds/warg,sounds/warg/hurt3.ogg,,missing
sounds/warg,sounds/warg/hurt4.ogg,,missing
sounds/warg,sounds/warg/say1.ogg,,missing
sounds/warg,sounds/warg/say2.ogg,,missing
sounds/warg,sounds/warg/say3.ogg,,missing
sounds/warg,sounds/warg/say4.ogg,,missing
sounds/warg,sounds/warg/say5.ogg,,missing
sounds/warg,sounds/warg/say6.ogg,,missing
sounds/warg,sounds/warg/say7.ogg,,missing
sounds/wight,sounds/wight/death1.ogg,,missing
sounds/wight,sounds/wight/death2.ogg,,missing
sounds/wight,sounds/wight/death3.ogg,,missing
sounds/wight,sounds/wight/hurt1.ogg,,missing
sounds/wight,sounds/wight/hurt2.ogg,,missing
sounds/wight,sounds/wight/hurt3.ogg,,missing
sounds/wight,sounds/wight/hurt4.ogg,,missing
sounds/wight,sounds/wight/noise1.ogg,,missing
sounds/wight,sounds/wight/noise2.ogg,,missing
sounds/wight,sounds/wight/noise3.ogg,,missing
sounds/wight,sounds/wight/noise4.ogg,,missing
sounds/wight,sounds/wight/noise5.ogg,,missing
sounds/wight,sounds/wight/scream1.ogg,,missing
sounds/wight,sounds/wight/scream2.ogg,,missing
sounds/wight,sounds/wight/voice1.ogg,,missing
sounds/wight,sounds/wight/voice2.ogg,,missing
sounds/wight,sounds/wight/voice3.ogg,,missing
sounds/wight,sounds/wight/voice4.ogg,,missing
sounds/wight,sounds/wight/voice5.ogg,,missing
sounds/wight,sounds/wight/voice6.ogg,,missing
sounds/wight,sounds/wight/voice7.ogg,,missing
sounds/wight,sounds/wight/voice8.ogg,,missing
sounds/wight,sounds/wight/whisper1.ogg,,missing
sounds/wraith,sounds/wraith/marshWraith_shoot.ogg,,missing
sounds/wraith,sounds/wraith/spawn.ogg,,missing
sounds/zebra,sounds/zebra/death.ogg,,missing
sounds/zebra,sounds/zebra/hurt.ogg,,missing
sounds/zebra,sounds/zebra/say.ogg,,missing
textures/blocks,textures/blocks/Gravel.png,,missing
textures/blocks,textures/blocks/alloyForge_active.png,src/main/resources/assets/lotr/textures/block/alloy_forge_front_on.png,ported
textures/blocks,textures/blocks/alloyForge_front.png,src/main/resources/assets/lotr/textures/block/alloy_forge_front.png,ported
textures/blocks,textures/blocks/alloyForge_side.png,src/main/resources/assets/lotr/textures/block/alloy_forge_side.png,ported
textures/blocks,textures/blocks/alloyForge_top.png,src/main/resources/assets/lotr/textures/block/alloy_forge_top.png,ported
textures/blocks,textures/blocks/angmarCraftingTable_side.png,src/main/resources/assets/lotr/textures/block/angmar_crafting_table_side.png,ported
textures/blocks,textures/blocks/angmarCraftingTable_top.png,src/main/resources/assets/lotr/textures/block/angmar_crafting_table_top.png,ported
textures/blocks,textures/blocks/appleCrumble_bottom.png,src/main/resources/assets/lotr/textures/block/apple_crumble_bottom.png,ported
textures/blocks,textures/blocks/appleCrumble_inner.png,src/main/resources/assets/lotr/textures/block/apple_crumble_inner.png,ported
textures/blocks,textures/blocks/appleCrumble_side.png,src/main/resources/assets/lotr/textures/block/apple_crumble_side.png,ported
textures/blocks,textures/blocks/appleCrumble_top.png,src/main/resources/assets/lotr/textures/block/apple_crumble_top.png,ported
textures/blocks,textures/blocks/aridGrass.png,src/main/resources/assets/lotr/textures/block/arid_grass.png,ported
textures/blocks,textures/blocks/asphodel.png,src/main/resources/assets/lotr/textures/block/asphodel.png,ported
textures/blocks,textures/blocks/athelas.png,src/main/resources/assets/lotr/textures/item/athelas.png src/main/resources/assets/lotr/textures/block/athelas.png,ported
textures/blocks,textures/blocks/bananaCake_bottom.png,src/main/resources/assets/lotr/textures/block/banana_cake_bottom.png,ported
textures/blocks,textures/blocks/bananaCake_inner.png,src/main/resources/assets/lotr/textures/block/banana_cake_inner.png,ported
textures/blocks,textures/blocks/bananaCake_side.png,src/main/resources/assets/lotr/textures/block/banana_cake_side.png,ported
textures/blocks,textures/blocks/bananaCake_top.png,src/main/resources/assets/lotr/textures/block/banana_cake_top.png,ported
textures/blocks,textures/blocks/banana_bottom.png,src/main/resources/assets/lotr/textures/block/banana_block_bottom.png,ported
textures/blocks,textures/blocks/banana_side.png,src/main/resources/assets/lotr/textures/block/banana_block_side.png,ported
textures/blocks,textures/blocks/banana_top.png,src/main/resources/assets/lotr/textures/block/banana_block_top.png,ported
textures/blocks,textures/blocks/barrel_side.png,src/main/resources/assets/lotr/textures/block/barrel_side.png,ported
textures/blocks,textures/blocks/barrel_tap.png,src/main/resources/assets/lotr/textures/block/barrel_tap.png,ported
textures/blocks,textures/blocks/barrel_top.png,src/main/resources/assets/lotr/textures/block/barrel_top.png,ported
textures/blocks,textures/blocks/berryBush_blackberry.png,src/main/resources/assets/lotr/textures/block/berry_bush_blackberry.png,ported
textures/blocks,textures/blocks/berryBush_blackberry_bare.png,src/main/resources/assets/lotr/textures/block/berry_bush_blackberry_bare.png,ported
textures/blocks,textures/blocks/berryBush_blueberry.png,src/main/resources/assets/lotr/textures/block/berry_bush_blueberry.png,ported
textures/blocks,textures/blocks/berryBush_blueberry_bare.png,src/main/resources/assets/lotr/textures/block/berry_bush_blueberry_bare.png,ported
textures/blocks,textures/blocks/berryBush_cranberry.png,src/main/resources/assets/lotr/textures/block/berry_bush_cranberry.png,ported
textures/blocks,textures/blocks/berryBush_cranberry_bare.png,src/main/resources/assets/lotr/textures/block/berry_bush_cranberry_bare.png,ported
textures/blocks,textures/blocks/berryBush_elderberry.png,src/main/resources/assets/lotr/textures/block/berry_bush_elderberry.png,ported
textures/blocks,textures/blocks/berryBush_elderberry_bare.png,src/main/resources/assets/lotr/textures/block/berry_bush_elderberry_bare.png,ported
textures/blocks,textures/blocks/berryBush_raspberry.png,src/main/resources/assets/lotr/textures/block/berry_bush_raspberry.png,ported
textures/blocks,textures/blocks/berryBush_raspberry_bare.png,src/main/resources/assets/lotr/textures/block/berry_bush_raspberry_bare.png,ported
textures/blocks,textures/blocks/berryBush_wildberry.png,src/main/resources/assets/lotr/textures/block/berry_bush_wildberry.png,ported
textures/blocks,textures/blocks/berryBush_wildberry_bare.png,src/main/resources/assets/lotr/textures/block/berry_bush_wildberry_bare.png,ported
textures/blocks,textures/blocks/berryPie_bottom.png,src/main/resources/assets/lotr/textures/block/berry_pie_bottom.png src/main/resources/assets/lotr/textures/block/cherry_pie_bottom.png,ported
textures/blocks,textures/blocks/berryPie_inner.png,src/main/resources/assets/lotr/textures/block/berry_pie_inner.png,ported
textures/blocks,textures/blocks/berryPie_side.png,src/main/resources/assets/lotr/textures/block/berry_pie_side.png,ported
textures/blocks,textures/blocks/berryPie_top.png,src/main/resources/assets/lotr/textures/block/berry_pie_top.png,ported
textures/blocks,textures/blocks/birdCageWood_wood_base.png,src/main/resources/assets/lotr/textures/block/wooden_bird_cage_base.png,ported
textures/blocks,textures/blocks/birdCageWood_wood_side.png,src/main/resources/assets/lotr/textures/block/wooden_bird_cage_side.png,ported
textures/blocks,textures/blocks/birdCageWood_wood_top.png,src/main/resources/assets/lotr/textures/block/wooden_bird_cage_top.png,ported
textures/blocks,textures/blocks/birdCage_bronze_base.png,src/main/resources/assets/lotr/textures/block/bronze_bird_cage_base.png,ported
textures/blocks,textures/blocks/birdCage_bronze_side.png,src/main/resources/assets/lotr/textures/block/bronze_bird_cage_side.png,ported
textures/blocks,textures/blocks/birdCage_bronze_top.png,src/main/resources/assets/lotr/textures/block/bronze_bird_cage_top.png,ported
textures/blocks,textures/blocks/birdCage_gold_base.png,src/main/resources/assets/lotr/textures/block/gold_bird_cage_base.png,ported
textures/blocks,textures/blocks/birdCage_gold_side.png,src/main/resources/assets/lotr/textures/block/gold_bird_cage_side.png,ported
textures/blocks,textures/blocks/birdCage_gold_top.png,src/main/resources/assets/lotr/textures/block/gold_bird_cage_top.png,ported
textures/blocks,textures/blocks/birdCage_iron_base.png,src/main/resources/assets/lotr/textures/block/iron_bird_cage_base.png,ported
textures/blocks,textures/blocks/birdCage_iron_side.png,src/main/resources/assets/lotr/textures/block/iron_bird_cage_side.png,ported
textures/blocks,textures/blocks/birdCage_iron_top.png,src/main/resources/assets/lotr/textures/block/iron_bird_cage_top.png,ported
textures/blocks,textures/blocks/birdCage_silver_base.png,src/main/resources/assets/lotr/textures/block/silver_bird_cage_base.png,ported
textures/blocks,textures/blocks/birdCage_silver_side.png,src/main/resources/assets/lotr/textures/block/silver_bird_cage_side.png,ported
textures/blocks,textures/blocks/birdCage_silver_top.png,src/main/resources/assets/lotr/textures/block/silver_bird_cage_top.png,ported
textures/blocks,textures/blocks/birdCage_wood_base.png,,missing
textures/blocks,textures/blocks/blackroot.png,src/main/resources/assets/lotr/textures/block/blackroot.png,ported
textures/blocks,textures/blocks/blockGem_amber.png,src/main/resources/assets/lotr/textures/block/amber_block.png,ported
textures/blocks,textures/blocks/blockGem_amethyst.png,src/main/resources/assets/lotr/textures/block/amethyst_block.png,ported
textures/blocks,textures/blocks/blockGem_coral.png,src/main/resources/assets/lotr/textures/block/coral_block.png,ported
textures/blocks,textures/blocks/blockGem_diamond.png,src/main/resources/assets/lotr/textures/block/diamond_block.png,ported
textures/blocks,textures/blocks/blockGem_emerald.png,src/main/resources/assets/lotr/textures/block/emerald_block.png,ported
textures/blocks,textures/blocks/blockGem_opal.png,src/main/resources/assets/lotr/textures/block/opal_block.png,ported
textures/blocks,textures/blocks/blockGem_pearl.png,src/main/resources/assets/lotr/textures/block/pearl_block.png,ported
textures/blocks,textures/blocks/blockGem_ruby.png,src/main/resources/assets/lotr/textures/block/ruby_block.png,ported
textures/blocks,textures/blocks/blockGem_sapphire.png,src/main/resources/assets/lotr/textures/block/sapphire_block.png,ported
textures/blocks,textures/blocks/blockGem_topaz.png,src/main/resources/assets/lotr/textures/block/topaz_block.png,ported
textures/blocks,textures/blocks/blueDwarfBars.png,src/main/resources/assets/lotr/textures/block/blue_dwarf_bars.png,ported
textures/blocks,textures/blocks/blueDwarvenCraftingTable_side0.png,src/main/resources/assets/lotr/textures/block/blue_dwarven_crafting_table_side.png,ported
textures/blocks,textures/blocks/blueDwarvenCraftingTable_side1.png,,missing
textures/blocks,textures/blocks/blueDwarvenCraftingTable_top.png,src/main/resources/assets/lotr/textures/block/blue_dwarven_crafting_table_top.png,ported
textures/blocks,textures/blocks/bluebell.png,src/main/resources/assets/lotr/textures/block/bluebell.png,ported
textures/blocks,textures/blocks/boneBlock.png,,missing
textures/blocks,textures/blocks/breeCraftingTable_side0.png,src/main/resources/assets/lotr/textures/block/bree_crafting_table_side.png,ported
textures/blocks,textures/blocks/breeCraftingTable_side1.png,,missing
textures/blocks,textures/blocks/breeCraftingTable_top.png,src/main/resources/assets/lotr/textures/block/bree_crafting_table_top.png,ported
textures/blocks,textures/blocks/brick2_angmar.png,src/main/resources/assets/lotr/textures/block/angmar_brick.png,ported
textures/blocks,textures/blocks/brick2_angmarCracked.png,src/main/resources/assets/lotr/textures/block/cracked_angmar_brick.png,ported
textures/blocks,textures/blocks/brick2_arnor.png,src/main/resources/assets/lotr/textures/block/arnor_brick.png,ported
textures/blocks,textures/blocks/brick2_arnorCarved.png,src/main/resources/assets/lotr/textures/block/carved_arnor_brick.png,ported
textures/blocks,textures/blocks/brick2_arnorCracked.png,src/main/resources/assets/lotr/textures/block/cracked_arnor_brick.png,ported
textures/blocks,textures/blocks/brick2_arnorMossy.png,src/main/resources/assets/lotr/textures/block/mossy_arnor_brick.png,ported
textures/blocks,textures/blocks/brick2_blackGondor.png,src/main/resources/assets/lotr/textures/block/numenorean_brick.png,ported
textures/blocks,textures/blocks/brick2_dolGuldur.png,src/main/resources/assets/lotr/textures/block/dol_guldur_brick.png,ported
textures/blocks,textures/blocks/brick2_dolGuldurCracked.png,src/main/resources/assets/lotr/textures/block/cracked_dol_guldur_brick.png,ported
textures/blocks,textures/blocks/brick2_dwarvenCarved.png,src/main/resources/assets/lotr/textures/block/carved_dwarven_brick.png,ported
textures/blocks,textures/blocks/brick2_galadhrimCarved.png,src/main/resources/assets/lotr/textures/block/carved_galadhrim_brick.png,ported
textures/blocks,textures/blocks/brick2_highElvenCarved.png,src/main/resources/assets/lotr/textures/block/carved_high_elven_brick.png,ported
textures/blocks,textures/blocks/brick2_mordorCarved.png,src/main/resources/assets/lotr/textures/block/carved_mordor_brick.png,ported
textures/blocks,textures/blocks/brick2_redRock.png,src/main/resources/assets/lotr/textures/block/red_rock_brick.png,ported
textures/blocks,textures/blocks/brick2_uruk.png,src/main/resources/assets/lotr/textures/block/uruk_brick.png,ported
textures/blocks,textures/blocks/brick2_woodElvenCarved.png,src/main/resources/assets/lotr/textures/block/carved_wood_elven_brick.png,ported
textures/blocks,textures/blocks/brick3_blueCarved.png,src/main/resources/assets/lotr/textures/block/blue_carved_brick.png,ported
textures/blocks,textures/blocks/brick3_dolAmroth.png,src/main/resources/assets/lotr/textures/block/dol_amroth_brick.png,ported
textures/blocks,textures/blocks/brick3_dwarvenGlowing.png,src/main/resources/assets/lotr/textures/block/glowing_dwarven_brick.png,ported
textures/blocks,textures/blocks/brick3_highElven.png,src/main/resources/assets/lotr/textures/block/high_elven_brick.png,ported
textures/blocks,textures/blocks/brick3_highElvenCracked.png,src/main/resources/assets/lotr/textures/block/cracked_high_elven_brick.png,ported
textures/blocks,textures/blocks/brick3_highElvenMossy.png,src/main/resources/assets/lotr/textures/block/mossy_high_elven_brick.png,ported
textures/blocks,textures/blocks/brick3_moredain.png,src/main/resources/assets/lotr/textures/block/morwaith_brick.png,ported
textures/blocks,textures/blocks/brick3_nearHaradCarved.png,src/main/resources/assets/lotr/textures/block/near_harad_carved_brick.png,ported
textures/blocks,textures/blocks/brick3_nearHaradCracked.png,src/main/resources/assets/lotr/textures/block/near_harad_cracked_brick.png,ported
textures/blocks,textures/blocks/brick3_nearHaradRed.png,src/main/resources/assets/lotr/textures/block/near_harad_red_brick.png,ported
textures/blocks,textures/blocks/brick3_nearHaradRedCarved.png,src/main/resources/assets/lotr/textures/block/near_harad_red_carved_brick.png,ported
textures/blocks,textures/blocks/brick3_nearHaradRedCracked.png,src/main/resources/assets/lotr/textures/block/near_harad_red_cracked_brick.png,ported
textures/blocks,textures/blocks/brick3_redCarved.png,src/main/resources/assets/lotr/textures/block/red_carved_brick.png,ported
textures/blocks,textures/blocks/brick3_woodElven.png,src/main/resources/assets/lotr/textures/block/wood_elven_brick.png,ported
textures/blocks,textures/blocks/brick3_woodElvenCracked.png,src/main/resources/assets/lotr/textures/block/cracked_wood_elven_brick.png,ported
textures/blocks,textures/blocks/brick3_woodElvenMossy.png,src/main/resources/assets/lotr/textures/block/mossy_wood_elven_brick.png,ported
textures/blocks,textures/blocks/brick4_blackGondorCarved.png,src/main/resources/assets/lotr/textures/block/carved_numenorean_brick.png,ported
textures/blocks,textures/blocks/brick4_chalk.png,src/main/resources/assets/lotr/textures/block/chalk_brick.png,ported
textures/blocks,textures/blocks/brick4_dwarvenCracked.png,src/main/resources/assets/lotr/textures/block/cracked_dwarven_brick.png,ported
textures/blocks,textures/blocks/brick4_dwarvenObsidian.png,src/main/resources/assets/lotr/textures/block/obsidian_dwarven_brick.png,ported
textures/blocks,textures/blocks/brick4_galadhrimGold.png,src/main/resources/assets/lotr/textures/block/galadhrim_gold_brick.png,ported
textures/blocks,textures/blocks/brick4_galadhrimSilver.png,src/main/resources/assets/lotr/textures/block/galadhrim_silver_brick.png,ported
textures/blocks,textures/blocks/brick4_highElvenGold.png,src/main/resources/assets/lotr/textures/block/high_elven_gold_brick.png,ported
textures/blocks,textures/blocks/brick4_highElvenSilver.png,src/main/resources/assets/lotr/textures/block/high_elven_silver_brick.png,ported
textures/blocks,textures/blocks/brick4_nearHaradLapis.png,src/main/resources/assets/lotr/textures/block/near_harad_lapis_brick.png,ported
textures/blocks,textures/blocks/brick4_tauredain.png,src/main/resources/assets/lotr/textures/block/tauredain_brick.png,ported
textures/blocks,textures/blocks/brick4_tauredainCracked.png,src/main/resources/assets/lotr/textures/block/tauredain_cracked_brick.png,ported
textures/blocks,textures/blocks/brick4_tauredainGold.png,src/main/resources/assets/lotr/textures/block/tauredain_gold_brick.png,ported
textures/blocks,textures/blocks/brick4_tauredainMossy.png,src/main/resources/assets/lotr/textures/block/tauredain_mossy_brick.png,ported
textures/blocks,textures/blocks/brick4_tauredainObsidian.png,src/main/resources/assets/lotr/textures/block/tauredain_obsidian_brick.png,ported
textures/blocks,textures/blocks/brick4_woodElvenGold.png,src/main/resources/assets/lotr/textures/block/wood_elven_gold_brick.png,ported
textures/blocks,textures/blocks/brick4_woodElvenSilver.png,src/main/resources/assets/lotr/textures/block/wood_elven_silver_brick.png,ported
textures/blocks,textures/blocks/brick5_dale.png,src/main/resources/assets/lotr/textures/block/dale_brick.png,ported
textures/blocks,textures/blocks/brick5_dorwinion.png,src/main/resources/assets/lotr/textures/block/dorwinion_brick.png,ported
textures/blocks,textures/blocks/brick5_dorwinionCarved.png,src/main/resources/assets/lotr/textures/block/carved_dorwinion_brick.png,ported
textures/blocks,textures/blocks/brick5_dorwinionCracked.png,src/main/resources/assets/lotr/textures/block/cracked_dorwinion_brick.png,ported
textures/blocks,textures/blocks/brick5_dorwinionFlowers.png,src/main/resources/assets/lotr/textures/block/dorwinion_flowers_brick.png,ported
textures/blocks,textures/blocks/brick5_dorwinionMossy.png,src/main/resources/assets/lotr/textures/block/mossy_dorwinion_brick.png,ported
textures/blocks,textures/blocks/brick5_gondorRustic.png,src/main/resources/assets/lotr/textures/block/gondor_cobblebrick.png src/main/resources/assets/lotr/textures/block/mossy_gondor_cobblebrick.png,ported
textures/blocks,textures/blocks/brick5_gondorRusticCracked.png,src/main/resources/assets/lotr/textures/block/cracked_gondor_cobblebrick.png,ported
textures/blocks,textures/blocks/brick5_gondorRusticMossy.png,,missing
textures/blocks,textures/blocks/brick5_gondorRustic_00.png,,missing
textures/blocks,textures/blocks/brick5_gondorRustic_01.png,,missing
textures/blocks,textures/blocks/brick5_gondorRustic_10.png,,missing
textures/blocks,textures/blocks/brick5_gondorRustic_11.png,,missing
textures/blocks,textures/blocks/brick5_mud.png,src/main/resources/assets/lotr/textures/block/mud_brick.png,ported
textures/blocks,textures/blocks/brick5_rhun.png,src/main/resources/assets/lotr/textures/block/rhun_brick.png,ported
textures/blocks,textures/blocks/brick5_rhunCarved.png,src/main/resources/assets/lotr/textures/block/rhun_carved_brick.png,ported
textures/blocks,textures/blocks/brick5_rhunCracked.png,src/main/resources/assets/lotr/textures/block/rhun_cracked_brick.png,ported
textures/blocks,textures/blocks/brick5_rhunFlowers.png,src/main/resources/assets/lotr/textures/block/rhun_flowers_brick.png,ported
textures/blocks,textures/blocks/brick5_rhunMossy.png,src/main/resources/assets/lotr/textures/block/rhun_mossy_brick.png,ported
textures/blocks,textures/blocks/brick5_rohanCarved.png,src/main/resources/assets/lotr/textures/block/carved_rohan_brick.png,ported
textures/blocks,textures/blocks/brick6_angmarSnow.png,src/main/resources/assets/lotr/textures/block/angmar_snow_brick.png,ported
textures/blocks,textures/blocks/brick6_blackUmbarCarved.png,src/main/resources/assets/lotr/textures/block/carved_black_umbar_brick.png,ported
textures/blocks,textures/blocks/brick6_daleCarved.png,src/main/resources/assets/lotr/textures/block/dale_carved_brick.png,ported
textures/blocks,textures/blocks/brick6_daleCracked.png,src/main/resources/assets/lotr/textures/block/dale_cracked_brick.png,ported
textures/blocks,textures/blocks/brick6_daleMossy.png,src/main/resources/assets/lotr/textures/block/dale_mossy_brick.png,ported
textures/blocks,textures/blocks/brick6_dolGuldurCarved.png,src/main/resources/assets/lotr/textures/block/carved_dol_guldur_brick.png,ported
textures/blocks,textures/blocks/brick6_dolGuldurMossy.png,src/main/resources/assets/lotr/textures/block/mossy_dol_guldur_brick.png,ported
textures/blocks,textures/blocks/brick6_morwaithCracked.png,src/main/resources/assets/lotr/textures/block/cracked_morwaith_brick.png,ported
textures/blocks,textures/blocks/brick6_rhunGold.png,src/main/resources/assets/lotr/textures/block/rhun_gold_brick.png,ported
textures/blocks,textures/blocks/brick6_rhunRed.png,src/main/resources/assets/lotr/textures/block/rhun_red_brick.png,ported
textures/blocks,textures/blocks/brick6_rhunRedCarved.png,src/main/resources/assets/lotr/textures/block/rhun_red_carved_brick.png,ported
textures/blocks,textures/blocks/brick6_umbar.png,src/main/resources/assets/lotr/textures/block/umbar_brick.png,ported
textures/blocks,textures/blocks/brick6_umbarCarved.png,src/main/resources/assets/lotr/textures/block/carved_umbar_brick.png,ported
textures/blocks,textures/blocks/brick6_umbarCracked.png,src/main/resources/assets/lotr/textures/block/cracked_umbar_brick.png,ported
textures/blocks,textures/blocks/brick_blueRock.png,src/main/resources/assets/lotr/textures/block/blue_rock_brick.png,ported
textures/blocks,textures/blocks/brick_dwarven.png,src/main/resources/assets/lotr/textures/block/dwarven_brick.png,ported
textures/blocks,textures/blocks/brick_dwarvenGold_base.png,src/main/resources/assets/lotr/textures/block/dwarven_gold_brick.png src/main/resources/assets/lotr/textures/block/ctm/dwarven_gold_brick_base.png,ported
textures/blocks,textures/blocks/brick_dwarvenGold_bottom.png,src/main/resources/assets/lotr/textures/block/ctm/dwarven_gold_brick_edge_bottom.png,ported
textures/blocks,textures/blocks/brick_dwarvenGold_bottomLeft.png,src/main/resources/assets/lotr/textures/block/ctm/dwarven_gold_brick_corner_bottom_left.png,ported
textures/blocks,textures/blocks/brick_dwarvenGold_bottomLeftInv.png,src/main/resources/assets/lotr/textures/block/ctm/dwarven_gold_brick_inner_bottom_left.png,ported
textures/blocks,textures/blocks/brick_dwarvenGold_bottomRight.png,src/main/resources/assets/lotr/textures/block/ctm/dwarven_gold_brick_corner_bottom_right.png,ported
textures/blocks,textures/blocks/brick_dwarvenGold_bottomRightInv.png,src/main/resources/assets/lotr/textures/block/ctm/dwarven_gold_brick_inner_bottom_right.png,ported
textures/blocks,textures/blocks/brick_dwarvenGold_left.png,src/main/resources/assets/lotr/textures/block/ctm/dwarven_gold_brick_edge_left.png,ported
textures/blocks,textures/blocks/brick_dwarvenGold_right.png,src/main/resources/assets/lotr/textures/block/ctm/dwarven_gold_brick_edge_right.png,ported
textures/blocks,textures/blocks/brick_dwarvenGold_top.png,src/main/resources/assets/lotr/textures/block/ctm/dwarven_gold_brick_edge_top.png,ported
textures/blocks,textures/blocks/brick_dwarvenGold_topLeft.png,src/main/resources/assets/lotr/textures/block/ctm/dwarven_gold_brick_corner_top_left.png,ported
textures/blocks,textures/blocks/brick_dwarvenGold_topLeftInv.png,src/main/resources/assets/lotr/textures/block/ctm/dwarven_gold_brick_inner_top_left.png,ported
textures/blocks,textures/blocks/brick_dwarvenGold_topRight.png,src/main/resources/assets/lotr/textures/block/ctm/dwarven_gold_brick_corner_top_right.png,ported
textures/blocks,textures/blocks/brick_dwarvenGold_topRightInv.png,src/main/resources/assets/lotr/textures/block/ctm/dwarven_gold_brick_inner_top_right.png,ported
textures/blocks,textures/blocks/brick_dwarvenMithril_base.png,src/main/resources/assets/lotr/textures/block/dwarven_mithril_brick.png src/main/resources/assets/lotr/textures/block/ctm/dwarven_mithril_brick_base.png,ported
textures/blocks,textures/blocks/brick_dwarvenMithril_bottom.png,src/main/resources/assets/lotr/textures/block/ctm/dwarven_mithril_brick_edge_bottom.png,ported
textures/blocks,textures/blocks/brick_dwarvenMithril_bottomLeft.png,src/main/resources/assets/lotr/textures/block/ctm/dwarven_mithril_brick_corner_bottom_left.png src/main/resources/assets/lotr/textures/block/ctm/dwarven_mithril_brick_inner_bottom_left.png,ported
textures/blocks,textures/blocks/brick_dwarvenMithril_bottomLeftInv.png,src/main/resources/assets/lotr/textures/block/ctm/dwarven_mithril_brick_corner_bottom_left.png src/main/resources/assets/lotr/textures/block/ctm/dwarven_mithril_brick_inner_bottom_left.png,ported
textures/blocks,textures/blocks/brick_dwarvenMithril_bottomRight.png,src/main/resources/assets/lotr/textures/block/ctm/dwarven_mithril_brick_corner_bottom_right.png src/main/resources/assets/lotr/textures/block/ctm/dwarven_mithril_brick_inner_bottom_right.png,ported
textures/blocks,textures/blocks/brick_dwarvenMithril_bottomRightInv.png,src/main/resources/assets/lotr/textures/block/ctm/dwarven_mithril_brick_corner_bottom_right.png src/main/resources/assets/lotr/textures/block/ctm/dwarven_mithril_brick_inner_bottom_right.png,ported
textures/blocks,textures/blocks/brick_dwarvenMithril_left.png,src/main/resources/assets/lotr/textures/block/ctm/dwarven_mithril_brick_edge_left.png,ported
textures/blocks,textures/blocks/brick_dwarvenMithril_right.png,src/main/resources/assets/lotr/textures/block/ctm/dwarven_mithril_brick_edge_right.png,ported
textures/blocks,textures/blocks/brick_dwarvenMithril_top.png,src/main/resources/assets/lotr/textures/block/ctm/dwarven_mithril_brick_edge_top.png,ported
textures/blocks,textures/blocks/brick_dwarvenMithril_topLeft.png,src/main/resources/assets/lotr/textures/block/ctm/dwarven_mithril_brick_corner_top_left.png src/main/resources/assets/lotr/textures/block/ctm/dwarven_mithril_brick_inner_top_left.png,ported
textures/blocks,textures/blocks/brick_dwarvenMithril_topLeftInv.png,src/main/resources/assets/lotr/textures/block/ctm/dwarven_mithril_brick_corner_top_left.png src/main/resources/assets/lotr/textures/block/ctm/dwarven_mithril_brick_inner_top_left.png,ported
textures/blocks,textures/blocks/brick_dwarvenMithril_topRight.png,src/main/resources/assets/lotr/textures/block/ctm/dwarven_mithril_brick_corner_top_right.png src/main/resources/assets/lotr/textures/block/ctm/dwarven_mithril_brick_inner_top_right.png,ported
textures/blocks,textures/blocks/brick_dwarvenMithril_topRightInv.png,src/main/resources/assets/lotr/textures/block/ctm/dwarven_mithril_brick_corner_top_right.png src/main/resources/assets/lotr/textures/block/ctm/dwarven_mithril_brick_inner_top_right.png,ported
textures/blocks,textures/blocks/brick_dwarvenSilver_base.png,src/main/resources/assets/lotr/textures/block/dwarven_silver_brick.png src/main/resources/assets/lotr/textures/block/ctm/dwarven_silver_brick_base.png,ported
textures/blocks,textures/blocks/brick_dwarvenSilver_bottom.png,src/main/resources/assets/lotr/textures/block/ctm/dwarven_silver_brick_edge_bottom.png,ported
textures/blocks,textures/blocks/brick_dwarvenSilver_bottomLeft.png,src/main/resources/assets/lotr/textures/block/ctm/dwarven_silver_brick_corner_bottom_left.png src/main/resources/assets/lotr/textures/block/ctm/dwarven_silver_brick_inner_bottom_left.png,ported
textures/blocks,textures/blocks/brick_dwarvenSilver_bottomLeftInv.png,src/main/resources/assets/lotr/textures/block/ctm/dwarven_silver_brick_corner_bottom_left.png src/main/resources/assets/lotr/textures/block/ctm/dwarven_silver_brick_inner_bottom_left.png,ported
textures/blocks,textures/blocks/brick_dwarvenSilver_bottomRight.png,src/main/resources/assets/lotr/textures/block/ctm/dwarven_silver_brick_corner_bottom_right.png src/main/resources/assets/lotr/textures/block/ctm/dwarven_silver_brick_inner_bottom_right.png,ported
textures/blocks,textures/blocks/brick_dwarvenSilver_bottomRightInv.png,src/main/resources/assets/lotr/textures/block/ctm/dwarven_silver_brick_corner_bottom_right.png src/main/resources/assets/lotr/textures/block/ctm/dwarven_silver_brick_inner_bottom_right.png,ported
textures/blocks,textures/blocks/brick_dwarvenSilver_left.png,src/main/resources/assets/lotr/textures/block/ctm/dwarven_silver_brick_edge_left.png,ported
textures/blocks,textures/blocks/brick_dwarvenSilver_right.png,src/main/resources/assets/lotr/textures/block/ctm/dwarven_silver_brick_edge_right.png,ported
textures/blocks,textures/blocks/brick_dwarvenSilver_top.png,src/main/resources/assets/lotr/textures/block/ctm/dwarven_silver_brick_edge_top.png,ported
textures/blocks,textures/blocks/brick_dwarvenSilver_topLeft.png,src/main/resources/assets/lotr/textures/block/ctm/dwarven_silver_brick_corner_top_left.png src/main/resources/assets/lotr/textures/block/ctm/dwarven_silver_brick_inner_top_left.png,ported
textures/blocks,textures/blocks/brick_dwarvenSilver_topLeftInv.png,src/main/resources/assets/lotr/textures/block/ctm/dwarven_silver_brick_corner_top_left.png src/main/resources/assets/lotr/textures/block/ctm/dwarven_silver_brick_inner_top_left.png,ported
textures/blocks,textures/blocks/brick_dwarvenSilver_topRight.png,src/main/resources/assets/lotr/textures/block/ctm/dwarven_silver_brick_corner_top_right.png src/main/resources/assets/lotr/textures/block/ctm/dwarven_silver_brick_inner_top_right.png,ported
textures/blocks,textures/blocks/brick_dwarvenSilver_topRightInv.png,src/main/resources/assets/lotr/textures/block/ctm/dwarven_silver_brick_corner_top_right.png src/main/resources/assets/lotr/textures/block/ctm/dwarven_silver_brick_inner_top_right.png,ported
textures/blocks,textures/blocks/brick_galadhrim.png,src/main/resources/assets/lotr/textures/block/galadhrim_brick.png,ported
textures/blocks,textures/blocks/brick_galadhrimCracked.png,src/main/resources/assets/lotr/textures/block/cracked_galadhrim_brick.png,ported
textures/blocks,textures/blocks/brick_galadhrimMossy.png,src/main/resources/assets/lotr/textures/block/mossy_galadhrim_brick.png,ported
textures/blocks,textures/blocks/brick_gondor.png,src/main/resources/assets/lotr/textures/block/gondor_brick.png,ported
textures/blocks,textures/blocks/brick_gondorCarved.png,src/main/resources/assets/lotr/textures/block/carved_gondor_brick.png,ported
textures/blocks,textures/blocks/brick_gondorCracked.png,src/main/resources/assets/lotr/textures/block/cracked_gondor_brick.png,ported
textures/blocks,textures/blocks/brick_gondorMossy.png,src/main/resources/assets/lotr/textures/block/mossy_gondor_brick.png,ported
textures/blocks,textures/blocks/brick_mordor.png,src/main/resources/assets/lotr/textures/block/mordor_brick.png,ported
textures/blocks,textures/blocks/brick_mordorCracked.png,src/main/resources/assets/lotr/textures/block/cracked_mordor_brick.png,ported
textures/blocks,textures/blocks/brick_nearHarad.png,src/main/resources/assets/lotr/textures/block/near_harad_brick.png,ported
textures/blocks,textures/blocks/brick_rohan.png,src/main/resources/assets/lotr/textures/block/rohan_brick.png,ported
textures/blocks,textures/blocks/brick_rohan_side.png,src/main/resources/assets/lotr/textures/block/rohan_brick_side.png,ported
textures/blocks,textures/blocks/bronzeBars.png,src/main/resources/assets/lotr/textures/block/bronze_bars.png,ported
textures/blocks,textures/blocks/butterflyJar_glass.png,src/main/resources/assets/lotr/textures/block/butterfly_jar_glass.png,ported
textures/blocks,textures/blocks/butterflyJar_lid.png,src/main/resources/assets/lotr/textures/block/butterfly_jar_lid.png,ported
textures/blocks,textures/blocks/ceramicPlate_base.png,src/main/resources/assets/lotr/textures/block/stoneware_plate_base.png,ported
textures/blocks,textures/blocks/ceramicPlate_top.png,src/main/resources/assets/lotr/textures/block/stoneware_plate_top.png,ported
textures/blocks,textures/blocks/chandelier_blueDwarven.png,src/main/resources/assets/lotr/textures/block/blue_dwarven_chandelier.png,ported
textures/blocks,textures/blocks/chandelier_bronze.png,src/main/resources/assets/lotr/textures/block/bronze_chandelier.png,ported
textures/blocks,textures/blocks/chandelier_dwarven.png,src/main/resources/assets/lotr/textures/block/dwarven_chandelier.png,ported
textures/blocks,textures/blocks/chandelier_gold.png,src/main/resources/assets/lotr/textures/block/gold_chandelier.png,ported
textures/blocks,textures/blocks/chandelier_highElven.png,src/main/resources/assets/lotr/textures/block/high_elven_chandelier.png,ported
textures/blocks,textures/blocks/chandelier_iron.png,src/main/resources/assets/lotr/textures/block/iron_chandelier.png,ported
textures/blocks,textures/blocks/chandelier_mallornBlue.png,src/main/resources/assets/lotr/textures/block/blue_mallorn_chandelier.png,ported
textures/blocks,textures/blocks/chandelier_mallornGold.png,src/main/resources/assets/lotr/textures/block/mallorn_gold_chandelier.png,ported
textures/blocks,textures/blocks/chandelier_mallornGreen.png,src/main/resources/assets/lotr/textures/block/green_mallorn_chandelier.png,ported
textures/blocks,textures/blocks/chandelier_mallornSilver.png,src/main/resources/assets/lotr/textures/block/silver_mallorn_chandelier.png,ported
textures/blocks,textures/blocks/chandelier_mithril.png,src/main/resources/assets/lotr/textures/block/mithril_chandelier.png,ported
textures/blocks,textures/blocks/chandelier_morgul.png,src/main/resources/assets/lotr/textures/block/morgul_chandelier.png,ported
textures/blocks,textures/blocks/chandelier_orc.png,src/main/resources/assets/lotr/textures/block/orc_chandelier.png,ported
textures/blocks,textures/blocks/chandelier_silver.png,src/main/resources/assets/lotr/textures/block/silver_chandelier.png,ported
textures/blocks,textures/blocks/chandelier_uruk.png,src/main/resources/assets/lotr/textures/block/uruk_chandelier.png,ported
textures/blocks,textures/blocks/chandelier_woodElven.png,src/main/resources/assets/lotr/textures/block/wood_elven_chandelier.png,ported
textures/blocks,textures/blocks/cherryPie_bottom.png,src/main/resources/assets/lotr/textures/block/berry_pie_bottom.png src/main/resources/assets/lotr/textures/block/cherry_pie_bottom.png,ported
textures/blocks,textures/blocks/cherryPie_inner.png,src/main/resources/assets/lotr/textures/block/cherry_pie_inner.png,ported
textures/blocks,textures/blocks/cherryPie_side.png,src/main/resources/assets/lotr/textures/block/cherry_pie_side.png,ported
textures/blocks,textures/blocks/cherryPie_top.png,src/main/resources/assets/lotr/textures/block/cherry_pie_top.png,ported
textures/blocks,textures/blocks/clayTile.png,src/main/resources/assets/lotr/textures/block/clay_tile.png,ported
textures/blocks,textures/blocks/clayTileDyed_black.png,src/main/resources/assets/lotr/textures/block/clay_tile_dyed_black.png,ported
textures/blocks,textures/blocks/clayTileDyed_blue.png,src/main/resources/assets/lotr/textures/block/clay_tile_dyed_blue.png,ported
textures/blocks,textures/blocks/clayTileDyed_brown.png,src/main/resources/assets/lotr/textures/block/clay_tile_dyed_brown.png,ported
textures/blocks,textures/blocks/clayTileDyed_cyan.png,src/main/resources/assets/lotr/textures/block/clay_tile_dyed_cyan.png,ported
textures/blocks,textures/blocks/clayTileDyed_gray.png,src/main/resources/assets/lotr/textures/block/clay_tile_dyed_gray.png,ported
textures/blocks,textures/blocks/clayTileDyed_green.png,src/main/resources/assets/lotr/textures/block/clay_tile_dyed_green.png,ported
textures/blocks,textures/blocks/clayTileDyed_lightBlue.png,src/main/resources/assets/lotr/textures/block/clay_tile_dyed_light_blue.png,ported
textures/blocks,textures/blocks/clayTileDyed_lime.png,src/main/resources/assets/lotr/textures/block/clay_tile_dyed_lime.png,ported
textures/blocks,textures/blocks/clayTileDyed_magenta.png,src/main/resources/assets/lotr/textures/block/clay_tile_dyed_magenta.png,ported
textures/blocks,textures/blocks/clayTileDyed_orange.png,src/main/resources/assets/lotr/textures/block/clay_tile_dyed_orange.png,ported
textures/blocks,textures/blocks/clayTileDyed_pink.png,src/main/resources/assets/lotr/textures/block/clay_tile_dyed_pink.png,ported
textures/blocks,textures/blocks/clayTileDyed_purple.png,src/main/resources/assets/lotr/textures/block/clay_tile_dyed_purple.png,ported
textures/blocks,textures/blocks/clayTileDyed_red.png,src/main/resources/assets/lotr/textures/block/clay_tile_dyed_red.png,ported
textures/blocks,textures/blocks/clayTileDyed_silver.png,src/main/resources/assets/lotr/textures/block/clay_tile_dyed_silver.png,ported
textures/blocks,textures/blocks/clayTileDyed_white.png,src/main/resources/assets/lotr/textures/block/clay_tile_dyed_white.png,ported
textures/blocks,textures/blocks/clayTileDyed_yellow.png,src/main/resources/assets/lotr/textures/block/clay_tile_dyed_yellow.png,ported
textures/blocks,textures/blocks/clover_petal.png,src/main/resources/assets/lotr/textures/block/clover_petal.png,ported
textures/blocks,textures/blocks/clover_stem.png,src/main/resources/assets/lotr/textures/block/clover_stem.png,ported
textures/blocks,textures/blocks/cobblebrick_cob_base.png,src/main/resources/assets/lotr/textures/block/drystone.png src/main/resources/assets/lotr/textures/block/ctm/drystone_base.png,ported
textures/blocks,textures/blocks/cobblebrick_cob_bottom.png,src/main/resources/assets/lotr/textures/block/ctm/drystone_edge_bottom.png,ported
textures/blocks,textures/blocks/cobblebrick_cob_bottomLeft.png,src/main/resources/assets/lotr/textures/block/ctm/drystone_corner_bottom_left.png,ported
textures/blocks,textures/blocks/cobblebrick_cob_bottomLeftInv.png,src/main/resources/assets/lotr/textures/block/ctm/drystone_inner_bottom_left.png,ported
textures/blocks,textures/blocks/cobblebrick_cob_bottomRight.png,src/main/resources/assets/lotr/textures/block/ctm/drystone_corner_bottom_right.png,ported
textures/blocks,textures/blocks/cobblebrick_cob_bottomRightInv.png,src/main/resources/assets/lotr/textures/block/ctm/drystone_inner_bottom_right.png,ported
textures/blocks,textures/blocks/cobblebrick_cob_left.png,src/main/resources/assets/lotr/textures/block/ctm/drystone_edge_left.png,ported
textures/blocks,textures/blocks/cobblebrick_cob_right.png,src/main/resources/assets/lotr/textures/block/ctm/drystone_edge_right.png,ported
textures/blocks,textures/blocks/cobblebrick_cob_top.png,src/main/resources/assets/lotr/textures/block/ctm/drystone_edge_top.png,ported
textures/blocks,textures/blocks/cobblebrick_cob_topLeft.png,src/main/resources/assets/lotr/textures/block/ctm/drystone_corner_top_left.png,ported
textures/blocks,textures/blocks/cobblebrick_cob_topLeftInv.png,src/main/resources/assets/lotr/textures/block/ctm/drystone_inner_top_left.png,ported
textures/blocks,textures/blocks/cobblebrick_cob_topRight.png,src/main/resources/assets/lotr/textures/block/ctm/drystone_corner_top_right.png,ported
textures/blocks,textures/blocks/cobblebrick_cob_topRightInv.png,src/main/resources/assets/lotr/textures/block/ctm/drystone_inner_top_right.png,ported
textures/blocks,textures/blocks/commandTable_side.png,src/main/resources/assets/lotr/textures/block/table_of_command_side.png,ported
textures/blocks,textures/blocks/commandTable_top.png,src/main/resources/assets/lotr/textures/block/table_of_command_top.png,ported
textures/blocks,textures/blocks/coralReef.png,,missing
textures/blocks,textures/blocks/coralReef_blue.png,,missing
textures/blocks,textures/blocks/coralReef_green.png,,missing
textures/blocks,textures/blocks/coralReef_purple.png,,missing
textures/blocks,textures/blocks/coralReef_red.png,,missing
textures/blocks,textures/blocks/coralReef_yellow.png,,missing
textures/blocks,textures/blocks/cornStalk.png,src/main/resources/assets/lotr/textures/block/corn_stalk.png,ported
textures/blocks,textures/blocks/cornStalk_corn.png,src/main/resources/assets/lotr/textures/block/corn_stalk_corn.png,ported
textures/blocks,textures/blocks/corruptMallorn.png,src/main/resources/assets/lotr/textures/block/corrupt_mallorn.png,ported
textures/blocks,textures/blocks/daleCraftingTable_side.png,src/main/resources/assets/lotr/textures/block/dale_crafting_table_side.png,ported
textures/blocks,textures/blocks/daleCraftingTable_top.png,src/main/resources/assets/lotr/textures/block/dale_crafting_table_top.png,ported
textures/blocks,textures/blocks/dalishPastry_bottom.png,src/main/resources/assets/lotr/textures/block/dalish_pastry_bottom.png,ported
textures/blocks,textures/blocks/dalishPastry_inner.png,src/main/resources/assets/lotr/textures/block/dalish_pastry_inner.png,ported
textures/blocks,textures/blocks/dalishPastry_side.png,src/main/resources/assets/lotr/textures/block/dalish_pastry_side.png,ported
textures/blocks,textures/blocks/dalishPastry_top.png,src/main/resources/assets/lotr/textures/block/dalish_pastry_top.png,ported
textures/blocks,textures/blocks/date_bottom.png,src/main/resources/assets/lotr/textures/block/date_block_bottom.png src/main/resources/assets/lotr/textures/block/date_block_top.png,ported
textures/blocks,textures/blocks/date_side.png,src/main/resources/assets/lotr/textures/block/date_block_side.png,ported
textures/blocks,textures/blocks/date_top.png,src/main/resources/assets/lotr/textures/block/date_block_bottom.png src/main/resources/assets/lotr/textures/block/date_block_top.png,ported
textures/blocks,textures/blocks/daub_base.png,src/main/resources/assets/lotr/textures/block/daub.png src/main/resources/assets/lotr/textures/block/ctm/daub_base.png,ported
textures/blocks,textures/blocks/daub_bottom.png,src/main/resources/assets/lotr/textures/block/ctm/daub_edge_bottom.png,ported
textures/blocks,textures/blocks/daub_bottomLeft.png,src/main/resources/assets/lotr/textures/block/ctm/daub_corner_bottom_left.png,ported
textures/blocks,textures/blocks/daub_bottomLeftInv.png,src/main/resources/assets/lotr/textures/block/ctm/daub_inner_bottom_left.png,ported
textures/blocks,textures/blocks/daub_bottomRight.png,src/main/resources/assets/lotr/textures/block/ctm/daub_corner_bottom_right.png,ported
textures/blocks,textures/blocks/daub_bottomRightInv.png,src/main/resources/assets/lotr/textures/block/ctm/daub_inner_bottom_right.png,ported
textures/blocks,textures/blocks/daub_left.png,src/main/resources/assets/lotr/textures/block/ctm/daub_edge_left.png,ported
textures/blocks,textures/blocks/daub_right.png,src/main/resources/assets/lotr/textures/block/ctm/daub_edge_right.png,ported
textures/blocks,textures/blocks/daub_top.png,src/main/resources/assets/lotr/textures/block/ctm/daub_edge_top.png,ported
textures/blocks,textures/blocks/daub_topLeft.png,src/main/resources/assets/lotr/textures/block/ctm/daub_corner_top_left.png,ported
textures/blocks,textures/blocks/daub_topLeftInv.png,src/main/resources/assets/lotr/textures/block/ctm/daub_inner_top_left.png,ported
textures/blocks,textures/blocks/daub_topRight.png,src/main/resources/assets/lotr/textures/block/ctm/daub_corner_top_right.png,ported
textures/blocks,textures/blocks/daub_topRightInv.png,src/main/resources/assets/lotr/textures/block/ctm/daub_inner_top_right.png,ported
textures/blocks,textures/blocks/deadMarshPlant.png,src/main/resources/assets/lotr/textures/block/dead_marsh_plant.png,ported
textures/blocks,textures/blocks/dirtPath_dirt.png,,missing
textures/blocks,textures/blocks/dirtPath_mud.png,src/main/resources/assets/lotr/textures/block/dirt_path_mud.png,ported
textures/blocks,textures/blocks/dolAmrothCraftingTable_side.png,src/main/resources/assets/lotr/textures/block/dol_amroth_crafting_table_side.png,ported
textures/blocks,textures/blocks/dolAmrothCraftingTable_top.png,src/main/resources/assets/lotr/textures/block/dol_amroth_crafting_table_top.png,ported
textures/blocks,textures/blocks/dolGuldurCraftingTable_side.png,src/main/resources/assets/lotr/textures/block/dol_guldur_crafting_table_side.png,ported
textures/blocks,textures/blocks/dolGuldurCraftingTable_top.png,src/main/resources/assets/lotr/textures/block/dol_guldur_crafting_table_top.png,ported
textures/blocks,textures/blocks/doorAcacia_lower.png,,missing
textures/blocks,textures/blocks/doorAcacia_upper.png,,missing
textures/blocks,textures/blocks/doorAlmond_lower.png,src/main/resources/assets/lotr/textures/block/almond_door_bottom.png,ported
textures/blocks,textures/blocks/doorAlmond_upper.png,src/main/resources/assets/lotr/textures/block/almond_door_top.png,ported
textures/blocks,textures/blocks/doorApple_lower.png,src/main/resources/assets/lotr/textures/block/apple_door_bottom.png,ported
textures/blocks,textures/blocks/doorApple_upper.png,src/main/resources/assets/lotr/textures/block/apple_door_top.png,ported
textures/blocks,textures/blocks/doorAspen_lower.png,src/main/resources/assets/lotr/textures/block/aspen_door_bottom.png,ported
textures/blocks,textures/blocks/doorAspen_upper.png,src/main/resources/assets/lotr/textures/block/aspen_door_top.png,ported
textures/blocks,textures/blocks/doorBanana_lower.png,src/main/resources/assets/lotr/textures/block/banana_door_bottom.png,ported
textures/blocks,textures/blocks/doorBanana_upper.png,src/main/resources/assets/lotr/textures/block/banana_door_top.png,ported
textures/blocks,textures/blocks/doorBaobab_lower.png,src/main/resources/assets/lotr/textures/block/baobab_door_bottom.png,ported
textures/blocks,textures/blocks/doorBaobab_upper.png,src/main/resources/assets/lotr/textures/block/baobab_door_top.png,ported
textures/blocks,textures/blocks/doorBeech_lower.png,src/main/resources/assets/lotr/textures/block/beech_door_bottom.png,ported
textures/blocks,textures/blocks/doorBeech_upper.png,src/main/resources/assets/lotr/textures/block/beech_door_top.png,ported
textures/blocks,textures/blocks/doorBirch_lower.png,,missing
textures/blocks,textures/blocks/doorBirch_upper.png,,missing
textures/blocks,textures/blocks/doorCedar_lower.png,src/main/resources/assets/lotr/textures/block/cedar_door_bottom.png,ported
textures/blocks,textures/blocks/doorCedar_upper.png,src/main/resources/assets/lotr/textures/block/cedar_door_top.png,ported
textures/blocks,textures/blocks/doorCharred_lower.png,src/main/resources/assets/lotr/textures/block/charred_door_bottom.png,ported
textures/blocks,textures/blocks/doorCharred_upper.png,src/main/resources/assets/lotr/textures/block/charred_door_top.png,ported
textures/blocks,textures/blocks/doorCherry_lower.png,src/main/resources/assets/lotr/textures/block/cherry_door_bottom.png,ported
textures/blocks,textures/blocks/doorCherry_upper.png,src/main/resources/assets/lotr/textures/block/cherry_door_top.png,ported
textures/blocks,textures/blocks/doorChestnut_lower.png,src/main/resources/assets/lotr/textures/block/chestnut_door_bottom.png,ported
textures/blocks,textures/blocks/doorChestnut_upper.png,src/main/resources/assets/lotr/textures/block/chestnut_door_top.png,ported
textures/blocks,textures/blocks/doorCypress_lower.png,src/main/resources/assets/lotr/textures/block/cypress_door_bottom.png,ported
textures/blocks,textures/blocks/doorCypress_upper.png,src/main/resources/assets/lotr/textures/block/cypress_door_top.png,ported
textures/blocks,textures/blocks/doorDarkOak_lower.png,,missing
textures/blocks,textures/blocks/doorDarkOak_upper.png,,missing
textures/blocks,textures/blocks/doorDatePalm_lower.png,src/main/resources/assets/lotr/textures/block/date_palm_door_bottom.png,ported
textures/blocks,textures/blocks/doorDatePalm_upper.png,src/main/resources/assets/lotr/textures/block/date_palm_door_top.png,ported
textures/blocks,textures/blocks/doorDragon_lower.png,src/main/resources/assets/lotr/textures/block/dragon_door_bottom.png,ported
textures/blocks,textures/blocks/doorDragon_upper.png,src/main/resources/assets/lotr/textures/block/dragon_door_top.png,ported
textures/blocks,textures/blocks/doorFir_lower.png,src/main/resources/assets/lotr/textures/block/fir_door_bottom.png,ported
textures/blocks,textures/blocks/doorFir_upper.png,src/main/resources/assets/lotr/textures/block/fir_door_top.png,ported
textures/blocks,textures/blocks/doorGreenOak_lower.png,src/main/resources/assets/lotr/textures/block/green_oak_door_bottom.png,ported
textures/blocks,textures/blocks/doorGreenOak_upper.png,src/main/resources/assets/lotr/textures/block/green_oak_door_top.png,ported
textures/blocks,textures/blocks/doorHolly_lower.png,src/main/resources/assets/lotr/textures/block/holly_door_bottom.png,ported
textures/blocks,textures/blocks/doorHolly_upper.png,src/main/resources/assets/lotr/textures/block/holly_door_top.png,ported
textures/blocks,textures/blocks/doorJungle_lower.png,,missing
textures/blocks,textures/blocks/doorJungle_upper.png,,missing
textures/blocks,textures/blocks/doorKanuka_lower.png,src/main/resources/assets/lotr/textures/block/kanuka_door_bottom.png,ported
textures/blocks,textures/blocks/doorKanuka_upper.png,src/main/resources/assets/lotr/textures/block/kanuka_door_top.png,ported
textures/blocks,textures/blocks/doorLairelosse_lower.png,src/main/resources/assets/lotr/textures/block/lairelosse_door_bottom.png,ported
textures/blocks,textures/blocks/doorLairelosse_upper.png,src/main/resources/assets/lotr/textures/block/lairelosse_door_top.png,ported
textures/blocks,textures/blocks/doorLarch_lower.png,src/main/resources/assets/lotr/textures/block/larch_door_bottom.png,ported
textures/blocks,textures/blocks/doorLarch_upper.png,src/main/resources/assets/lotr/textures/block/larch_door_top.png,ported
textures/blocks,textures/blocks/doorLebethron_lower.png,src/main/resources/assets/lotr/textures/block/lebethron_door_bottom.png,ported
textures/blocks,textures/blocks/doorLebethron_upper.png,src/main/resources/assets/lotr/textures/block/lebethron_door_top.png,ported
textures/blocks,textures/blocks/doorLemon_lower.png,src/main/resources/assets/lotr/textures/block/lemon_door_bottom.png,ported
textures/blocks,textures/blocks/doorLemon_upper.png,src/main/resources/assets/lotr/textures/block/lemon_door_top.png,ported
textures/blocks,textures/blocks/doorLime_lower.png,src/main/resources/assets/lotr/textures/block/lime_door_bottom.png,ported
textures/blocks,textures/blocks/doorLime_upper.png,src/main/resources/assets/lotr/textures/block/lime_door_top.png,ported
textures/blocks,textures/blocks/doorMahogany_lower.png,src/main/resources/assets/lotr/textures/block/mahogany_door_bottom.png,ported
textures/blocks,textures/blocks/doorMahogany_upper.png,src/main/resources/assets/lotr/textures/block/mahogany_door_top.png,ported
textures/blocks,textures/blocks/doorMallorn_lower.png,src/main/resources/assets/lotr/textures/block/mallorn_door_bottom.png,ported
textures/blocks,textures/blocks/doorMallorn_upper.png,src/main/resources/assets/lotr/textures/block/mallorn_door_top.png,ported
textures/blocks,textures/blocks/doorMango_lower.png,src/main/resources/assets/lotr/textures/block/mango_door_bottom.png,ported
textures/blocks,textures/blocks/doorMango_upper.png,src/main/resources/assets/lotr/textures/block/mango_door_top.png,ported
textures/blocks,textures/blocks/doorMangrove_lower.png,src/main/resources/assets/lotr/textures/block/mangrove_door_bottom.png,ported
textures/blocks,textures/blocks/doorMangrove_upper.png,src/main/resources/assets/lotr/textures/block/mangrove_door_top.png,ported
textures/blocks,textures/blocks/doorMaple_lower.png,src/main/resources/assets/lotr/textures/block/maple_door_bottom.png,ported
textures/blocks,textures/blocks/doorMaple_upper.png,src/main/resources/assets/lotr/textures/block/maple_door_top.png,ported
textures/blocks,textures/blocks/doorMirkOak_lower.png,src/main/resources/assets/lotr/textures/block/mirk_oak_door_bottom.png,ported
textures/blocks,textures/blocks/doorMirkOak_upper.png,src/main/resources/assets/lotr/textures/block/mirk_oak_door_top.png,ported
textures/blocks,textures/blocks/doorOlive_lower.png,src/main/resources/assets/lotr/textures/block/olive_door_bottom.png,ported
textures/blocks,textures/blocks/doorOlive_upper.png,src/main/resources/assets/lotr/textures/block/olive_door_top.png,ported
textures/blocks,textures/blocks/doorOrange_lower.png,src/main/resources/assets/lotr/textures/block/orange_door_bottom.png,ported
textures/blocks,textures/blocks/doorOrange_upper.png,src/main/resources/assets/lotr/textures/block/orange_door_top.png,ported
textures/blocks,textures/blocks/doorPalm_lower.png,src/main/resources/assets/lotr/textures/block/palm_door_bottom.png,ported
textures/blocks,textures/blocks/doorPalm_upper.png,src/main/resources/assets/lotr/textures/block/palm_door_top.png,ported
textures/blocks,textures/blocks/doorPear_lower.png,src/main/resources/assets/lotr/textures/block/pear_door_bottom.png,ported
textures/blocks,textures/blocks/doorPear_upper.png,src/main/resources/assets/lotr/textures/block/pear_door_top.png,ported
textures/blocks,textures/blocks/doorPine_lower.png,src/main/resources/assets/lotr/textures/block/pine_door_bottom.png,ported
textures/blocks,textures/blocks/doorPine_upper.png,src/main/resources/assets/lotr/textures/block/pine_door_top.png,ported
textures/blocks,textures/blocks/doorPlum_lower.png,src/main/resources/assets/lotr/textures/block/plum_door_bottom.png,ported
textures/blocks,textures/blocks/doorPlum_upper.png,src/main/resources/assets/lotr/textures/block/plum_door_top.png,ported
textures/blocks,textures/blocks/doorPomegranate_lower.png,src/main/resources/assets/lotr/textures/block/pomegranate_door_bottom.png,ported
textures/blocks,textures/blocks/doorPomegranate_upper.png,src/main/resources/assets/lotr/textures/block/pomegranate_door_top.png,ported
textures/blocks,textures/blocks/doorRedwood_lower.png,src/main/resources/assets/lotr/textures/block/redwood_door_bottom.png,ported
textures/blocks,textures/blocks/doorRedwood_upper.png,src/main/resources/assets/lotr/textures/block/redwood_door_top.png,ported
textures/blocks,textures/blocks/doorRotten_lower.png,src/main/resources/assets/lotr/textures/block/rotten_door_bottom.png,ported
textures/blocks,textures/blocks/doorRotten_upper.png,src/main/resources/assets/lotr/textures/block/rotten_door_top.png,ported
textures/blocks,textures/blocks/doorShirePine_lower.png,src/main/resources/assets/lotr/textures/block/shire_pine_door_bottom.png,ported
textures/blocks,textures/blocks/doorShirePine_upper.png,src/main/resources/assets/lotr/textures/block/shire_pine_door_top.png,ported
textures/blocks,textures/blocks/doorSpruce_lower.png,,missing
textures/blocks,textures/blocks/doorSpruce_upper.png,,missing
textures/blocks,textures/blocks/doorWillow_lower.png,src/main/resources/assets/lotr/textures/block/willow_door_bottom.png,ported
textures/blocks,textures/blocks/doorWillow_upper.png,src/main/resources/assets/lotr/textures/block/willow_door_top.png,ported
textures/blocks,textures/blocks/dorwinionCraftingTable_side.png,src/main/resources/assets/lotr/textures/block/dorwinion_crafting_table_side.png,ported
textures/blocks,textures/blocks/dorwinionCraftingTable_side2.png,,missing
textures/blocks,textures/blocks/dorwinionCraftingTable_top.png,src/main/resources/assets/lotr/textures/block/dorwinion_crafting_table_top.png,ported
textures/blocks,textures/blocks/doubleFlower_blackIris_bottom.png,src/main/resources/assets/lotr/textures/block/black_iris_bottom.png,ported
textures/blocks,textures/blocks/doubleFlower_blackIris_top.png,src/main/resources/assets/lotr/textures/block/black_iris_top.png,ported
textures/blocks,textures/blocks/doubleFlower_pink_bottom.png,src/main/resources/assets/lotr/textures/block/hibiscus_bottom.png,ported
textures/blocks,textures/blocks/doubleFlower_pink_top.png,src/main/resources/assets/lotr/textures/block/hibiscus_top.png,ported
textures/blocks,textures/blocks/doubleFlower_red_bottom.png,src/main/resources/assets/lotr/textures/block/flame_of_harad_bottom.png,ported
textures/blocks,textures/blocks/doubleFlower_red_top.png,src/main/resources/assets/lotr/textures/block/flame_of_harad_top.png,ported
textures/blocks,textures/blocks/doubleFlower_yellowIris_bottom.png,src/main/resources/assets/lotr/textures/block/yellow_iris_bottom.png,ported
textures/blocks,textures/blocks/doubleFlower_yellowIris_top.png,src/main/resources/assets/lotr/textures/block/yellow_iris_top.png,ported
textures/blocks,textures/blocks/driedReeds.png,,missing
textures/blocks,textures/blocks/driedReeds_lower.png,src/main/resources/assets/lotr/textures/block/dried_reeds_lower.png,ported
textures/blocks,textures/blocks/driedReeds_mid.png,src/main/resources/assets/lotr/textures/block/dried_reeds.png,ported
textures/blocks,textures/blocks/driedReeds_upper.png,src/main/resources/assets/lotr/textures/block/dried_reeds_upper.png,ported
textures/blocks,textures/blocks/dunlendingCraftingTable_side.png,src/main/resources/assets/lotr/textures/block/dunlending_crafting_table_side.png,ported
textures/blocks,textures/blocks/dunlendingCraftingTable_top.png,src/main/resources/assets/lotr/textures/block/dunlending_crafting_table_top.png,ported
textures/blocks,textures/blocks/dwarfBars.png,src/main/resources/assets/lotr/textures/block/dwarf_bars.png,ported
textures/blocks,textures/blocks/dwarfHerb.png,src/main/resources/assets/lotr/textures/block/dwarf_herb.png,ported
textures/blocks,textures/blocks/dwarvenBed_feet_end.png,src/main/resources/assets/lotr/textures/block/dwarven_bed_foot_end.png,ported
textures/blocks,textures/blocks/dwarvenBed_feet_side.png,src/main/resources/assets/lotr/textures/block/dwarven_bed_foot_side.png,ported
textures/blocks,textures/blocks/dwarvenBed_feet_top.png,src/main/resources/assets/lotr/textures/block/dwarven_bed_foot_top.png,ported
textures/blocks,textures/blocks/dwarvenBed_head_end.png,src/main/resources/assets/lotr/textures/block/dwarven_bed_head_end.png,ported
textures/blocks,textures/blocks/dwarvenBed_head_side.png,src/main/resources/assets/lotr/textures/block/dwarven_bed_head_side.png,ported
textures/blocks,textures/blocks/dwarvenBed_head_top.png,src/main/resources/assets/lotr/textures/block/dwarven_bed_head_top.png,ported
textures/blocks,textures/blocks/dwarvenCraftingTable_side0.png,src/main/resources/assets/lotr/textures/block/dwarven_crafting_table_side.png,ported
textures/blocks,textures/blocks/dwarvenCraftingTable_side1.png,,missing
textures/blocks,textures/blocks/dwarvenCraftingTable_top.png,src/main/resources/assets/lotr/textures/block/dwarven_crafting_table_top.png,ported
textures/blocks,textures/blocks/dwarvenDoorIthildin_glow_1x1_0_0.png,src/main/resources/assets/lotr/textures/block/ithildin_dwarven_door_glow_1x1_0_0.png,ported
textures/blocks,textures/blocks/dwarvenDoorIthildin_glow_1x2_0_0.png,src/main/resources/assets/lotr/textures/block/ithildin_dwarven_door_glow_1x2_0_0.png,ported
textures/blocks,textures/blocks/dwarvenDoorIthildin_glow_1x2_0_1.png,src/main/resources/assets/lotr/textures/block/ithildin_dwarven_door_glow_1x2_0_1.png,ported
textures/blocks,textures/blocks/dwarvenDoorIthildin_glow_2x2_0_0.png,src/main/resources/assets/lotr/textures/block/ithildin_dwarven_door_glow_2x2_0_0.png,ported
textures/blocks,textures/blocks/dwarvenDoorIthildin_glow_2x2_0_1.png,src/main/resources/assets/lotr/textures/block/ithildin_dwarven_door_glow_2x2_0_1.png,ported
textures/blocks,textures/blocks/dwarvenDoorIthildin_glow_2x2_1_0.png,src/main/resources/assets/lotr/textures/block/ithildin_dwarven_door_glow_2x2_1_0.png,ported
textures/blocks,textures/blocks/dwarvenDoorIthildin_glow_2x2_1_1.png,src/main/resources/assets/lotr/textures/block/ithildin_dwarven_door_glow_2x2_1_1.png,ported
textures/blocks,textures/blocks/dwarvenDoorIthildin_glow_2x3_0_0.png,src/main/resources/assets/lotr/textures/block/ithildin_dwarven_door_glow_2x3_0_0.png,ported
textures/blocks,textures/blocks/dwarvenDoorIthildin_glow_2x3_0_1.png,src/main/resources/assets/lotr/textures/block/ithildin_dwarven_door_glow_2x3_0_1.png,ported
textures/blocks,textures/blocks/dwarvenDoorIthildin_glow_2x3_0_2.png,src/main/resources/assets/lotr/textures/block/ithildin_dwarven_door_glow_2x3_0_2.png,ported
textures/blocks,textures/blocks/dwarvenDoorIthildin_glow_2x3_1_0.png,src/main/resources/assets/lotr/textures/block/ithildin_dwarven_door_glow_2x3_1_0.png,ported
textures/blocks,textures/blocks/dwarvenDoorIthildin_glow_2x3_1_1.png,src/main/resources/assets/lotr/textures/block/ithildin_dwarven_door_glow_2x3_1_1.png,ported
textures/blocks,textures/blocks/dwarvenDoorIthildin_glow_2x3_1_2.png,src/main/resources/assets/lotr/textures/block/ithildin_dwarven_door_glow_2x3_1_2.png,ported
textures/blocks,textures/blocks/dwarvenDoorIthildin_glow_3x4_0_0.png,src/main/resources/assets/lotr/textures/block/ithildin_dwarven_door_glow_3x4_0_0.png,ported
textures/blocks,textures/blocks/dwarvenDoorIthildin_glow_3x4_0_1.png,src/main/resources/assets/lotr/textures/block/ithildin_dwarven_door_glow_3x4_0_1.png,ported
textures/blocks,textures/blocks/dwarvenDoorIthildin_glow_3x4_0_2.png,src/main/resources/assets/lotr/textures/block/ithildin_dwarven_door_glow_3x4_0_2.png,ported
textures/blocks,textures/blocks/dwarvenDoorIthildin_glow_3x4_0_3.png,src/main/resources/assets/lotr/textures/block/ithildin_dwarven_door_glow_3x4_0_3.png,ported
textures/blocks,textures/blocks/dwarvenDoorIthildin_glow_3x4_1_0.png,src/main/resources/assets/lotr/textures/block/ithildin_dwarven_door_glow_3x4_1_0.png,ported
textures/blocks,textures/blocks/dwarvenDoorIthildin_glow_3x4_1_1.png,src/main/resources/assets/lotr/textures/block/ithildin_dwarven_door_glow_3x4_1_1.png,ported
textures/blocks,textures/blocks/dwarvenDoorIthildin_glow_3x4_1_2.png,src/main/resources/assets/lotr/textures/block/ithildin_dwarven_door_glow_3x4_1_2.png,ported
textures/blocks,textures/blocks/dwarvenDoorIthildin_glow_3x4_1_3.png,src/main/resources/assets/lotr/textures/block/ithildin_dwarven_door_glow_3x4_1_3.png,ported
textures/blocks,textures/blocks/dwarvenDoorIthildin_glow_3x4_2_0.png,src/main/resources/assets/lotr/textures/block/ithildin_dwarven_door_glow_3x4_2_0.png,ported
textures/blocks,textures/blocks/dwarvenDoorIthildin_glow_3x4_2_1.png,src/main/resources/assets/lotr/textures/block/ithildin_dwarven_door_glow_3x4_2_1.png,ported
textures/blocks,textures/blocks/dwarvenDoorIthildin_glow_3x4_2_2.png,src/main/resources/assets/lotr/textures/block/ithildin_dwarven_door_glow_3x4_2_2.png,ported
textures/blocks,textures/blocks/dwarvenDoorIthildin_glow_3x4_2_3.png,src/main/resources/assets/lotr/textures/block/ithildin_dwarven_door_glow_3x4_2_3.png,ported
textures/blocks,textures/blocks/dwarvenForge_active.png,src/main/resources/assets/lotr/textures/block/dwarven_forge_front_on.png,ported
textures/blocks,textures/blocks/dwarvenForge_front.png,src/main/resources/assets/lotr/textures/block/dwarven_forge_front.png,ported
textures/blocks,textures/blocks/dwarvenForge_side.png,src/main/resources/assets/lotr/textures/block/dwarven_forge_side.png,ported
textures/blocks,textures/blocks/dwarvenForge_top.png,src/main/resources/assets/lotr/textures/block/dwarven_forge_top.png,ported
textures/blocks,textures/blocks/elanor.png,src/main/resources/assets/lotr/textures/block/elanor.png,ported
textures/blocks,textures/blocks/elvenBed_feet_end.png,src/main/resources/assets/lotr/textures/block/galadhrim_bed_foot_end.png,ported
textures/blocks,textures/blocks/elvenBed_feet_side.png,src/main/resources/assets/lotr/textures/block/galadhrim_bed_foot_side.png,ported
textures/blocks,textures/blocks/elvenBed_feet_top.png,src/main/resources/assets/lotr/textures/block/galadhrim_bed_foot_top.png,ported
textures/blocks,textures/blocks/elvenBed_head_end.png,src/main/resources/assets/lotr/textures/block/galadhrim_bed_head_end.png,ported
textures/blocks,textures/blocks/elvenBed_head_side.png,src/main/resources/assets/lotr/textures/block/galadhrim_bed_head_side.png,ported
textures/blocks,textures/blocks/elvenBed_head_top.png,src/main/resources/assets/lotr/textures/block/galadhrim_bed_head_top.png,ported
textures/blocks,textures/blocks/elvenCraftingTable_side.png,src/main/resources/assets/lotr/textures/block/elven_crafting_table_side.png,ported
textures/blocks,textures/blocks/elvenCraftingTable_top.png,src/main/resources/assets/lotr/textures/block/elven_crafting_table_top.png,ported
textures/blocks,textures/blocks/elvenForge_active.png,src/main/resources/assets/lotr/textures/block/elven_forge_front_on.png,ported
textures/blocks,textures/blocks/elvenForge_front.png,src/main/resources/assets/lotr/textures/block/elven_forge_front.png,ported
textures/blocks,textures/blocks/elvenForge_side.png,src/main/resources/assets/lotr/textures/block/elven_forge_side.png,ported
textures/blocks,textures/blocks/elvenForge_top.png,src/main/resources/assets/lotr/textures/block/elven_forge_top.png,ported
textures/blocks,textures/blocks/entJar_side.png,src/main/resources/assets/lotr/textures/block/ent_jar_side.png,ported
textures/blocks,textures/blocks/entJar_top.png,src/main/resources/assets/lotr/textures/block/ent_jar_top.png,ported
textures/blocks,textures/blocks/fangornPlant_brown.png,src/main/resources/assets/lotr/textures/block/fangorn_plant_brown.png,ported
textures/blocks,textures/blocks/fangornPlant_gold.png,src/main/resources/assets/lotr/textures/block/fangorn_plant_gold.png,ported
textures/blocks,textures/blocks/fangornPlant_green.png,src/main/resources/assets/lotr/textures/block/fangorn_plant_green.png,ported
textures/blocks,textures/blocks/fangornPlant_red.png,src/main/resources/assets/lotr/textures/block/fangorn_plant_red.png,ported
textures/blocks,textures/blocks/fangornPlant_silver.png,src/main/resources/assets/lotr/textures/block/fangorn_plant_silver.png,ported
textures/blocks,textures/blocks/fangornPlant_yellow.png,src/main/resources/assets/lotr/textures/block/fangorn_plant_yellow.png,ported
textures/blocks,textures/blocks/fangornRiverweed.png,src/main/resources/assets/lotr/textures/block/fangorn_riverweed.png,ported
textures/blocks,textures/blocks/flaxPlant.png,src/main/resources/assets/lotr/textures/item/flax_crop.png src/main/resources/assets/lotr/textures/block/flax_plant.png src/main/resources/assets/lotr/textures/block/flax_crop_stage3.png,ported
textures/blocks,textures/blocks/flax_0.png,src/main/resources/assets/lotr/textures/block/flax_crop_stage0.png,ported
textures/blocks,textures/blocks/flax_1.png,src/main/resources/assets/lotr/textures/block/flax_crop_stage1.png,ported
textures/blocks,textures/blocks/flax_2.png,src/main/resources/assets/lotr/textures/block/flax_crop_stage2.png,ported
textures/blocks,textures/blocks/fruitLeaves_apple_fancy.png,src/main/resources/assets/lotr/textures/block/apple_leaves.png,ported
textures/blocks,textures/blocks/fruitLeaves_apple_fast.png,,missing
textures/blocks,textures/blocks/fruitLeaves_cherry_fancy.png,src/main/resources/assets/lotr/textures/block/cherry_leaves.png,ported
textures/blocks,textures/blocks/fruitLeaves_cherry_fast.png,,missing
textures/blocks,textures/blocks/fruitLeaves_mango_fancy.png,src/main/resources/assets/lotr/textures/block/mango_leaves.png,ported
textures/blocks,textures/blocks/fruitLeaves_mango_fast.png,,missing
textures/blocks,textures/blocks/fruitLeaves_pear_fancy.png,src/main/resources/assets/lotr/textures/block/pear_leaves.png,ported
textures/blocks,textures/blocks/fruitLeaves_pear_fast.png,,missing
textures/blocks,textures/blocks/fruitSapling_apple.png,src/main/resources/assets/lotr/textures/block/apple_sapling.png,ported
textures/blocks,textures/blocks/fruitSapling_cherry.png,src/main/resources/assets/lotr/textures/block/cherry_sapling.png,ported
textures/blocks,textures/blocks/fruitSapling_mango.png,src/main/resources/assets/lotr/textures/block/mango_sapling.png,ported
textures/blocks,textures/blocks/fruitSapling_pear.png,src/main/resources/assets/lotr/textures/block/pear_sapling.png,ported
textures/blocks,textures/blocks/fruitWood_apple_side.png,src/main/resources/assets/lotr/textures/block/apple_log_side.png,ported
textures/blocks,textures/blocks/fruitWood_apple_top.png,src/main/resources/assets/lotr/textures/block/apple_log_top.png,ported
textures/blocks,textures/blocks/fruitWood_cherry_side.png,src/main/resources/assets/lotr/textures/block/cherry_log_side.png,ported
textures/blocks,textures/blocks/fruitWood_cherry_top.png,src/main/resources/assets/lotr/textures/block/cherry_log_top.png,ported
textures/blocks,textures/blocks/fruitWood_mango_side.png,src/main/resources/assets/lotr/textures/block/mango_log_side.png,ported
textures/blocks,textures/blocks/fruitWood_mango_top.png,src/main/resources/assets/lotr/textures/block/mango_log_top.png,ported
textures/blocks,textures/blocks/fruitWood_pear_side.png,src/main/resources/assets/lotr/textures/block/pear_log_side.png,ported
textures/blocks,textures/blocks/fruitWood_pear_top.png,src/main/resources/assets/lotr/textures/block/pear_log_top.png,ported
textures/blocks,textures/blocks/galadhrimBars.png,src/main/resources/assets/lotr/textures/block/galadhrim_bars.png,ported
textures/blocks,textures/blocks/galadhrimWoodBars.png,src/main/resources/assets/lotr/textures/block/galadhrim_wood_bars.png,ported
textures/blocks,textures/blocks/gateBronzeBars.png,src/main/resources/assets/lotr/textures/block/gate_bronze_bars.png,ported
textures/blocks,textures/blocks/gateDolAmroth_base.png,src/main/resources/assets/lotr/textures/block/ctm/dol_amroth_gate_base.png,ported
textures/blocks,textures/blocks/gateDolAmroth_bottom.png,src/main/resources/assets/lotr/textures/block/ctm/dol_amroth_gate_edge_bottom.png src/main/resources/assets/lotr/textures/block/ctm/gondor_gate_edge_bottom.png,ported
textures/blocks,textures/blocks/gateDolAmroth_bottomLeft.png,src/main/resources/assets/lotr/textures/block/ctm/dol_amroth_gate_corner_bottom_left.png src/main/resources/assets/lotr/textures/block/ctm/gondor_gate_corner_bottom_left.png,ported
textures/blocks,textures/blocks/gateDolAmroth_bottomLeftInv.png,src/main/resources/assets/lotr/textures/block/ctm/dol_amroth_gate_inner_bottom_left.png src/main/resources/assets/lotr/textures/block/ctm/gondor_gate_inner_bottom_left.png,ported
textures/blocks,textures/blocks/gateDolAmroth_bottomRight.png,src/main/resources/assets/lotr/textures/block/ctm/dol_amroth_gate_corner_bottom_right.png src/main/resources/assets/lotr/textures/block/ctm/gondor_gate_corner_bottom_right.png,ported
textures/blocks,textures/blocks/gateDolAmroth_bottomRightInv.png,src/main/resources/assets/lotr/textures/block/ctm/dol_amroth_gate_inner_bottom_right.png src/main/resources/assets/lotr/textures/block/ctm/gondor_gate_inner_bottom_right.png,ported
textures/blocks,textures/blocks/gateDolAmroth_left.png,src/main/resources/assets/lotr/textures/block/ctm/dol_amroth_gate_edge_left.png,ported
textures/blocks,textures/blocks/gateDolAmroth_right.png,src/main/resources/assets/lotr/textures/block/ctm/dol_amroth_gate_edge_right.png,ported
textures/blocks,textures/blocks/gateDolAmroth_top.png,src/main/resources/assets/lotr/textures/block/ctm/dol_amroth_gate_edge_top.png src/main/resources/assets/lotr/textures/block/ctm/gondor_gate_edge_top.png,ported
textures/blocks,textures/blocks/gateDolAmroth_topLeft.png,src/main/resources/assets/lotr/textures/block/ctm/gondor_gate_corner_top_left.png src/main/resources/assets/lotr/textures/block/ctm/dol_amroth_gate_corner_top_left.png,ported
textures/blocks,textures/blocks/gateDolAmroth_topLeftInv.png,src/main/resources/assets/lotr/textures/block/ctm/dol_amroth_gate_inner_top_left.png src/main/resources/assets/lotr/textures/block/ctm/gondor_gate_inner_top_left.png,ported
textures/blocks,textures/blocks/gateDolAmroth_topRight.png,src/main/resources/assets/lotr/textures/block/ctm/dol_amroth_gate_corner_top_right.png src/main/resources/assets/lotr/textures/block/ctm/gondor_gate_corner_top_right.png,ported
textures/blocks,textures/blocks/gateDolAmroth_topRightInv.png,src/main/resources/assets/lotr/textures/block/ctm/dol_amroth_gate_inner_top_right.png src/main/resources/assets/lotr/textures/block/ctm/gondor_gate_inner_top_right.png,ported
textures/blocks,textures/blocks/gateDwarven_base.png,src/main/resources/assets/lotr/textures/block/ctm/dwarven_gate_base.png,ported
textures/blocks,textures/blocks/gateDwarven_bottom.png,src/main/resources/assets/lotr/textures/block/ctm/dwarven_gate_edge_bottom.png,ported
textures/blocks,textures/blocks/gateDwarven_bottomLeft.png,src/main/resources/assets/lotr/textures/block/ctm/dwarven_gate_corner_bottom_left.png,ported
textures/blocks,textures/blocks/gateDwarven_bottomLeftInv.png,src/main/resources/assets/lotr/textures/block/ctm/dwarven_gate_inner_bottom_left.png,ported
textures/blocks,textures/blocks/gateDwarven_bottomRight.png,src/main/resources/assets/lotr/textures/block/ctm/dwarven_gate_corner_bottom_right.png,ported
textures/blocks,textures/blocks/gateDwarven_bottomRightInv.png,src/main/resources/assets/lotr/textures/block/ctm/dwarven_gate_inner_bottom_right.png,ported
textures/blocks,textures/blocks/gateDwarven_left.png,src/main/resources/assets/lotr/textures/block/ctm/dwarven_gate_edge_left.png,ported
textures/blocks,textures/blocks/gateDwarven_right.png,src/main/resources/assets/lotr/textures/block/ctm/dwarven_gate_edge_right.png,ported
textures/blocks,textures/blocks/gateDwarven_top.png,src/main/resources/assets/lotr/textures/block/ctm/dwarven_gate_edge_top.png,ported
textures/blocks,textures/blocks/gateDwarven_topLeft.png,src/main/resources/assets/lotr/textures/block/ctm/dwarven_gate_corner_top_left.png,ported
textures/blocks,textures/blocks/gateDwarven_topLeftInv.png,src/main/resources/assets/lotr/textures/block/ctm/dwarven_gate_inner_top_left.png,ported
textures/blocks,textures/blocks/gateDwarven_topRight.png,src/main/resources/assets/lotr/textures/block/ctm/dwarven_gate_corner_top_right.png,ported
textures/blocks,textures/blocks/gateDwarven_topRightInv.png,src/main/resources/assets/lotr/textures/block/ctm/dwarven_gate_inner_top_right.png,ported
textures/blocks,textures/blocks/gateElven_base.png,src/main/resources/assets/lotr/textures/block/ctm/elven_gate_base.png,ported
textures/blocks,textures/blocks/gateElven_bottom.png,src/main/resources/assets/lotr/textures/block/ctm/elven_gate_edge_bottom.png,ported
textures/blocks,textures/blocks/gateElven_bottomLeft.png,src/main/resources/assets/lotr/textures/block/ctm/elven_gate_corner_bottom_left.png,ported
textures/blocks,textures/blocks/gateElven_bottomLeftInv.png,src/main/resources/assets/lotr/textures/block/ctm/elven_gate_inner_bottom_left.png,ported
textures/blocks,textures/blocks/gateElven_bottomRight.png,src/main/resources/assets/lotr/textures/block/ctm/elven_gate_corner_bottom_right.png,ported
textures/blocks,textures/blocks/gateElven_bottomRightInv.png,src/main/resources/assets/lotr/textures/block/ctm/elven_gate_inner_bottom_right.png,ported
textures/blocks,textures/blocks/gateElven_left.png,src/main/resources/assets/lotr/textures/block/ctm/elven_gate_edge_left.png,ported
textures/blocks,textures/blocks/gateElven_right.png,src/main/resources/assets/lotr/textures/block/ctm/elven_gate_edge_right.png,ported
textures/blocks,textures/blocks/gateElven_top.png,src/main/resources/assets/lotr/textures/block/ctm/elven_gate_edge_top.png,ported
textures/blocks,textures/blocks/gateElven_topLeft.png,src/main/resources/assets/lotr/textures/block/ctm/elven_gate_corner_top_left.png,ported
textures/blocks,textures/blocks/gateElven_topLeftInv.png,src/main/resources/assets/lotr/textures/block/ctm/elven_gate_inner_top_left.png,ported
textures/blocks,textures/blocks/gateElven_topRight.png,src/main/resources/assets/lotr/textures/block/ctm/elven_gate_corner_top_right.png,ported
textures/blocks,textures/blocks/gateElven_topRightInv.png,src/main/resources/assets/lotr/textures/block/ctm/elven_gate_inner_top_right.png,ported
textures/blocks,textures/blocks/gateGold_base.png,src/main/resources/assets/lotr/textures/block/ctm/gold_gate_base.png,ported
textures/blocks,textures/blocks/gateGold_bottom.png,src/main/resources/assets/lotr/textures/block/ctm/gold_gate_edge_bottom.png,ported
textures/blocks,textures/blocks/gateGold_bottomLeft.png,src/main/resources/assets/lotr/textures/block/ctm/gold_gate_corner_bottom_left.png,ported
textures/blocks,textures/blocks/gateGold_bottomLeftInv.png,src/main/resources/assets/lotr/textures/block/ctm/gold_gate_inner_bottom_left.png,ported
textures/blocks,textures/blocks/gateGold_bottomRight.png,src/main/resources/assets/lotr/textures/block/ctm/gold_gate_corner_bottom_right.png,ported
textures/blocks,textures/blocks/gateGold_bottomRightInv.png,src/main/resources/assets/lotr/textures/block/ctm/gold_gate_inner_bottom_right.png,ported
textures/blocks,textures/blocks/gateGold_left.png,src/main/resources/assets/lotr/textures/block/ctm/gold_gate_edge_left.png,ported
textures/blocks,textures/blocks/gateGold_right.png,src/main/resources/assets/lotr/textures/block/ctm/gold_gate_edge_right.png,ported
textures/blocks,textures/blocks/gateGold_top.png,src/main/resources/assets/lotr/textures/block/ctm/gold_gate_edge_top.png,ported
textures/blocks,textures/blocks/gateGold_topLeft.png,src/main/resources/assets/lotr/textures/block/ctm/gold_gate_corner_top_left.png,ported
textures/blocks,textures/blocks/gateGold_topLeftInv.png,src/main/resources/assets/lotr/textures/block/ctm/gold_gate_inner_top_left.png,ported
textures/blocks,textures/blocks/gateGold_topRight.png,src/main/resources/assets/lotr/textures/block/ctm/gold_gate_corner_top_right.png,ported
textures/blocks,textures/blocks/gateGold_topRightInv.png,src/main/resources/assets/lotr/textures/block/ctm/gold_gate_inner_top_right.png,ported
textures/blocks,textures/blocks/gateGondor_base.png,src/main/resources/assets/lotr/textures/block/ctm/gondor_gate_base.png,ported
textures/blocks,textures/blocks/gateGondor_bottom.png,src/main/resources/assets/lotr/textures/block/ctm/dol_amroth_gate_edge_bottom.png src/main/resources/assets/lotr/textures/block/ctm/gondor_gate_edge_bottom.png,ported
textures/blocks,textures/blocks/gateGondor_bottomLeft.png,src/main/resources/assets/lotr/textures/block/ctm/dol_amroth_gate_corner_bottom_left.png src/main/resources/assets/lotr/textures/block/ctm/gondor_gate_corner_bottom_left.png,ported
textures/blocks,textures/blocks/gateGondor_bottomLeftInv.png,src/main/resources/assets/lotr/textures/block/ctm/dol_amroth_gate_inner_bottom_left.png src/main/resources/assets/lotr/textures/block/ctm/gondor_gate_inner_bottom_left.png,ported
textures/blocks,textures/blocks/gateGondor_bottomRight.png,src/main/resources/assets/lotr/textures/block/ctm/dol_amroth_gate_corner_bottom_right.png src/main/resources/assets/lotr/textures/block/ctm/gondor_gate_corner_bottom_right.png,ported
textures/blocks,textures/blocks/gateGondor_bottomRightInv.png,src/main/resources/assets/lotr/textures/block/ctm/dol_amroth_gate_inner_bottom_right.png src/main/resources/assets/lotr/textures/block/ctm/gondor_gate_inner_bottom_right.png,ported
textures/blocks,textures/blocks/gateGondor_left.png,src/main/resources/assets/lotr/textures/block/ctm/gondor_gate_edge_left.png,ported
textures/blocks,textures/blocks/gateGondor_right.png,src/main/resources/assets/lotr/textures/block/ctm/gondor_gate_edge_right.png,ported
textures/blocks,textures/blocks/gateGondor_top.png,src/main/resources/assets/lotr/textures/block/ctm/dol_amroth_gate_edge_top.png src/main/resources/assets/lotr/textures/block/ctm/gondor_gate_edge_top.png,ported
textures/blocks,textures/blocks/gateGondor_topLeft.png,src/main/resources/assets/lotr/textures/block/ctm/gondor_gate_corner_top_left.png src/main/resources/assets/lotr/textures/block/ctm/dol_amroth_gate_corner_top_left.png,ported
textures/blocks,textures/blocks/gateGondor_topLeftInv.png,src/main/resources/assets/lotr/textures/block/ctm/dol_amroth_gate_inner_top_left.png src/main/resources/assets/lotr/textures/block/ctm/gondor_gate_inner_top_left.png,ported
textures/blocks,textures/blocks/gateGondor_topRight.png,src/main/resources/assets/lotr/textures/block/ctm/dol_amroth_gate_corner_top_right.png src/main/resources/assets/lotr/textures/block/ctm/gondor_gate_corner_top_right.png,ported
textures/blocks,textures/blocks/gateGondor_topRightInv.png,src/main/resources/assets/lotr/textures/block/ctm/dol_amroth_gate_inner_top_right.png src/main/resources/assets/lotr/textures/block/ctm/gondor_gate_inner_top_right.png,ported
textures/blocks,textures/blocks/gateHighElven_base.png,src/main/resources/assets/lotr/textures/block/ctm/high_elven_gate_base.png,ported
textures/blocks,textures/blocks/gateHighElven_bottom.png,src/main/resources/assets/lotr/textures/block/ctm/high_elven_gate_edge_bottom.png,ported
textures/blocks,textures/blocks/gateHighElven_bottomLeft.png,src/main/resources/assets/lotr/textures/block/ctm/high_elven_gate_corner_bottom_left.png,ported
textures/blocks,textures/blocks/gateHighElven_bottomLeftInv.png,src/main/resources/assets/lotr/textures/block/ctm/high_elven_gate_inner_bottom_left.png,ported
textures/blocks,textures/blocks/gateHighElven_bottomRight.png,src/main/resources/assets/lotr/textures/block/ctm/high_elven_gate_corner_bottom_right.png,ported
textures/blocks,textures/blocks/gateHighElven_bottomRightInv.png,src/main/resources/assets/lotr/textures/block/ctm/high_elven_gate_inner_bottom_right.png,ported
textures/blocks,textures/blocks/gateHighElven_left.png,src/main/resources/assets/lotr/textures/block/ctm/high_elven_gate_edge_left.png,ported
textures/blocks,textures/blocks/gateHighElven_right.png,src/main/resources/assets/lotr/textures/block/ctm/high_elven_gate_edge_right.png,ported
textures/blocks,textures/blocks/gateHighElven_top.png,src/main/resources/assets/lotr/textures/block/ctm/high_elven_gate_edge_top.png,ported
textures/blocks,textures/blocks/gateHighElven_topLeft.png,src/main/resources/assets/lotr/textures/block/ctm/high_elven_gate_corner_top_left.png,ported
textures/blocks,textures/blocks/gateHighElven_topLeftInv.png,src/main/resources/assets/lotr/textures/block/ctm/high_elven_gate_inner_top_left.png,ported
textures/blocks,textures/blocks/gateHighElven_topRight.png,src/main/resources/assets/lotr/textures/block/ctm/high_elven_gate_corner_top_right.png,ported
textures/blocks,textures/blocks/gateHighElven_topRightInv.png,src/main/resources/assets/lotr/textures/block/ctm/high_elven_gate_inner_top_right.png,ported
textures/blocks,textures/blocks/gateHobbitBlue_base.png,src/main/resources/assets/lotr/textures/block/ctm/blue_hobbit_gate_base.png,ported
textures/blocks,textures/blocks/gateHobbitBlue_bottom.png,src/main/resources/assets/lotr/textures/block/ctm/blue_hobbit_gate_edge_bottom.png src/main/resources/assets/lotr/textures/block/ctm/green_hobbit_gate_edge_bottom.png src/main/resources/assets/lotr/textures/block/ctm/red_hobbit_gate_edge_bottom.png src/main/resources/assets/lotr/textures/block/ctm/yellow_hobbit_gate_edge_bottom.png,ported
textures/blocks,textures/blocks/gateHobbitBlue_bottomLeft.png,src/main/resources/assets/lotr/textures/block/ctm/blue_hobbit_gate_corner_bottom_left.png src/main/resources/assets/lotr/textures/block/ctm/green_hobbit_gate_corner_bottom_left.png src/main/resources/assets/lotr/textures/block/ctm/yellow_hobbit_gate_corner_bottom_left.png src/main/resources/assets/lotr/textures/block/ctm/red_hobbit_gate_corner_bottom_left.png,ported
textures/blocks,textures/blocks/gateHobbitBlue_bottomLeftInv.png,src/main/resources/assets/lotr/textures/block/ctm/blue_hobbit_gate_inner_bottom_left.png src/main/resources/assets/lotr/textures/block/ctm/green_hobbit_gate_inner_bottom_left.png src/main/resources/assets/lotr/textures/block/ctm/red_hobbit_gate_inner_bottom_left.png src/main/resources/assets/lotr/textures/block/ctm/yellow_hobbit_gate_inner_bottom_left.png,ported
textures/blocks,textures/blocks/gateHobbitBlue_bottomRight.png,src/main/resources/assets/lotr/textures/block/ctm/blue_hobbit_gate_corner_bottom_right.png src/main/resources/assets/lotr/textures/block/ctm/green_hobbit_gate_corner_bottom_right.png src/main/resources/assets/lotr/textures/block/ctm/red_hobbit_gate_corner_bottom_right.png src/main/resources/assets/lotr/textures/block/ctm/yellow_hobbit_gate_corner_bottom_right.png,ported
textures/blocks,textures/blocks/gateHobbitBlue_bottomRightInv.png,src/main/resources/assets/lotr/textures/block/ctm/blue_hobbit_gate_inner_bottom_right.png src/main/resources/assets/lotr/textures/block/ctm/green_hobbit_gate_inner_bottom_right.png src/main/resources/assets/lotr/textures/block/ctm/red_hobbit_gate_inner_bottom_right.png src/main/resources/assets/lotr/textures/block/ctm/yellow_hobbit_gate_inner_bottom_right.png,ported
textures/blocks,textures/blocks/gateHobbitBlue_left.png,src/main/resources/assets/lotr/textures/block/ctm/blue_hobbit_gate_edge_left.png src/main/resources/assets/lotr/textures/block/ctm/green_hobbit_gate_edge_left.png src/main/resources/assets/lotr/textures/block/ctm/red_hobbit_gate_edge_left.png src/main/resources/assets/lotr/textures/block/ctm/yellow_hobbit_gate_edge_left.png,ported
textures/blocks,textures/blocks/gateHobbitBlue_right.png,src/main/resources/assets/lotr/textures/block/ctm/blue_hobbit_gate_edge_right.png src/main/resources/assets/lotr/textures/block/ctm/green_hobbit_gate_edge_right.png src/main/resources/assets/lotr/textures/block/ctm/red_hobbit_gate_edge_right.png src/main/resources/assets/lotr/textures/block/ctm/yellow_hobbit_gate_edge_right.png,ported
textures/blocks,textures/blocks/gateHobbitBlue_top.png,src/main/resources/assets/lotr/textures/block/ctm/blue_hobbit_gate_edge_top.png src/main/resources/assets/lotr/textures/block/ctm/green_hobbit_gate_edge_top.png src/main/resources/assets/lotr/textures/block/ctm/red_hobbit_gate_edge_top.png src/main/resources/assets/lotr/textures/block/ctm/yellow_hobbit_gate_edge_top.png,ported
textures/blocks,textures/blocks/gateHobbitBlue_topLeft.png,src/main/resources/assets/lotr/textures/block/ctm/blue_hobbit_gate_corner_top_left.png src/main/resources/assets/lotr/textures/block/ctm/green_hobbit_gate_corner_top_left.png src/main/resources/assets/lotr/textures/block/ctm/red_hobbit_gate_corner_top_left.png src/main/resources/assets/lotr/textures/block/ctm/yellow_hobbit_gate_corner_top_left.png,ported
textures/blocks,textures/blocks/gateHobbitBlue_topLeftInv.png,src/main/resources/assets/lotr/textures/block/ctm/blue_hobbit_gate_inner_top_left.png src/main/resources/assets/lotr/textures/block/ctm/green_hobbit_gate_inner_top_left.png src/main/resources/assets/lotr/textures/block/ctm/red_hobbit_gate_inner_top_left.png src/main/resources/assets/lotr/textures/block/ctm/yellow_hobbit_gate_inner_top_left.png,ported
textures/blocks,textures/blocks/gateHobbitBlue_topRight.png,src/main/resources/assets/lotr/textures/block/ctm/green_hobbit_gate_corner_top_right.png src/main/resources/assets/lotr/textures/block/ctm/red_hobbit_gate_corner_top_right.png src/main/resources/assets/lotr/textures/block/ctm/yellow_hobbit_gate_corner_top_right.png src/main/resources/assets/lotr/textures/block/ctm/blue_hobbit_gate_corner_top_right.png,ported
textures/blocks,textures/blocks/gateHobbitBlue_topRightInv.png,src/main/resources/assets/lotr/textures/block/ctm/blue_hobbit_gate_inner_top_right.png src/main/resources/assets/lotr/textures/block/ctm/green_hobbit_gate_inner_top_right.png src/main/resources/assets/lotr/textures/block/ctm/red_hobbit_gate_inner_top_right.png src/main/resources/assets/lotr/textures/block/ctm/yellow_hobbit_gate_inner_top_right.png,ported
textures/blocks,textures/blocks/gateHobbitGreen_base.png,src/main/resources/assets/lotr/textures/block/ctm/green_hobbit_gate_base.png,ported
textures/blocks,textures/blocks/gateHobbitGreen_bottom.png,src/main/resources/assets/lotr/textures/block/ctm/blue_hobbit_gate_edge_bottom.png src/main/resources/assets/lotr/textures/block/ctm/green_hobbit_gate_edge_bottom.png src/main/resources/assets/lotr/textures/block/ctm/red_hobbit_gate_edge_bottom.png src/main/resources/assets/lotr/textures/block/ctm/yellow_hobbit_gate_edge_bottom.png,ported
textures/blocks,textures/blocks/gateHobbitGreen_bottomLeft.png,src/main/resources/assets/lotr/textures/block/ctm/blue_hobbit_gate_corner_bottom_left.png src/main/resources/assets/lotr/textures/block/ctm/green_hobbit_gate_corner_bottom_left.png src/main/resources/assets/lotr/textures/block/ctm/yellow_hobbit_gate_corner_bottom_left.png src/main/resources/assets/lotr/textures/block/ctm/red_hobbit_gate_corner_bottom_left.png,ported
textures/blocks,textures/blocks/gateHobbitGreen_bottomLeftInv.png,src/main/resources/assets/lotr/textures/block/ctm/blue_hobbit_gate_inner_bottom_left.png src/main/resources/assets/lotr/textures/block/ctm/green_hobbit_gate_inner_bottom_left.png src/main/resources/assets/lotr/textures/block/ctm/red_hobbit_gate_inner_bottom_left.png src/main/resources/assets/lotr/textures/block/ctm/yellow_hobbit_gate_inner_bottom_left.png,ported
textures/blocks,textures/blocks/gateHobbitGreen_bottomRight.png,src/main/resources/assets/lotr/textures/block/ctm/blue_hobbit_gate_corner_bottom_right.png src/main/resources/assets/lotr/textures/block/ctm/green_hobbit_gate_corner_bottom_right.png src/main/resources/assets/lotr/textures/block/ctm/red_hobbit_gate_corner_bottom_right.png src/main/resources/assets/lotr/textures/block/ctm/yellow_hobbit_gate_corner_bottom_right.png,ported
textures/blocks,textures/blocks/gateHobbitGreen_bottomRightInv.png,src/main/resources/assets/lotr/textures/block/ctm/blue_hobbit_gate_inner_bottom_right.png src/main/resources/assets/lotr/textures/block/ctm/green_hobbit_gate_inner_bottom_right.png src/main/resources/assets/lotr/textures/block/ctm/red_hobbit_gate_inner_bottom_right.png src/main/resources/assets/lotr/textures/block/ctm/yellow_hobbit_gate_inner_bottom_right.png,ported
textures/blocks,textures/blocks/gateHobbitGreen_left.png,src/main/resources/assets/lotr/textures/block/ctm/blue_hobbit_gate_edge_left.png src/main/resources/assets/lotr/textures/block/ctm/green_hobbit_gate_edge_left.png src/main/resources/assets/lotr/textures/block/ctm/red_hobbit_gate_edge_left.png src/main/resources/assets/lotr/textures/block/ctm/yellow_hobbit_gate_edge_left.png,ported
textures/blocks,textures/blocks/gateHobbitGreen_right.png,src/main/resources/assets/lotr/textures/block/ctm/blue_hobbit_gate_edge_right.png src/main/resources/assets/lotr/textures/block/ctm/green_hobbit_gate_edge_right.png src/main/resources/assets/lotr/textures/block/ctm/red_hobbit_gate_edge_right.png src/main/resources/assets/lotr/textures/block/ctm/yellow_hobbit_gate_edge_right.png,ported
textures/blocks,textures/blocks/gateHobbitGreen_top.png,src/main/resources/assets/lotr/textures/block/ctm/blue_hobbit_gate_edge_top.png src/main/resources/assets/lotr/textures/block/ctm/green_hobbit_gate_edge_top.png src/main/resources/assets/lotr/textures/block/ctm/red_hobbit_gate_edge_top.png src/main/resources/assets/lotr/textures/block/ctm/yellow_hobbit_gate_edge_top.png,ported
textures/blocks,textures/blocks/gateHobbitGreen_topLeft.png,src/main/resources/assets/lotr/textures/block/ctm/blue_hobbit_gate_corner_top_left.png src/main/resources/assets/lotr/textures/block/ctm/green_hobbit_gate_corner_top_left.png src/main/resources/assets/lotr/textures/block/ctm/red_hobbit_gate_corner_top_left.png src/main/resources/assets/lotr/textures/block/ctm/yellow_hobbit_gate_corner_top_left.png,ported
textures/blocks,textures/blocks/gateHobbitGreen_topLeftInv.png,src/main/resources/assets/lotr/textures/block/ctm/blue_hobbit_gate_inner_top_left.png src/main/resources/assets/lotr/textures/block/ctm/green_hobbit_gate_inner_top_left.png src/main/resources/assets/lotr/textures/block/ctm/red_hobbit_gate_inner_top_left.png src/main/resources/assets/lotr/textures/block/ctm/yellow_hobbit_gate_inner_top_left.png,ported
textures/blocks,textures/blocks/gateHobbitGreen_topRight.png,src/main/resources/assets/lotr/textures/block/ctm/green_hobbit_gate_corner_top_right.png src/main/resources/assets/lotr/textures/block/ctm/red_hobbit_gate_corner_top_right.png src/main/resources/assets/lotr/textures/block/ctm/yellow_hobbit_gate_corner_top_right.png src/main/resources/assets/lotr/textures/block/ctm/blue_hobbit_gate_corner_top_right.png,ported
textures/blocks,textures/blocks/gateHobbitGreen_topRightInv.png,src/main/resources/assets/lotr/textures/block/ctm/blue_hobbit_gate_inner_top_right.png src/main/resources/assets/lotr/textures/block/ctm/green_hobbit_gate_inner_top_right.png src/main/resources/assets/lotr/textures/block/ctm/red_hobbit_gate_inner_top_right.png src/main/resources/assets/lotr/textures/block/ctm/yellow_hobbit_gate_inner_top_right.png,ported
textures/blocks,textures/blocks/gateHobbitRed_base.png,src/main/resources/assets/lotr/textures/block/ctm/red_hobbit_gate_base.png,ported
textures/blocks,textures/blocks/gateHobbitRed_bottom.png,src/main/resources/assets/lotr/textures/block/ctm/blue_hobbit_gate_edge_bottom.png src/main/resources/assets/lotr/textures/block/ctm/green_hobbit_gate_edge_bottom.png src/main/resources/assets/lotr/textures/block/ctm/red_hobbit_gate_edge_bottom.png src/main/resources/assets/lotr/textures/block/ctm/yellow_hobbit_gate_edge_bottom.png,ported
textures/blocks,textures/blocks/gateHobbitRed_bottomLeft.png,src/main/resources/assets/lotr/textures/block/ctm/blue_hobbit_gate_corner_bottom_left.png src/main/resources/assets/lotr/textures/block/ctm/green_hobbit_gate_corner_bottom_left.png src/main/resources/assets/lotr/textures/block/ctm/yellow_hobbit_gate_corner_bottom_left.png src/main/resources/assets/lotr/textures/block/ctm/red_hobbit_gate_corner_bottom_left.png,ported
textures/blocks,textures/blocks/gateHobbitRed_bottomLeftInv.png,src/main/resources/assets/lotr/textures/block/ctm/blue_hobbit_gate_inner_bottom_left.png src/main/resources/assets/lotr/textures/block/ctm/green_hobbit_gate_inner_bottom_left.png src/main/resources/assets/lotr/textures/block/ctm/red_hobbit_gate_inner_bottom_left.png src/main/resources/assets/lotr/textures/block/ctm/yellow_hobbit_gate_inner_bottom_left.png,ported
textures/blocks,textures/blocks/gateHobbitRed_bottomRight.png,src/main/resources/assets/lotr/textures/block/ctm/blue_hobbit_gate_corner_bottom_right.png src/main/resources/assets/lotr/textures/block/ctm/green_hobbit_gate_corner_bottom_right.png src/main/resources/assets/lotr/textures/block/ctm/red_hobbit_gate_corner_bottom_right.png src/main/resources/assets/lotr/textures/block/ctm/yellow_hobbit_gate_corner_bottom_right.png,ported
textures/blocks,textures/blocks/gateHobbitRed_bottomRightInv.png,src/main/resources/assets/lotr/textures/block/ctm/blue_hobbit_gate_inner_bottom_right.png src/main/resources/assets/lotr/textures/block/ctm/green_hobbit_gate_inner_bottom_right.png src/main/resources/assets/lotr/textures/block/ctm/red_hobbit_gate_inner_bottom_right.png src/main/resources/assets/lotr/textures/block/ctm/yellow_hobbit_gate_inner_bottom_right.png,ported
textures/blocks,textures/blocks/gateHobbitRed_left.png,src/main/resources/assets/lotr/textures/block/ctm/blue_hobbit_gate_edge_left.png src/main/resources/assets/lotr/textures/block/ctm/green_hobbit_gate_edge_left.png src/main/resources/assets/lotr/textures/block/ctm/red_hobbit_gate_edge_left.png src/main/resources/assets/lotr/textures/block/ctm/yellow_hobbit_gate_edge_left.png,ported
textures/blocks,textures/blocks/gateHobbitRed_right.png,src/main/resources/assets/lotr/textures/block/ctm/blue_hobbit_gate_edge_right.png src/main/resources/assets/lotr/textures/block/ctm/green_hobbit_gate_edge_right.png src/main/resources/assets/lotr/textures/block/ctm/red_hobbit_gate_edge_right.png src/main/resources/assets/lotr/textures/block/ctm/yellow_hobbit_gate_edge_right.png,ported
textures/blocks,textures/blocks/gateHobbitRed_top.png,src/main/resources/assets/lotr/textures/block/ctm/blue_hobbit_gate_edge_top.png src/main/resources/assets/lotr/textures/block/ctm/green_hobbit_gate_edge_top.png src/main/resources/assets/lotr/textures/block/ctm/red_hobbit_gate_edge_top.png src/main/resources/assets/lotr/textures/block/ctm/yellow_hobbit_gate_edge_top.png,ported
textures/blocks,textures/blocks/gateHobbitRed_topLeft.png,src/main/resources/assets/lotr/textures/block/ctm/blue_hobbit_gate_corner_top_left.png src/main/resources/assets/lotr/textures/block/ctm/green_hobbit_gate_corner_top_left.png src/main/resources/assets/lotr/textures/block/ctm/red_hobbit_gate_corner_top_left.png src/main/resources/assets/lotr/textures/block/ctm/yellow_hobbit_gate_corner_top_left.png,ported
textures/blocks,textures/blocks/gateHobbitRed_topLeftInv.png,src/main/resources/assets/lotr/textures/block/ctm/blue_hobbit_gate_inner_top_left.png src/main/resources/assets/lotr/textures/block/ctm/green_hobbit_gate_inner_top_left.png src/main/resources/assets/lotr/textures/block/ctm/red_hobbit_gate_inner_top_left.png src/main/resources/assets/lotr/textures/block/ctm/yellow_hobbit_gate_inner_top_left.png,ported
textures/blocks,textures/blocks/gateHobbitRed_topRight.png,src/main/resources/assets/lotr/textures/block/ctm/green_hobbit_gate_corner_top_right.png src/main/resources/assets/lotr/textures/block/ctm/red_hobbit_gate_corner_top_right.png src/main/resources/assets/lotr/textures/block/ctm/yellow_hobbit_gate_corner_top_right.png src/main/resources/assets/lotr/textures/block/ctm/blue_hobbit_gate_corner_top_right.png,ported
textures/blocks,textures/blocks/gateHobbitRed_topRightInv.png,src/main/resources/assets/lotr/textures/block/ctm/blue_hobbit_gate_inner_top_right.png src/main/resources/assets/lotr/textures/block/ctm/green_hobbit_gate_inner_top_right.png src/main/resources/assets/lotr/textures/block/ctm/red_hobbit_gate_inner_top_right.png src/main/resources/assets/lotr/textures/block/ctm/yellow_hobbit_gate_inner_top_right.png,ported
textures/blocks,textures/blocks/gateHobbitYellow_base.png,src/main/resources/assets/lotr/textures/block/ctm/yellow_hobbit_gate_base.png,ported
textures/blocks,textures/blocks/gateHobbitYellow_bottom.png,src/main/resources/assets/lotr/textures/block/ctm/blue_hobbit_gate_edge_bottom.png src/main/resources/assets/lotr/textures/block/ctm/green_hobbit_gate_edge_bottom.png src/main/resources/assets/lotr/textures/block/ctm/red_hobbit_gate_edge_bottom.png src/main/resources/assets/lotr/textures/block/ctm/yellow_hobbit_gate_edge_bottom.png,ported
textures/blocks,textures/blocks/gateHobbitYellow_bottomLeft.png,src/main/resources/assets/lotr/textures/block/ctm/blue_hobbit_gate_corner_bottom_left.png src/main/resources/assets/lotr/textures/block/ctm/green_hobbit_gate_corner_bottom_left.png src/main/resources/assets/lotr/textures/block/ctm/yellow_hobbit_gate_corner_bottom_left.png src/main/resources/assets/lotr/textures/block/ctm/red_hobbit_gate_corner_bottom_left.png,ported
textures/blocks,textures/blocks/gateHobbitYellow_bottomLeftInv.png,src/main/resources/assets/lotr/textures/block/ctm/blue_hobbit_gate_inner_bottom_left.png src/main/resources/assets/lotr/textures/block/ctm/green_hobbit_gate_inner_bottom_left.png src/main/resources/assets/lotr/textures/block/ctm/red_hobbit_gate_inner_bottom_left.png src/main/resources/assets/lotr/textures/block/ctm/yellow_hobbit_gate_inner_bottom_left.png,ported
textures/blocks,textures/blocks/gateHobbitYellow_bottomRight.png,src/main/resources/assets/lotr/textures/block/ctm/blue_hobbit_gate_corner_bottom_right.png src/main/resources/assets/lotr/textures/block/ctm/green_hobbit_gate_corner_bottom_right.png src/main/resources/assets/lotr/textures/block/ctm/red_hobbit_gate_corner_bottom_right.png src/main/resources/assets/lotr/textures/block/ctm/yellow_hobbit_gate_corner_bottom_right.png,ported
textures/blocks,textures/blocks/gateHobbitYellow_bottomRightInv.png,src/main/resources/assets/lotr/textures/block/ctm/blue_hobbit_gate_inner_bottom_right.png src/main/resources/assets/lotr/textures/block/ctm/green_hobbit_gate_inner_bottom_right.png src/main/resources/assets/lotr/textures/block/ctm/red_hobbit_gate_inner_bottom_right.png src/main/resources/assets/lotr/textures/block/ctm/yellow_hobbit_gate_inner_bottom_right.png,ported
textures/blocks,textures/blocks/gateHobbitYellow_left.png,src/main/resources/assets/lotr/textures/block/ctm/blue_hobbit_gate_edge_left.png src/main/resources/assets/lotr/textures/block/ctm/green_hobbit_gate_edge_left.png src/main/resources/assets/lotr/textures/block/ctm/red_hobbit_gate_edge_left.png src/main/resources/assets/lotr/textures/block/ctm/yellow_hobbit_gate_edge_left.png,ported
textures/blocks,textures/blocks/gateHobbitYellow_right.png,src/main/resources/assets/lotr/textures/block/ctm/blue_hobbit_gate_edge_right.png src/main/resources/assets/lotr/textures/block/ctm/green_hobbit_gate_edge_right.png src/main/resources/assets/lotr/textures/block/ctm/red_hobbit_gate_edge_right.png src/main/resources/assets/lotr/textures/block/ctm/yellow_hobbit_gate_edge_right.png,ported
textures/blocks,textures/blocks/gateHobbitYellow_top.png,src/main/resources/assets/lotr/textures/block/ctm/blue_hobbit_gate_edge_top.png src/main/resources/assets/lotr/textures/block/ctm/green_hobbit_gate_edge_top.png src/main/resources/assets/lotr/textures/block/ctm/red_hobbit_gate_edge_top.png src/main/resources/assets/lotr/textures/block/ctm/yellow_hobbit_gate_edge_top.png,ported
textures/blocks,textures/blocks/gateHobbitYellow_topLeft.png,src/main/resources/assets/lotr/textures/block/ctm/blue_hobbit_gate_corner_top_left.png src/main/resources/assets/lotr/textures/block/ctm/green_hobbit_gate_corner_top_left.png src/main/resources/assets/lotr/textures/block/ctm/red_hobbit_gate_corner_top_left.png src/main/resources/assets/lotr/textures/block/ctm/yellow_hobbit_gate_corner_top_left.png,ported
textures/blocks,textures/blocks/gateHobbitYellow_topLeftInv.png,src/main/resources/assets/lotr/textures/block/ctm/blue_hobbit_gate_inner_top_left.png src/main/resources/assets/lotr/textures/block/ctm/green_hobbit_gate_inner_top_left.png src/main/resources/assets/lotr/textures/block/ctm/red_hobbit_gate_inner_top_left.png src/main/resources/assets/lotr/textures/block/ctm/yellow_hobbit_gate_inner_top_left.png,ported
textures/blocks,textures/blocks/gateHobbitYellow_topRight.png,src/main/resources/assets/lotr/textures/block/ctm/green_hobbit_gate_corner_top_right.png src/main/resources/assets/lotr/textures/block/ctm/red_hobbit_gate_corner_top_right.png src/main/resources/assets/lotr/textures/block/ctm/yellow_hobbit_gate_corner_top_right.png src/main/resources/assets/lotr/textures/block/ctm/blue_hobbit_gate_corner_top_right.png,ported
textures/blocks,textures/blocks/gateHobbitYellow_topRightInv.png,src/main/resources/assets/lotr/textures/block/ctm/blue_hobbit_gate_inner_top_right.png src/main/resources/assets/lotr/textures/block/ctm/green_hobbit_gate_inner_top_right.png src/main/resources/assets/lotr/textures/block/ctm/red_hobbit_gate_inner_top_right.png src/main/resources/assets/lotr/textures/block/ctm/yellow_hobbit_gate_inner_top_right.png,ported
textures/blocks,textures/blocks/gateIronBars.png,src/main/resources/assets/lotr/textures/block/gate_iron_bars.png,ported
textures/blocks,textures/blocks/gateMithril_base.png,src/main/resources/assets/lotr/textures/block/ctm/mithril_gate_base.png,ported
textures/blocks,textures/blocks/gateMithril_bottom.png,src/main/resources/assets/lotr/textures/block/ctm/mithril_gate_edge_bottom.png,ported
textures/blocks,textures/blocks/gateMithril_bottomLeft.png,src/main/resources/assets/lotr/textures/block/ctm/mithril_gate_corner_bottom_left.png,ported
textures/blocks,textures/blocks/gateMithril_bottomLeftInv.png,src/main/resources/assets/lotr/textures/block/ctm/mithril_gate_inner_bottom_left.png,ported
textures/blocks,textures/blocks/gateMithril_bottomRight.png,src/main/resources/assets/lotr/textures/block/ctm/mithril_gate_corner_bottom_right.png,ported
textures/blocks,textures/blocks/gateMithril_bottomRightInv.png,src/main/resources/assets/lotr/textures/block/ctm/mithril_gate_inner_bottom_right.png,ported
textures/blocks,textures/blocks/gateMithril_left.png,src/main/resources/assets/lotr/textures/block/ctm/mithril_gate_edge_left.png,ported
textures/blocks,textures/blocks/gateMithril_right.png,src/main/resources/assets/lotr/textures/block/ctm/mithril_gate_edge_right.png,ported
textures/blocks,textures/blocks/gateMithril_top.png,src/main/resources/assets/lotr/textures/block/ctm/mithril_gate_edge_top.png,ported
textures/blocks,textures/blocks/gateMithril_topLeft.png,src/main/resources/assets/lotr/textures/block/ctm/mithril_gate_corner_top_left.png,ported
textures/blocks,textures/blocks/gateMithril_topLeftInv.png,src/main/resources/assets/lotr/textures/block/ctm/mithril_gate_inner_top_left.png,ported
textures/blocks,textures/blocks/gateMithril_topRight.png,src/main/resources/assets/lotr/textures/block/ctm/mithril_gate_corner_top_right.png,ported
textures/blocks,textures/blocks/gateMithril_topRightInv.png,src/main/resources/assets/lotr/textures/block/ctm/mithril_gate_inner_top_right.png,ported
textures/blocks,textures/blocks/gateNearHarad_base.png,src/main/resources/assets/lotr/textures/block/ctm/near_harad_gate_base.png,ported
textures/blocks,textures/blocks/gateNearHarad_bottom.png,src/main/resources/assets/lotr/textures/block/ctm/near_harad_gate_edge_bottom.png,ported
textures/blocks,textures/blocks/gateNearHarad_bottomLeft.png,src/main/resources/assets/lotr/textures/block/ctm/near_harad_gate_corner_bottom_left.png,ported
textures/blocks,textures/blocks/gateNearHarad_bottomLeftInv.png,src/main/resources/assets/lotr/textures/block/ctm/near_harad_gate_inner_bottom_left.png,ported
textures/blocks,textures/blocks/gateNearHarad_bottomRight.png,src/main/resources/assets/lotr/textures/block/ctm/near_harad_gate_corner_bottom_right.png,ported
textures/blocks,textures/blocks/gateNearHarad_bottomRightInv.png,src/main/resources/assets/lotr/textures/block/ctm/near_harad_gate_inner_bottom_right.png,ported
textures/blocks,textures/blocks/gateNearHarad_left.png,src/main/resources/assets/lotr/textures/block/ctm/near_harad_gate_edge_left.png,ported
textures/blocks,textures/blocks/gateNearHarad_right.png,src/main/resources/assets/lotr/textures/block/ctm/near_harad_gate_edge_right.png,ported
textures/blocks,textures/blocks/gateNearHarad_top.png,src/main/resources/assets/lotr/textures/block/ctm/near_harad_gate_edge_top.png,ported
textures/blocks,textures/blocks/gateNearHarad_topLeft.png,src/main/resources/assets/lotr/textures/block/ctm/near_harad_gate_corner_top_left.png,ported
textures/blocks,textures/blocks/gateNearHarad_topLeftInv.png,src/main/resources/assets/lotr/textures/block/ctm/near_harad_gate_inner_top_left.png,ported
textures/blocks,textures/blocks/gateNearHarad_topRight.png,src/main/resources/assets/lotr/textures/block/ctm/near_harad_gate_corner_top_right.png,ported
textures/blocks,textures/blocks/gateNearHarad_topRightInv.png,src/main/resources/assets/lotr/textures/block/ctm/near_harad_gate_inner_top_right.png,ported
textures/blocks,textures/blocks/gateOrc_base.png,src/main/resources/assets/lotr/textures/block/ctm/orc_gate_base.png,ported
textures/blocks,textures/blocks/gateOrc_bottom.png,src/main/resources/assets/lotr/textures/block/ctm/orc_gate_edge_bottom.png,ported
textures/blocks,textures/blocks/gateOrc_bottomLeft.png,src/main/resources/assets/lotr/textures/block/ctm/orc_gate_corner_bottom_left.png,ported
textures/blocks,textures/blocks/gateOrc_bottomLeftInv.png,src/main/resources/assets/lotr/textures/block/ctm/orc_gate_inner_bottom_left.png,ported
textures/blocks,textures/blocks/gateOrc_bottomRight.png,src/main/resources/assets/lotr/textures/block/ctm/orc_gate_corner_bottom_right.png,ported
textures/blocks,textures/blocks/gateOrc_bottomRightInv.png,src/main/resources/assets/lotr/textures/block/ctm/orc_gate_inner_bottom_right.png,ported
textures/blocks,textures/blocks/gateOrc_left.png,src/main/resources/assets/lotr/textures/block/ctm/orc_gate_edge_left.png,ported
textures/blocks,textures/blocks/gateOrc_right.png,src/main/resources/assets/lotr/textures/block/ctm/orc_gate_edge_right.png,ported
textures/blocks,textures/blocks/gateOrc_top.png,src/main/resources/assets/lotr/textures/block/ctm/orc_gate_edge_top.png,ported
textures/blocks,textures/blocks/gateOrc_topLeft.png,src/main/resources/assets/lotr/textures/block/ctm/orc_gate_corner_top_left.png,ported
textures/blocks,textures/blocks/gateOrc_topLeftInv.png,src/main/resources/assets/lotr/textures/block/ctm/orc_gate_inner_top_left.png,ported
textures/blocks,textures/blocks/gateOrc_topRight.png,src/main/resources/assets/lotr/textures/block/ctm/orc_gate_corner_top_right.png,ported
textures/blocks,textures/blocks/gateOrc_topRightInv.png,src/main/resources/assets/lotr/textures/block/ctm/orc_gate_inner_top_right.png,ported
textures/blocks,textures/blocks/gateRhun_base.png,src/main/resources/assets/lotr/textures/block/ctm/rhun_gate_base.png,ported
textures/blocks,textures/blocks/gateRhun_bottom.png,src/main/resources/assets/lotr/textures/block/ctm/rhun_gate_edge_bottom.png,ported
textures/blocks,textures/blocks/gateRhun_bottomLeft.png,src/main/resources/assets/lotr/textures/block/ctm/rhun_gate_corner_bottom_left.png,ported
textures/blocks,textures/blocks/gateRhun_bottomLeftInv.png,src/main/resources/assets/lotr/textures/block/ctm/rhun_gate_inner_bottom_left.png,ported
textures/blocks,textures/blocks/gateRhun_bottomRight.png,src/main/resources/assets/lotr/textures/block/ctm/rhun_gate_corner_bottom_right.png,ported
textures/blocks,textures/blocks/gateRhun_bottomRightInv.png,src/main/resources/assets/lotr/textures/block/ctm/rhun_gate_inner_bottom_right.png,ported
textures/blocks,textures/blocks/gateRhun_left.png,src/main/resources/assets/lotr/textures/block/ctm/rhun_gate_edge_left.png,ported
textures/blocks,textures/blocks/gateRhun_right.png,src/main/resources/assets/lotr/textures/block/ctm/rhun_gate_edge_right.png,ported
textures/blocks,textures/blocks/gateRhun_top.png,src/main/resources/assets/lotr/textures/block/ctm/rhun_gate_edge_top.png,ported
textures/blocks,textures/blocks/gateRhun_topLeft.png,src/main/resources/assets/lotr/textures/block/ctm/rhun_gate_corner_top_left.png,ported
textures/blocks,textures/blocks/gateRhun_topLeftInv.png,src/main/resources/assets/lotr/textures/block/ctm/rhun_gate_inner_top_left.png,ported
textures/blocks,textures/blocks/gateRhun_topRight.png,src/main/resources/assets/lotr/textures/block/ctm/rhun_gate_corner_top_right.png,ported
textures/blocks,textures/blocks/gateRhun_topRightInv.png,src/main/resources/assets/lotr/textures/block/ctm/rhun_gate_inner_top_right.png,ported
textures/blocks,textures/blocks/gateRohan_base.png,src/main/resources/assets/lotr/textures/block/ctm/rohan_gate_base.png,ported
textures/blocks,textures/blocks/gateRohan_bottom.png,src/main/resources/assets/lotr/textures/block/ctm/rohan_gate_edge_bottom.png,ported
textures/blocks,textures/blocks/gateRohan_bottomLeft.png,src/main/resources/assets/lotr/textures/block/ctm/rohan_gate_corner_bottom_left.png,ported
textures/blocks,textures/blocks/gateRohan_bottomLeftInv.png,src/main/resources/assets/lotr/textures/block/ctm/rohan_gate_inner_bottom_left.png,ported
textures/blocks,textures/blocks/gateRohan_bottomRight.png,src/main/resources/assets/lotr/textures/block/ctm/rohan_gate_corner_bottom_right.png,ported
textures/blocks,textures/blocks/gateRohan_bottomRightInv.png,src/main/resources/assets/lotr/textures/block/ctm/rohan_gate_inner_bottom_right.png,ported
textures/blocks,textures/blocks/gateRohan_left.png,src/main/resources/assets/lotr/textures/block/ctm/rohan_gate_edge_left.png,ported
textures/blocks,textures/blocks/gateRohan_right.png,src/main/resources/assets/lotr/textures/block/ctm/rohan_gate_edge_right.png,ported
textures/blocks,textures/blocks/gateRohan_top.png,src/main/resources/assets/lotr/textures/block/ctm/rohan_gate_edge_top.png,ported
textures/blocks,textures/blocks/gateRohan_topLeft.png,src/main/resources/assets/lotr/textures/block/ctm/rohan_gate_corner_top_left.png,ported
textures/blocks,textures/blocks/gateRohan_topLeftInv.png,src/main/resources/assets/lotr/textures/block/ctm/rohan_gate_inner_top_left.png,ported
textures/blocks,textures/blocks/gateRohan_topRight.png,src/main/resources/assets/lotr/textures/block/ctm/rohan_gate_corner_top_right.png,ported
textures/blocks,textures/blocks/gateRohan_topRightInv.png,src/main/resources/assets/lotr/textures/block/ctm/rohan_gate_inner_top_right.png,ported
textures/blocks,textures/blocks/gateSilver_base.png,src/main/resources/assets/lotr/textures/block/ctm/silver_gate_base.png,ported
textures/blocks,textures/blocks/gateSilver_bottom.png,src/main/resources/assets/lotr/textures/block/ctm/silver_gate_edge_bottom.png,ported
textures/blocks,textures/blocks/gateSilver_bottomLeft.png,src/main/resources/assets/lotr/textures/block/ctm/silver_gate_corner_bottom_left.png,ported
textures/blocks,textures/blocks/gateSilver_bottomLeftInv.png,src/main/resources/assets/lotr/textures/block/ctm/silver_gate_inner_bottom_left.png,ported
textures/blocks,textures/blocks/gateSilver_bottomRight.png,src/main/resources/assets/lotr/textures/block/ctm/silver_gate_corner_bottom_right.png,ported
textures/blocks,textures/blocks/gateSilver_bottomRightInv.png,src/main/resources/assets/lotr/textures/block/ctm/silver_gate_inner_bottom_right.png,ported
textures/blocks,textures/blocks/gateSilver_left.png,src/main/resources/assets/lotr/textures/block/ctm/silver_gate_edge_left.png,ported
textures/blocks,textures/blocks/gateSilver_right.png,src/main/resources/assets/lotr/textures/block/ctm/silver_gate_edge_right.png,ported
textures/blocks,textures/blocks/gateSilver_top.png,src/main/resources/assets/lotr/textures/block/ctm/silver_gate_edge_top.png,ported
textures/blocks,textures/blocks/gateSilver_topLeft.png,src/main/resources/assets/lotr/textures/block/ctm/silver_gate_corner_top_left.png,ported
textures/blocks,textures/blocks/gateSilver_topLeftInv.png,src/main/resources/assets/lotr/textures/block/ctm/silver_gate_inner_top_left.png,ported
textures/blocks,textures/blocks/gateSilver_topRight.png,src/main/resources/assets/lotr/textures/block/ctm/silver_gate_corner_top_right.png,ported
textures/blocks,textures/blocks/gateSilver_topRightInv.png,src/main/resources/assets/lotr/textures/block/ctm/silver_gate_inner_top_right.png,ported
textures/blocks,textures/blocks/gateTauredain_base.png,src/main/resources/assets/lotr/textures/block/ctm/tauredain_gate_base.png,ported
textures/blocks,textures/blocks/gateTauredain_bottom.png,src/main/resources/assets/lotr/textures/block/ctm/tauredain_gate_edge_bottom.png,ported
textures/blocks,textures/blocks/gateTauredain_bottomLeft.png,src/main/resources/assets/lotr/textures/block/ctm/tauredain_gate_corner_bottom_left.png,ported
textures/blocks,textures/blocks/gateTauredain_bottomLeftInv.png,src/main/resources/assets/lotr/textures/block/ctm/tauredain_gate_inner_bottom_left.png,ported
textures/blocks,textures/blocks/gateTauredain_bottomRight.png,src/main/resources/assets/lotr/textures/block/ctm/tauredain_gate_corner_bottom_right.png,ported
textures/blocks,textures/blocks/gateTauredain_bottomRightInv.png,src/main/resources/assets/lotr/textures/block/ctm/tauredain_gate_inner_bottom_right.png,ported
textures/blocks,textures/blocks/gateTauredain_left.png,src/main/resources/assets/lotr/textures/block/ctm/tauredain_gate_edge_left.png,ported
textures/blocks,textures/blocks/gateTauredain_right.png,src/main/resources/assets/lotr/textures/block/ctm/tauredain_gate_edge_right.png,ported
textures/blocks,textures/blocks/gateTauredain_top.png,src/main/resources/assets/lotr/textures/block/ctm/tauredain_gate_edge_top.png,ported
textures/blocks,textures/blocks/gateTauredain_topLeft.png,src/main/resources/assets/lotr/textures/block/ctm/tauredain_gate_corner_top_left.png,ported
textures/blocks,textures/blocks/gateTauredain_topLeftInv.png,src/main/resources/assets/lotr/textures/block/ctm/tauredain_gate_inner_top_left.png,ported
textures/blocks,textures/blocks/gateTauredain_topRight.png,src/main/resources/assets/lotr/textures/block/ctm/tauredain_gate_corner_top_right.png,ported
textures/blocks,textures/blocks/gateTauredain_topRightInv.png,src/main/resources/assets/lotr/textures/block/ctm/tauredain_gate_inner_top_right.png,ported
textures/blocks,textures/blocks/gateUruk_base.png,src/main/resources/assets/lotr/textures/block/ctm/uruk_gate_base.png,ported
textures/blocks,textures/blocks/gateUruk_bottom.png,src/main/resources/assets/lotr/textures/block/ctm/uruk_gate_edge_bottom.png,ported
textures/blocks,textures/blocks/gateUruk_bottomLeft.png,src/main/resources/assets/lotr/textures/block/ctm/uruk_gate_corner_bottom_left.png,ported
textures/blocks,textures/blocks/gateUruk_bottomLeftInv.png,src/main/resources/assets/lotr/textures/block/ctm/uruk_gate_inner_bottom_left.png,ported
textures/blocks,textures/blocks/gateUruk_bottomRight.png,src/main/resources/assets/lotr/textures/block/ctm/uruk_gate_corner_bottom_right.png,ported
textures/blocks,textures/blocks/gateUruk_bottomRightInv.png,src/main/resources/assets/lotr/textures/block/ctm/uruk_gate_inner_bottom_right.png,ported
textures/blocks,textures/blocks/gateUruk_left.png,src/main/resources/assets/lotr/textures/block/ctm/uruk_gate_edge_left.png,ported
textures/blocks,textures/blocks/gateUruk_right.png,src/main/resources/assets/lotr/textures/block/ctm/uruk_gate_edge_right.png,ported
textures/blocks,textures/blocks/gateUruk_top.png,src/main/resources/assets/lotr/textures/block/ctm/uruk_gate_edge_top.png,ported
textures/blocks,textures/blocks/gateUruk_topLeft.png,src/main/resources/assets/lotr/textures/block/ctm/uruk_gate_corner_top_left.png,ported
textures/blocks,textures/blocks/gateUruk_topLeftInv.png,src/main/resources/assets/lotr/textures/block/ctm/uruk_gate_inner_top_left.png,ported
textures/blocks,textures/blocks/gateUruk_topRight.png,src/main/resources/assets/lotr/textures/block/ctm/uruk_gate_corner_top_right.png,ported
textures/blocks,textures/blocks/gateUruk_topRightInv.png,src/main/resources/assets/lotr/textures/block/ctm/uruk_gate_inner_top_right.png,ported
textures/blocks,textures/blocks/gateWoodElven_base.png,src/main/resources/assets/lotr/textures/block/ctm/wood_elven_gate_base.png,ported
textures/blocks,textures/blocks/gateWoodElven_bottom.png,src/main/resources/assets/lotr/textures/block/ctm/wood_elven_gate_edge_bottom.png,ported
textures/blocks,textures/blocks/gateWoodElven_bottomLeft.png,src/main/resources/assets/lotr/textures/block/ctm/wood_elven_gate_corner_bottom_left.png,ported
textures/blocks,textures/blocks/gateWoodElven_bottomLeftInv.png,src/main/resources/assets/lotr/textures/block/ctm/wood_elven_gate_inner_bottom_left.png,ported
textures/blocks,textures/blocks/gateWoodElven_bottomRight.png,src/main/resources/assets/lotr/textures/block/ctm/wood_elven_gate_corner_bottom_right.png,ported
textures/blocks,textures/blocks/gateWoodElven_bottomRightInv.png,src/main/resources/assets/lotr/textures/block/ctm/wood_elven_gate_inner_bottom_right.png,ported
textures/blocks,textures/blocks/gateWoodElven_left.png,src/main/resources/assets/lotr/textures/block/ctm/wood_elven_gate_edge_left.png,ported
textures/blocks,textures/blocks/gateWoodElven_right.png,src/main/resources/assets/lotr/textures/block/ctm/wood_elven_gate_edge_right.png,ported
textures/blocks,textures/blocks/gateWoodElven_top.png,src/main/resources/assets/lotr/textures/block/ctm/wood_elven_gate_edge_top.png,ported
textures/blocks,textures/blocks/gateWoodElven_topLeft.png,src/main/resources/assets/lotr/textures/block/ctm/wood_elven_gate_corner_top_left.png,ported
textures/blocks,textures/blocks/gateWoodElven_topLeftInv.png,src/main/resources/assets/lotr/textures/block/ctm/wood_elven_gate_inner_top_left.png,ported
textures/blocks,textures/blocks/gateWoodElven_topRight.png,src/main/resources/assets/lotr/textures/block/ctm/wood_elven_gate_corner_top_right.png,ported
textures/blocks,textures/blocks/gateWoodElven_topRightInv.png,src/main/resources/assets/lotr/textures/block/ctm/wood_elven_gate_inner_top_right.png,ported
textures/blocks,textures/blocks/gateWoodenCross.png,src/main/resources/assets/lotr/textures/block/gate_wooden_cross.png,ported
textures/blocks,textures/blocks/gateWooden_base.png,src/main/resources/assets/lotr/textures/block/ctm/wooden_gate_base.png,ported
textures/blocks,textures/blocks/gateWooden_bottom.png,src/main/resources/assets/lotr/textures/block/ctm/wooden_gate_edge_bottom.png,ported
textures/blocks,textures/blocks/gateWooden_bottomLeft.png,src/main/resources/assets/lotr/textures/block/ctm/wooden_gate_corner_bottom_left.png,ported
textures/blocks,textures/blocks/gateWooden_bottomLeftInv.png,src/main/resources/assets/lotr/textures/block/ctm/wooden_gate_inner_bottom_left.png,ported
textures/blocks,textures/blocks/gateWooden_bottomRight.png,src/main/resources/assets/lotr/textures/block/ctm/wooden_gate_corner_bottom_right.png,ported
textures/blocks,textures/blocks/gateWooden_bottomRightInv.png,src/main/resources/assets/lotr/textures/block/ctm/wooden_gate_inner_bottom_right.png,ported
textures/blocks,textures/blocks/gateWooden_left.png,src/main/resources/assets/lotr/textures/block/ctm/wooden_gate_edge_left.png,ported
textures/blocks,textures/blocks/gateWooden_right.png,src/main/resources/assets/lotr/textures/block/ctm/wooden_gate_edge_right.png,ported
textures/blocks,textures/blocks/gateWooden_top.png,src/main/resources/assets/lotr/textures/block/ctm/wooden_gate_edge_top.png,ported
textures/blocks,textures/blocks/gateWooden_topLeft.png,src/main/resources/assets/lotr/textures/block/ctm/wooden_gate_corner_top_left.png,ported
textures/blocks,textures/blocks/gateWooden_topLeftInv.png,src/main/resources/assets/lotr/textures/block/ctm/wooden_gate_inner_top_left.png,ported
textures/blocks,textures/blocks/gateWooden_topRight.png,src/main/resources/assets/lotr/textures/block/ctm/wooden_gate_corner_top_right.png,ported
textures/blocks,textures/blocks/gateWooden_topRightInv.png,src/main/resources/assets/lotr/textures/block/ctm/wooden_gate_inner_top_right.png,ported
textures/blocks,textures/blocks/glass.png,src/main/resources/assets/lotr/textures/block/glass.png,ported
textures/blocks,textures/blocks/glass_pane_top.png,src/main/resources/assets/lotr/textures/block/glass_pane_top.png src/main/resources/assets/lotr/textures/block/black_stained_glass_pane_top.png src/main/resources/assets/lotr/textures/block/blue_stained_glass_pane_top.png src/main/resources/assets/lotr/textures/block/brown_stained_glass_pane_top.png src/main/resources/assets/lotr/textures/block/cyan_stained_glass_pane_top.png src/main/resources/assets/lotr/textures/block/gray_stained_glass_pane_top.png src/main/resources/assets/lotr/textures/block/green_stained_glass_pane_top.png src/main/resources/assets/lotr/textures/block/light_blue_stained_glass_pane_top.png src/main/resources/assets/lotr/textures/block/lime_stained_glass_pane_top.png src/main/resources/assets/lotr/textures/block/magenta_stained_glass_pane_top.png src/main/resources/assets/lotr/textures/block/orange_stained_glass_pane_top.png src/main/resources/assets/lotr/textures/block/pink_stained_glass_pane_top.png src/main/resources/assets/lotr/textures/block/purple_stained_glass_pane_top.png src/main/resources/assets/lotr/textures/block/red_stained_glass_pane_top.png src/main/resources/assets/lotr/textures/block/silver_stained_glass_pane_top.png src/main/resources/assets/lotr/textures/block/white_stained_glass_pane_top.png src/main/resources/assets/lotr/textures/block/yellow_stained_glass_pane_top.png,ported
textures/blocks,textures/blocks/goldBars.png,src/main/resources/assets/lotr/textures/block/gold_bars.png,ported
textures/blocks,textures/blocks/gondorianCraftingTable_side.png,src/main/resources/assets/lotr/textures/block/gondorian_crafting_table_side.png,ported
textures/blocks,textures/blocks/gondorianCraftingTable_top.png,src/main/resources/assets/lotr/textures/block/gondorian_crafting_table_top.png,ported
textures/blocks,textures/blocks/goran.png,,missing
textures/blocks,textures/blocks/goran_rock.png,,missing
textures/blocks,textures/blocks/grapevine.png,src/main/resources/assets/lotr/textures/block/grapevine.png,ported
textures/blocks,textures/blocks/grapevineRed_grapes.png,src/main/resources/assets/lotr/textures/block/red_grapevine_grapes.png,ported
textures/blocks,textures/blocks/grapevineRed_vine.png,src/main/resources/assets/lotr/textures/block/green_grapevine_vine.png src/main/resources/assets/lotr/textures/block/red_grapevine_vine.png,ported
textures/blocks,textures/blocks/grapevineWhite_grapes.png,src/main/resources/assets/lotr/textures/block/green_grapevine_grapes.png,ported
textures/blocks,textures/blocks/grapevineWhite_vine.png,src/main/resources/assets/lotr/textures/block/green_grapevine_vine.png src/main/resources/assets/lotr/textures/block/red_grapevine_vine.png,ported
textures/blocks,textures/blocks/gulfCraftingTable_side.png,src/main/resources/assets/lotr/textures/block/gulf_crafting_table_side.png,ported
textures/blocks,textures/blocks/gulfCraftingTable_top.png,src/main/resources/assets/lotr/textures/block/gulf_crafting_table_top.png,ported
textures/blocks,textures/blocks/gundabadCraftingTable_side.png,src/main/resources/assets/lotr/textures/block/gundabad_crafting_table_side.png,ported
textures/blocks,textures/blocks/gundabadCraftingTable_top.png,src/main/resources/assets/lotr/textures/block/gundabad_crafting_table_top.png,ported
textures/blocks,textures/blocks/halfTrollCraftingTable_side.png,src/main/resources/assets/lotr/textures/block/half_troll_crafting_table_side.png,ported
textures/blocks,textures/blocks/halfTrollCraftingTable_top.png,src/main/resources/assets/lotr/textures/block/half_troll_crafting_table_top.png,ported
textures/blocks,textures/blocks/haradFlower_daisy.png,src/main/resources/assets/lotr/textures/block/harad_flower_daisy.png,ported
textures/blocks,textures/blocks/haradFlower_pink.png,src/main/resources/assets/lotr/textures/block/pink_harad_flower.png,ported
textures/blocks,textures/blocks/haradFlower_red.png,src/main/resources/assets/lotr/textures/block/red_harad_flower.png,ported
textures/blocks,textures/blocks/haradFlower_redALT.png,,missing
textures/blocks,textures/blocks/haradFlower_yellow.png,src/main/resources/assets/lotr/textures/block/yellow_harad_flower.png,ported
textures/blocks,textures/blocks/hearth_bottom.png,src/main/resources/assets/lotr/textures/block/hearth_bottom.png,ported
textures/blocks,textures/blocks/hearth_side.png,src/main/resources/assets/lotr/textures/block/hearth.png,ported
textures/blocks,textures/blocks/hearth_top.png,src/main/resources/assets/lotr/textures/block/hearth_top.png,ported
textures/blocks,textures/blocks/highElfBars.png,src/main/resources/assets/lotr/textures/block/high_elf_bars.png,ported
textures/blocks,textures/blocks/highElfWoodBars.png,src/main/resources/assets/lotr/textures/block/high_elf_wood_bars.png,ported
textures/blocks,textures/blocks/highElvenBed_feet_end.png,src/main/resources/assets/lotr/textures/block/high_elven_bed_foot_end.png,ported
textures/blocks,textures/blocks/highElvenBed_feet_side.png,src/main/resources/assets/lotr/textures/block/high_elven_bed_foot_side.png,ported
textures/blocks,textures/blocks/highElvenBed_feet_top.png,src/main/resources/assets/lotr/textures/block/high_elven_bed_foot_top.png,ported
textures/blocks,textures/blocks/highElvenBed_head_end.png,src/main/resources/assets/lotr/textures/block/high_elven_bed_head_end.png,ported
textures/blocks,textures/blocks/highElvenBed_head_side.png,src/main/resources/assets/lotr/textures/block/high_elven_bed_head_side.png,ported
textures/blocks,textures/blocks/highElvenBed_head_top.png,src/main/resources/assets/lotr/textures/block/high_elven_bed_head_top.png,ported
textures/blocks,textures/blocks/highElvenCraftingTable_side.png,src/main/resources/assets/lotr/textures/block/high_elven_crafting_table_side.png,ported
textures/blocks,textures/blocks/highElvenCraftingTable_top.png,src/main/resources/assets/lotr/textures/block/high_elven_crafting_table_top.png,ported
textures/blocks,textures/blocks/highElvenTorch.png,src/main/resources/assets/lotr/textures/block/high_elven_torch.png src/main/resources/assets/lotr/textures/block/high_elven_wall_torch.png,ported
textures/blocks,textures/blocks/hithlainLadder.png,src/main/resources/assets/lotr/textures/block/hithlain_ladder.png,ported
textures/blocks,textures/blocks/hobbitCraftingTable_side.png,src/main/resources/assets/lotr/textures/block/hobbit_crafting_table_side.png,ported
textures/blocks,textures/blocks/hobbitCraftingTable_top.png,src/main/resources/assets/lotr/textures/block/hobbit_crafting_table_top.png,ported
textures/blocks,textures/blocks/hobbitOven_active.png,src/main/resources/assets/lotr/textures/block/hobbit_oven_front_on.png,ported
textures/blocks,textures/blocks/hobbitOven_front.png,src/main/resources/assets/lotr/textures/block/hobbit_oven_front.png,ported
textures/blocks,textures/blocks/hobbitOven_side.png,src/main/resources/assets/lotr/textures/block/hobbit_oven_side.png,ported
textures/blocks,textures/blocks/hobbitOven_top.png,src/main/resources/assets/lotr/textures/block/hobbit_oven_top.png,ported
textures/blocks,textures/blocks/ivy.png,src/main/resources/assets/lotr/textures/block/ivy.png,ported
textures/blocks,textures/blocks/ivyRed.png,src/main/resources/assets/lotr/textures/block/red_ivy.png,ported
textures/blocks,textures/blocks/kebabBlock.png,src/main/resources/assets/lotr/textures/block/kebab_block.png,ported
textures/blocks,textures/blocks/lavender.png,src/main/resources/assets/lotr/textures/block/lavender.png,ported
textures/blocks,textures/blocks/leaves2_banana_fancy.png,src/main/resources/assets/lotr/textures/block/banana_leaves.png,ported
textures/blocks,textures/blocks/leaves2_banana_fast.png,,missing
textures/blocks,textures/blocks/leaves2_beech_fancy.png,src/main/resources/assets/lotr/textures/block/beech_leaves.png,ported
textures/blocks,textures/blocks/leaves2_beech_fast.png,,missing
textures/blocks,textures/blocks/leaves2_holly_fancy.png,src/main/resources/assets/lotr/textures/block/holly_leaves.png,ported
textures/blocks,textures/blocks/leaves2_holly_fast.png,,missing
textures/blocks,textures/blocks/leaves2_lebethron_fancy.png,src/main/resources/assets/lotr/textures/block/lebethron_leaves.png,ported
textures/blocks,textures/blocks/leaves2_lebethron_fast.png,,missing
textures/blocks,textures/blocks/leaves3_datePalm_fancy.png,src/main/resources/assets/lotr/textures/block/date_palm_leaves.png,ported
textures/blocks,textures/blocks/leaves3_datePalm_fast.png,,missing
textures/blocks,textures/blocks/leaves3_larch_fancy.png,src/main/resources/assets/lotr/textures/block/larch_leaves.png,ported
textures/blocks,textures/blocks/leaves3_larch_fast.png,,missing
textures/blocks,textures/blocks/leaves3_mangrove_fancy.png,src/main/resources/assets/lotr/textures/block/mangrove_leaves.png,ported
textures/blocks,textures/blocks/leaves3_mangrove_fast.png,,missing
textures/blocks,textures/blocks/leaves3_maple_fancy.png,src/main/resources/assets/lotr/textures/block/maple_leaves.png,ported
textures/blocks,textures/blocks/leaves3_maple_fast.png,,missing
textures/blocks,textures/blocks/leaves4_baobab_fancy.png,src/main/resources/assets/lotr/textures/block/baobab_leaves.png,ported
textures/blocks,textures/blocks/leaves4_baobab_fast.png,,missing
textures/blocks,textures/blocks/leaves4_cedar_fancy.png,src/main/resources/assets/lotr/textures/block/cedar_leaves.png,ported
textures/blocks,textures/blocks/leaves4_cedar_fast.png,,missing
textures/blocks,textures/blocks/leaves4_chestnut_fancy.png,src/main/resources/assets/lotr/textures/block/chestnut_leaves.png,ported
textures/blocks,textures/blocks/leaves4_chestnut_fast.png,,missing
textures/blocks,textures/blocks/leaves4_fir_fancy.png,src/main/resources/assets/lotr/textures/block/fir_leaves.png,ported
textures/blocks,textures/blocks/leaves4_fir_fast.png,,missing
textures/blocks,textures/blocks/leaves5_lemon_fancy.png,src/main/resources/assets/lotr/textures/block/lemon_leaves.png,ported
textures/blocks,textures/blocks/leaves5_lemon_fast.png,,missing
textures/blocks,textures/blocks/leaves5_lime_fancy.png,src/main/resources/assets/lotr/textures/block/lime_leaves.png,ported
textures/blocks,textures/blocks/leaves5_lime_fast.png,,missing
textures/blocks,textures/blocks/leaves5_orange_fancy.png,src/main/resources/assets/lotr/textures/block/orange_leaves.png,ported
textures/blocks,textures/blocks/leaves5_orange_fast.png,,missing
textures/blocks,textures/blocks/leaves5_pine_fancy.png,src/main/resources/assets/lotr/textures/block/pine_leaves.png,ported
textures/blocks,textures/blocks/leaves5_pine_fast.png,,missing
textures/blocks,textures/blocks/leaves6_cypress_fancy.png,src/main/resources/assets/lotr/textures/block/cypress_leaves.png,ported
textures/blocks,textures/blocks/leaves6_cypress_fast.png,,missing
textures/blocks,textures/blocks/leaves6_mahogany_fancy.png,src/main/resources/assets/lotr/textures/block/mahogany_leaves.png,ported
textures/blocks,textures/blocks/leaves6_mahogany_fast.png,,missing
textures/blocks,textures/blocks/leaves6_olive_fancy.png,src/main/resources/assets/lotr/textures/block/olive_leaves.png,ported
textures/blocks,textures/blocks/leaves6_olive_fast.png,,missing
textures/blocks,textures/blocks/leaves6_willow_fancy.png,src/main/resources/assets/lotr/textures/block/willow_leaves.png,ported
textures/blocks,textures/blocks/leaves6_willow_fast.png,,missing
textures/blocks,textures/blocks/leaves7_almond_fancy.png,src/main/resources/assets/lotr/textures/block/almond_leaves.png,ported
textures/blocks,textures/blocks/leaves7_almond_fast.png,,missing
textures/blocks,textures/blocks/leaves7_aspen_fancy.png,src/main/resources/assets/lotr/textures/block/aspen_leaves.png,ported
textures/blocks,textures/blocks/leaves7_aspen_fast.png,,missing
textures/blocks,textures/blocks/leaves7_greenOak_fancy.png,src/main/resources/assets/lotr/textures/block/green_oak_leaves.png,ported
textures/blocks,textures/blocks/leaves7_greenOak_fast.png,,missing
textures/blocks,textures/blocks/leaves7_lairelosse_fancy.png,src/main/resources/assets/lotr/textures/block/lairelosse_leaves.png,ported
textures/blocks,textures/blocks/leaves7_lairelosse_fast.png,,missing
textures/blocks,textures/blocks/leaves8_palm_fancy.png,src/main/resources/assets/lotr/textures/block/palm_leaves.png,ported
textures/blocks,textures/blocks/leaves8_palm_fast.png,,missing
textures/blocks,textures/blocks/leaves8_plum_fancy.png,src/main/resources/assets/lotr/textures/block/plum_leaves.png,ported
textures/blocks,textures/blocks/leaves8_plum_fast.png,,missing
textures/blocks,textures/blocks/leaves8_pomegranate_fancy.png,src/main/resources/assets/lotr/textures/block/pomegranate_leaves.png,ported
textures/blocks,textures/blocks/leaves8_pomegranate_fast.png,,missing
textures/blocks,textures/blocks/leaves8_redwood_fancy.png,src/main/resources/assets/lotr/textures/block/redwood_leaves.png,ported
textures/blocks,textures/blocks/leaves8_redwood_fast.png,,missing
textures/blocks,textures/blocks/leaves9_dragon_fancy.png,src/main/resources/assets/lotr/textures/block/dragon_leaves.png,ported
textures/blocks,textures/blocks/leaves9_dragon_fast.png,,missing
textures/blocks,textures/blocks/leaves9_kanuka_fancy.png,src/main/resources/assets/lotr/textures/block/kanuka_leaves.png,ported
textures/blocks,textures/blocks/leaves9_kanuka_fast.png,,missing
textures/blocks,textures/blocks/leavesV1_birch_fancy.png,,missing
textures/blocks,textures/blocks/leavesV1_birch_fast.png,,missing
textures/blocks,textures/blocks/leavesV1_jungle_fancy.png,,missing
textures/blocks,textures/blocks/leavesV1_jungle_fast.png,,missing
textures/blocks,textures/blocks/leavesV1_oak_fancy.png,,missing
textures/blocks,textures/blocks/leavesV1_oak_fast.png,,missing
textures/blocks,textures/blocks/leavesV1_spruce_fancy.png,,missing
textures/blocks,textures/blocks/leavesV1_spruce_fast.png,,missing
textures/blocks,textures/blocks/leavesV2_acacia_fancy.png,,missing
textures/blocks,textures/blocks/leavesV2_acacia_fast.png,,missing
textures/blocks,textures/blocks/leavesV2_darkOak_fancy.png,,missing
textures/blocks,textures/blocks/leavesV2_darkOak_fast.png,,missing
textures/blocks,textures/blocks/leaves_mallorn_fancy.png,src/main/resources/assets/lotr/textures/block/mallorn_leaves.png,ported
textures/blocks,textures/blocks/leaves_mallorn_fast.png,,missing
textures/blocks,textures/blocks/leaves_mirkOakRed_fancy.png,src/main/resources/assets/lotr/textures/block/mirk_oak_red_leaves.png,ported
textures/blocks,textures/blocks/leaves_mirkOakRed_fast.png,,missing
textures/blocks,textures/blocks/leaves_mirkOak_fancy.png,src/main/resources/assets/lotr/textures/block/mirk_oak_leaves.png,ported
textures/blocks,textures/blocks/leaves_mirkOak_fast.png,,missing
textures/blocks,textures/blocks/leaves_shirePine_fancy.png,src/main/resources/assets/lotr/textures/block/shire_pine_leaves.png,ported
textures/blocks,textures/blocks/leaves_shirePine_fast.png,,missing
textures/blocks,textures/blocks/leek_0.png,src/main/resources/assets/lotr/textures/block/leek_crop_stage0.png,ported
textures/blocks,textures/blocks/leek_1.png,src/main/resources/assets/lotr/textures/block/leek_crop_stage1.png,ported
textures/blocks,textures/blocks/leek_2.png,src/main/resources/assets/lotr/textures/block/leek_crop_stage2.png,ported
textures/blocks,textures/blocks/leek_3.png,src/main/resources/assets/lotr/textures/item/leek_crop.png src/main/resources/assets/lotr/textures/block/leek_crop_stage3.png,ported
textures/blocks,textures/blocks/lemonCake_bottom.png,src/main/resources/assets/lotr/textures/block/lemon_cake_bottom.png,ported
textures/blocks,textures/blocks/lemonCake_inner.png,src/main/resources/assets/lotr/textures/block/lemon_cake_inner.png,ported
textures/blocks,textures/blocks/lemonCake_side.png,src/main/resources/assets/lotr/textures/block/lemon_cake_side.png,ported
textures/blocks,textures/blocks/lemonCake_top.png,src/main/resources/assets/lotr/textures/block/lemon_cake_top.png,ported
textures/blocks,textures/blocks/lettuce_0.png,src/main/resources/assets/lotr/textures/block/lettuce_crop_stage0.png,ported
textures/blocks,textures/blocks/lettuce_1.png,src/main/resources/assets/lotr/textures/block/lettuce_crop_stage1.png,ported
textures/blocks,textures/blocks/lettuce_2.png,src/main/resources/assets/lotr/textures/block/lettuce_crop_stage2.png,ported
textures/blocks,textures/blocks/lettuce_3.png,src/main/resources/assets/lotr/textures/item/lettuce_crop.png src/main/resources/assets/lotr/textures/block/lettuce_crop_stage3.png,ported
textures/blocks,textures/blocks/lionBed_feet_end.png,src/main/resources/assets/lotr/textures/block/lion_fur_bed_foot_end.png,ported
textures/blocks,textures/blocks/lionBed_feet_side.png,src/main/resources/assets/lotr/textures/block/lion_fur_bed_foot_side.png,ported
textures/blocks,textures/blocks/lionBed_feet_top.png,src/main/resources/assets/lotr/textures/block/lion_fur_bed_foot_top.png,ported
textures/blocks,textures/blocks/lionBed_head_end.png,src/main/resources/assets/lotr/textures/block/lion_fur_bed_head_end.png,ported
textures/blocks,textures/blocks/lionBed_head_side.png,src/main/resources/assets/lotr/textures/block/lion_fur_bed_head_side.png,ported
textures/blocks,textures/blocks/lionBed_head_top.png,src/main/resources/assets/lotr/textures/block/lion_fur_bed_head_top.png,ported
textures/blocks,textures/blocks/mallornLadder.png,src/main/resources/assets/lotr/textures/block/mallorn_ladder.png,ported
textures/blocks,textures/blocks/mallornTorch.png,src/main/resources/assets/lotr/textures/block/mallorn_torch.png src/main/resources/assets/lotr/textures/block/mallorn_wall_torch.png,ported
textures/blocks,textures/blocks/mallornTorchBlue.png,src/main/resources/assets/lotr/textures/block/mallorn_blue_wall_torch.png src/main/resources/assets/lotr/textures/block/blue_mallorn_torch.png,ported
textures/blocks,textures/blocks/mallornTorchGold.png,src/main/resources/assets/lotr/textures/block/mallorn_gold_torch.png src/main/resources/assets/lotr/textures/block/mallorn_gold_wall_torch.png,ported
textures/blocks,textures/blocks/mallornTorchGreen.png,src/main/resources/assets/lotr/textures/block/mallorn_green_wall_torch.png src/main/resources/assets/lotr/textures/block/green_mallorn_torch.png,ported
textures/blocks,textures/blocks/marigold.png,src/main/resources/assets/lotr/textures/block/marigold.png,ported
textures/blocks,textures/blocks/marzipanBlock_bottom.png,src/main/resources/assets/lotr/textures/block/marchpane_block_bottom.png,ported
textures/blocks,textures/blocks/marzipanBlock_inner.png,src/main/resources/assets/lotr/textures/block/marchpane_block_inner.png src/main/resources/assets/lotr/textures/block/marchpane_block_side.png,ported
textures/blocks,textures/blocks/marzipanBlock_side.png,src/main/resources/assets/lotr/textures/block/marchpane_block_inner.png src/main/resources/assets/lotr/textures/block/marchpane_block_side.png,ported
textures/blocks,textures/blocks/marzipanBlock_top.png,src/main/resources/assets/lotr/textures/block/marchpane_block_top.png,ported
textures/blocks,textures/blocks/marzipanChocolate.png,src/main/resources/assets/lotr/textures/block/marzipan_chocolate.png,ported
textures/blocks,textures/blocks/mechanisedRail_off.png,src/main/resources/assets/lotr/textures/block/mechanised_rail.png,ported
textures/blocks,textures/blocks/mechanisedRail_on.png,src/main/resources/assets/lotr/textures/block/mechanised_rail_on.png,ported
textures/blocks,textures/blocks/millstone_side.png,src/main/resources/assets/lotr/textures/block/millstone_side.png,ported
textures/blocks,textures/blocks/millstone_side_active.png,src/main/resources/assets/lotr/textures/block/millstone_side_active.png,ported
textures/blocks,textures/blocks/millstone_top.png,src/main/resources/assets/lotr/textures/block/millstone_top.png,ported
textures/blocks,textures/blocks/millstone_top_active.png,src/main/resources/assets/lotr/textures/block/millstone_top_active.png,ported
textures/blocks,textures/blocks/mirkVines.png,src/main/resources/assets/lotr/textures/block/mirk_vines.png,ported
textures/blocks,textures/blocks/mithrilBars.png,src/main/resources/assets/lotr/textures/block/mithril_bars.png,ported
textures/blocks,textures/blocks/mordorDirt.png,src/main/resources/assets/lotr/textures/block/mordor_dirt.png,ported
textures/blocks,textures/blocks/mordorGrass.png,src/main/resources/assets/lotr/textures/block/mordor_grass.png,ported
textures/blocks,textures/blocks/mordorGravel.png,src/main/resources/assets/lotr/textures/block/mordor_gravel.png,ported
textures/blocks,textures/blocks/mordorMoss.png,src/main/resources/assets/lotr/textures/block/mordor_moss.png,ported
textures/blocks,textures/blocks/mordorThorn.png,src/main/resources/assets/lotr/textures/block/mordor_thorn.png,ported
textures/blocks,textures/blocks/moredainCraftingTable_side.png,src/main/resources/assets/lotr/textures/block/moredain_crafting_table_side.png,ported
textures/blocks,textures/blocks/moredainCraftingTable_top.png,src/main/resources/assets/lotr/textures/block/moredain_crafting_table_top.png,ported
textures/blocks,textures/blocks/morgulCraftingTable_side.png,src/main/resources/assets/lotr/textures/block/morgul_crafting_table_side.png,ported
textures/blocks,textures/blocks/morgulCraftingTable_top.png,src/main/resources/assets/lotr/textures/block/morgul_crafting_table_top.png,ported
textures/blocks,textures/blocks/morgulFlower.png,src/main/resources/assets/lotr/textures/block/morgul_flower.png,ported
textures/blocks,textures/blocks/morgulShroom.png,src/main/resources/assets/lotr/textures/block/morgul_shroom.png,ported
textures/blocks,textures/blocks/morgulTorch.png,src/main/resources/assets/lotr/textures/block/morgul_torch.png src/main/resources/assets/lotr/textures/block/morgul_wall_torch.png,ported
textures/blocks,textures/blocks/mud.png,src/main/resources/assets/lotr/textures/block/barren_jungle_mud.png src/main/resources/assets/lotr/textures/block/mud.png,ported
textures/blocks,textures/blocks/mudFarmland_dry.png,src/main/resources/assets/lotr/textures/block/mud_farmland.png,ported
textures/blocks,textures/blocks/mudFarmland_wet.png,src/main/resources/assets/lotr/textures/block/mud_farmland_moist.png,ported
textures/blocks,textures/blocks/mudGrass_side.png,src/main/resources/assets/lotr/textures/block/mud_grass_side.png,ported
textures/blocks,textures/blocks/mudGrass_top.png,src/main/resources/assets/lotr/textures/block/mud_grass_top.png,ported
textures/blocks,textures/blocks/nearHaradCraftingTable_side.png,src/main/resources/assets/lotr/textures/block/near_harad_crafting_table_side.png,ported
textures/blocks,textures/blocks/nearHaradCraftingTable_top.png,src/main/resources/assets/lotr/textures/block/near_harad_crafting_table_top.png,ported
textures/blocks,textures/blocks/niphredil.png,src/main/resources/assets/lotr/textures/block/niphredil.png,ported
textures/blocks,textures/blocks/obsidianGravel.png,src/main/resources/assets/lotr/textures/block/obsidian_gravel.png,ported
textures/blocks,textures/blocks/orcBed_feet_end.png,src/main/resources/assets/lotr/textures/block/orc_bed_foot_end.png,ported
textures/blocks,textures/blocks/orcBed_feet_side.png,src/main/resources/assets/lotr/textures/block/orc_bed_foot_side.png,ported
textures/blocks,textures/blocks/orcBed_feet_top.png,src/main/resources/assets/lotr/textures/block/orc_bed_foot_top.png,ported
textures/blocks,textures/blocks/orcBed_head_end.png,src/main/resources/assets/lotr/textures/block/orc_bed_head_end.png,ported
textures/blocks,textures/blocks/orcBed_head_side.png,src/main/resources/assets/lotr/textures/block/orc_bed_head_side.png,ported
textures/blocks,textures/blocks/orcBed_head_top.png,src/main/resources/assets/lotr/textures/block/orc_bed_head_top.png,ported
textures/blocks,textures/blocks/orcBomb_fire_side.png,src/main/resources/assets/lotr/textures/block/orc_fire_bomb_side.png,ported
textures/blocks,textures/blocks/orcBomb_fire_top.png,src/main/resources/assets/lotr/textures/block/orc_fire_bomb_top.png,ported
textures/blocks,textures/blocks/orcBomb_handle.png,src/main/resources/assets/lotr/textures/block/orc_bomb_handle.png,ported
textures/blocks,textures/blocks/orcBomb_side.png,src/main/resources/assets/lotr/textures/block/orc_bomb_side.png,ported
textures/blocks,textures/blocks/orcBomb_top.png,src/main/resources/assets/lotr/textures/block/orc_bomb_top.png,ported
textures/blocks,textures/blocks/orcChain_bottom.png,src/main/resources/assets/lotr/textures/block/orc_chain_bottom.png,ported
textures/blocks,textures/blocks/orcChain_mid.png,src/main/resources/assets/lotr/textures/block/orc_chain_mid.png,ported
textures/blocks,textures/blocks/orcChain_single.png,src/main/resources/assets/lotr/textures/block/orc_chain_top.png src/main/resources/assets/lotr/textures/block/orc_chain_single.png,ported
textures/blocks,textures/blocks/orcChain_top.png,src/main/resources/assets/lotr/textures/block/orc_chain_top.png src/main/resources/assets/lotr/textures/block/orc_chain_single.png,ported
textures/blocks,textures/blocks/orcForge_active.png,src/main/resources/assets/lotr/textures/block/orc_forge_front_on.png,ported
textures/blocks,textures/blocks/orcForge_front.png,src/main/resources/assets/lotr/textures/block/orc_forge_front.png,ported
textures/blocks,textures/blocks/orcForge_side.png,src/main/resources/assets/lotr/textures/block/orc_forge_side.png,ported
textures/blocks,textures/blocks/orcForge_top.png,src/main/resources/assets/lotr/textures/block/orc_forge_top.png,ported
textures/blocks,textures/blocks/orcPlating_iron.png,src/main/resources/assets/lotr/textures/block/orc_plating_iron.png,ported
textures/blocks,textures/blocks/orcPlating_rust.png,src/main/resources/assets/lotr/textures/block/orc_plating_rust.png,ported
textures/blocks,textures/blocks/orcSteelBars.png,src/main/resources/assets/lotr/textures/block/orc_steel_bars.png,ported
textures/blocks,textures/blocks/orcTorch_bottom.png,src/main/resources/assets/lotr/textures/block/orc_torch_bottom.png,ported
textures/blocks,textures/blocks/orcTorch_top.png,src/main/resources/assets/lotr/textures/block/orc_torch_top.png,ported
textures/blocks,textures/blocks/oreCopper.png,,missing
textures/blocks,textures/blocks/oreGem_amber.png,src/main/resources/assets/lotr/textures/block/amber_ore.png,ported
textures/blocks,textures/blocks/oreGem_amethyst.png,src/main/resources/assets/lotr/textures/block/amethyst_ore.png,ported
textures/blocks,textures/blocks/oreGem_diamond.png,src/main/resources/assets/lotr/textures/block/diamond_ore.png,ported
textures/blocks,textures/blocks/oreGem_emerald.png,src/main/resources/assets/lotr/textures/block/emerald_ore.png,ported
textures/blocks,textures/blocks/oreGem_opal.png,src/main/resources/assets/lotr/textures/block/opal_ore.png,ported
textures/blocks,textures/blocks/oreGem_ruby.png,src/main/resources/assets/lotr/textures/block/ruby_ore.png,ported
textures/blocks,textures/blocks/oreGem_sapphire.png,src/main/resources/assets/lotr/textures/block/sapphire_ore.png,ported
textures/blocks,textures/blocks/oreGem_topaz.png,src/main/resources/assets/lotr/textures/block/topaz_ore.png,ported
textures/blocks,textures/blocks/oreGlowstone.png,src/main/resources/assets/lotr/textures/block/glowstone_ore.png,ported
textures/blocks,textures/blocks/oreGulduril.png,src/main/resources/assets/lotr/textures/block/gulduril_ore.png,ported
textures/blocks,textures/blocks/oreGulduril_mordor.png,src/main/resources/assets/lotr/textures/block/gulduril_mordor_ore.png,ported
textures/blocks,textures/blocks/oreMithril.png,src/main/resources/assets/lotr/textures/block/mithril_ore.png,ported
textures/blocks,textures/blocks/oreMorgulIron.png,src/main/resources/assets/lotr/textures/block/morgul_iron_ore.png,ported
textures/blocks,textures/blocks/oreMorgulIron_mordor.png,src/main/resources/assets/lotr/textures/block/morgul_iron_mordor_ore.png,ported
textures/blocks,textures/blocks/oreNaurite.png,src/main/resources/assets/lotr/textures/block/naurite_ore.png,ported
textures/blocks,textures/blocks/oreQuendite.png,src/main/resources/assets/lotr/textures/block/quendite_ore.png,ported
textures/blocks,textures/blocks/oreSalt.png,src/main/resources/assets/lotr/textures/block/salt_ore.png,ported
textures/blocks,textures/blocks/oreSaltpeter.png,src/main/resources/assets/lotr/textures/block/saltpeter_ore.png,ported
textures/blocks,textures/blocks/oreSilver.png,src/main/resources/assets/lotr/textures/block/silver_ore.png,ported
textures/blocks,textures/blocks/oreStorage2_blackUrukSteel.png,src/main/resources/assets/lotr/textures/block/black_uruk_steel_block.png,ported
textures/blocks,textures/blocks/oreStorage2_elfSteel.png,src/main/resources/assets/lotr/textures/block/elf_steel_block.png,ported
textures/blocks,textures/blocks/oreStorage2_gildedIron.png,src/main/resources/assets/lotr/textures/block/gilded_iron_block.png,ported
textures/blocks,textures/blocks/oreStorage2_salt.png,src/main/resources/assets/lotr/textures/block/salt_block.png,ported
textures/blocks,textures/blocks/oreStorage_blueDwarfSteel.png,src/main/resources/assets/lotr/textures/block/blue_dwarf_steel_block.png,ported
textures/blocks,textures/blocks/oreStorage_bronze.png,src/main/resources/assets/lotr/textures/block/bronze_block.png,ported
textures/blocks,textures/blocks/oreStorage_copper.png,,missing
textures/blocks,textures/blocks/oreStorage_dwarfSteel.png,src/main/resources/assets/lotr/textures/block/dwarf_steel_block.png,ported
textures/blocks,textures/blocks/oreStorage_galvorn.png,src/main/resources/assets/lotr/textures/block/galvorn_block.png,ported
textures/blocks,textures/blocks/oreStorage_gulduril.png,src/main/resources/assets/lotr/textures/block/gulduril_block.png,ported
textures/blocks,textures/blocks/oreStorage_mithril_base.png,src/main/resources/assets/lotr/textures/block/mithril_block.png src/main/resources/assets/lotr/textures/block/ctm/mithril_block_base.png,ported
textures/blocks,textures/blocks/oreStorage_mithril_bottom.png,src/main/resources/assets/lotr/textures/block/ctm/mithril_block_edge_bottom.png,ported
textures/blocks,textures/blocks/oreStorage_mithril_bottomLeft.png,src/main/resources/assets/lotr/textures/block/ctm/mithril_block_corner_bottom_left.png,ported
textures/blocks,textures/blocks/oreStorage_mithril_bottomLeftInv.png,src/main/resources/assets/lotr/textures/block/ctm/mithril_block_inner_bottom_left.png,ported
textures/blocks,textures/blocks/oreStorage_mithril_bottomRight.png,src/main/resources/assets/lotr/textures/block/ctm/mithril_block_corner_bottom_right.png,ported
textures/blocks,textures/blocks/oreStorage_mithril_bottomRightInv.png,src/main/resources/assets/lotr/textures/block/ctm/mithril_block_inner_bottom_right.png,ported
textures/blocks,textures/blocks/oreStorage_mithril_left.png,src/main/resources/assets/lotr/textures/block/ctm/mithril_block_edge_left.png,ported
textures/blocks,textures/blocks/oreStorage_mithril_right.png,src/main/resources/assets/lotr/textures/block/ctm/mithril_block_edge_right.png,ported
textures/blocks,textures/blocks/oreStorage_mithril_top.png,src/main/resources/assets/lotr/textures/block/ctm/mithril_block_edge_top.png,ported
textures/blocks,textures/blocks/oreStorage_mithril_topLeft.png,src/main/resources/assets/lotr/textures/block/ctm/mithril_block_corner_top_left.png,ported
textures/blocks,textures/blocks/oreStorage_mithril_topLeftInv.png,src/main/resources/assets/lotr/textures/block/ctm/mithril_block_inner_top_left.png,ported
textures/blocks,textures/blocks/oreStorage_mithril_topRight.png,src/main/resources/assets/lotr/textures/block/ctm/mithril_block_corner_top_right.png,ported
textures/blocks,textures/blocks/oreStorage_mithril_topRightInv.png,src/main/resources/assets/lotr/textures/block/ctm/mithril_block_inner_top_right.png,ported
textures/blocks,textures/blocks/oreStorage_morgulSteel.png,src/main/resources/assets/lotr/textures/block/morgul_steel_block.png,ported
textures/blocks,textures/blocks/oreStorage_morgulSteel_side.png,src/main/resources/assets/lotr/textures/block/morgul_steel_block_side.png,ported
textures/blocks,textures/blocks/oreStorage_naurite.png,src/main/resources/assets/lotr/textures/block/naurite_block.png,ported
textures/blocks,textures/blocks/oreStorage_orcSteel.png,src/main/resources/assets/lotr/textures/block/orc_steel_block.png,ported
textures/blocks,textures/blocks/oreStorage_orcSteel_side.png,src/main/resources/assets/lotr/textures/block/orc_steel_block_side.png,ported
textures/blocks,textures/blocks/oreStorage_quendite.png,src/main/resources/assets/lotr/textures/block/quendite_block.png,ported
textures/blocks,textures/blocks/oreStorage_saltpeter.png,src/main/resources/assets/lotr/textures/block/saltpeter_block.png,ported
textures/blocks,textures/blocks/oreStorage_silver.png,src/main/resources/assets/lotr/textures/block/silver_block.png,ported
textures/blocks,textures/blocks/oreStorage_sulfur.png,src/main/resources/assets/lotr/textures/block/sulfur_block.png,ported
textures/blocks,textures/blocks/oreStorage_tin.png,src/main/resources/assets/lotr/textures/block/tin_block.png,ported
textures/blocks,textures/blocks/oreStorage_urukSteel.png,src/main/resources/assets/lotr/textures/block/uruk_steel_block.png,ported
textures/blocks,textures/blocks/oreStorage_urukSteel_side.png,src/main/resources/assets/lotr/textures/block/uruk_steel_block_side.png,ported
textures/blocks,textures/blocks/oreSulfur.png,src/main/resources/assets/lotr/textures/block/sulfur_ore.png,ported
textures/blocks,textures/blocks/oreTin.png,src/main/resources/assets/lotr/textures/block/tin_ore.png,ported
textures/blocks,textures/blocks/pillar2_angmar_face.png,src/main/resources/assets/lotr/textures/block/angmar_pillar_top.png,ported
textures/blocks,textures/blocks/pillar2_angmar_side.png,src/main/resources/assets/lotr/textures/block/angmar_pillar_side.png,ported
textures/blocks,textures/blocks/pillar2_angmar_sideBottom.png,src/main/resources/assets/lotr/textures/block/angmar_pillar_side_bottom.png,ported
textures/blocks,textures/blocks/pillar2_angmar_sideMiddle.png,src/main/resources/assets/lotr/textures/block/angmar_pillar_side_middle.png,ported
textures/blocks,textures/blocks/pillar2_angmar_sideTop.png,src/main/resources/assets/lotr/textures/block/angmar_pillar_side_top.png,ported
textures/blocks,textures/blocks/pillar2_arnorCracked_face.png,src/main/resources/assets/lotr/textures/block/cracked_arnor_pillar_top.png,ported
textures/blocks,textures/blocks/pillar2_arnorCracked_side.png,src/main/resources/assets/lotr/textures/block/cracked_arnor_pillar_side.png,ported
textures/blocks,textures/blocks/pillar2_arnorCracked_sideBottom.png,src/main/resources/assets/lotr/textures/block/cracked_arnor_pillar_side_bottom.png,ported
textures/blocks,textures/blocks/pillar2_arnorCracked_sideMiddle.png,src/main/resources/assets/lotr/textures/block/cracked_arnor_pillar_side_middle.png,ported
textures/blocks,textures/blocks/pillar2_arnorCracked_sideTop.png,src/main/resources/assets/lotr/textures/block/cracked_arnor_pillar_side_top.png,ported
textures/blocks,textures/blocks/pillar2_arnor_face.png,src/main/resources/assets/lotr/textures/block/arnor_pillar_top.png,ported
textures/blocks,textures/blocks/pillar2_arnor_side.png,src/main/resources/assets/lotr/textures/block/arnor_pillar_side.png,ported
textures/blocks,textures/blocks/pillar2_arnor_sideBottom.png,src/main/resources/assets/lotr/textures/block/arnor_pillar_side_bottom.png,ported
textures/blocks,textures/blocks/pillar2_arnor_sideMiddle.png,src/main/resources/assets/lotr/textures/block/arnor_pillar_side_middle.png,ported
textures/blocks,textures/blocks/pillar2_arnor_sideTop.png,src/main/resources/assets/lotr/textures/block/arnor_pillar_side_top.png,ported
textures/blocks,textures/blocks/pillar2_brick_face.png,src/main/resources/assets/lotr/textures/block/brick_pillar_top.png,ported
textures/blocks,textures/blocks/pillar2_brick_side.png,src/main/resources/assets/lotr/textures/block/brick_pillar_side.png,ported
textures/blocks,textures/blocks/pillar2_brick_sideBottom.png,src/main/resources/assets/lotr/textures/block/brick_pillar_side_bottom.png,ported
textures/blocks,textures/blocks/pillar2_brick_sideMiddle.png,src/main/resources/assets/lotr/textures/block/brick_pillar_side_middle.png,ported
textures/blocks,textures/blocks/pillar2_brick_sideTop.png,src/main/resources/assets/lotr/textures/block/brick_pillar_side_top.png,ported
textures/blocks,textures/blocks/pillar2_chalk_face.png,src/main/resources/assets/lotr/textures/block/chalk_pillar_top.png,ported
textures/blocks,textures/blocks/pillar2_chalk_side.png,src/main/resources/assets/lotr/textures/block/chalk_pillar_side.png,ported
textures/blocks,textures/blocks/pillar2_chalk_sideBottom.png,src/main/resources/assets/lotr/textures/block/chalk_pillar_side_bottom.png,ported
textures/blocks,textures/blocks/pillar2_chalk_sideMiddle.png,src/main/resources/assets/lotr/textures/block/chalk_pillar_side_middle.png,ported
textures/blocks,textures/blocks/pillar2_chalk_sideTop.png,src/main/resources/assets/lotr/textures/block/chalk_pillar_side_top.png,ported
textures/blocks,textures/blocks/pillar2_dale_face.png,src/main/resources/assets/lotr/textures/block/dale_pillar_top.png,ported
textures/blocks,textures/blocks/pillar2_dale_side.png,src/main/resources/assets/lotr/textures/block/dale_pillar_side.png,ported
textures/blocks,textures/blocks/pillar2_dale_sideBottom.png,src/main/resources/assets/lotr/textures/block/dale_pillar_side_bottom.png,ported
textures/blocks,textures/blocks/pillar2_dale_sideMiddle.png,src/main/resources/assets/lotr/textures/block/dale_pillar_side_middle.png,ported
textures/blocks,textures/blocks/pillar2_dale_sideTop.png,src/main/resources/assets/lotr/textures/block/dale_pillar_side_top.png,ported
textures/blocks,textures/blocks/pillar2_dorwinionMossy_face.png,src/main/resources/assets/lotr/textures/block/mossy_dorwinion_pillar_top.png,ported
textures/blocks,textures/blocks/pillar2_dorwinionMossy_side.png,src/main/resources/assets/lotr/textures/block/mossy_dorwinion_pillar_side.png,ported
textures/blocks,textures/blocks/pillar2_dorwinionMossy_sideBottom.png,src/main/resources/assets/lotr/textures/block/mossy_dorwinion_pillar_side_bottom.png,ported
textures/blocks,textures/blocks/pillar2_dorwinionMossy_sideMiddle.png,src/main/resources/assets/lotr/textures/block/mossy_dorwinion_pillar_side_middle.png,ported
textures/blocks,textures/blocks/pillar2_dorwinionMossy_sideTop.png,src/main/resources/assets/lotr/textures/block/mossy_dorwinion_pillar_side_top.png,ported
textures/blocks,textures/blocks/pillar2_dorwinion_face.png,src/main/resources/assets/lotr/textures/block/dorwinion_pillar_top.png,ported
textures/blocks,textures/blocks/pillar2_dorwinion_side.png,src/main/resources/assets/lotr/textures/block/dorwinion_pillar_side.png,ported
textures/blocks,textures/blocks/pillar2_dorwinion_sideBottom.png,src/main/resources/assets/lotr/textures/block/dorwinion_pillar_side_bottom.png,ported
textures/blocks,textures/blocks/pillar2_dorwinion_sideMiddle.png,src/main/resources/assets/lotr/textures/block/dorwinion_pillar_side_middle.png,ported
textures/blocks,textures/blocks/pillar2_dorwinion_sideTop.png,src/main/resources/assets/lotr/textures/block/dorwinion_pillar_side_top.png,ported
textures/blocks,textures/blocks/pillar2_dwarvenCracked_face.png,src/main/resources/assets/lotr/textures/block/cracked_dwarven_pillar_top.png,ported
textures/blocks,textures/blocks/pillar2_dwarvenCracked_side.png,src/main/resources/assets/lotr/textures/block/cracked_dwarven_pillar_side.png,ported
textures/blocks,textures/blocks/pillar2_dwarvenCracked_sideBottom.png,src/main/resources/assets/lotr/textures/block/cracked_dwarven_pillar_side_bottom.png,ported
textures/blocks,textures/blocks/pillar2_dwarvenCracked_sideMiddle.png,src/main/resources/assets/lotr/textures/block/cracked_dwarven_pillar_side_middle.png,ported
textures/blocks,textures/blocks/pillar2_dwarvenCracked_sideTop.png,src/main/resources/assets/lotr/textures/block/cracked_dwarven_pillar_side_top.png,ported
textures/blocks,textures/blocks/pillar2_rhunRed_face.png,src/main/resources/assets/lotr/textures/block/rhun_red_pillar_top.png,ported
textures/blocks,textures/blocks/pillar2_rhunRed_side.png,src/main/resources/assets/lotr/textures/block/rhun_red_pillar_side.png,ported
textures/blocks,textures/blocks/pillar2_rhunRed_sideBottom.png,src/main/resources/assets/lotr/textures/block/rhun_red_pillar_side_bottom.png,ported
textures/blocks,textures/blocks/pillar2_rhunRed_sideMiddle.png,src/main/resources/assets/lotr/textures/block/rhun_red_pillar_side_middle.png,ported
textures/blocks,textures/blocks/pillar2_rhunRed_sideTop.png,src/main/resources/assets/lotr/textures/block/rhun_red_pillar_side_top.png,ported
textures/blocks,textures/blocks/pillar2_rhun_face.png,src/main/resources/assets/lotr/textures/block/rhun_pillar_top.png,ported
textures/blocks,textures/blocks/pillar2_rhun_side.png,src/main/resources/assets/lotr/textures/block/rhun_pillar_side.png,ported
textures/blocks,textures/blocks/pillar2_rhun_sideBottom.png,src/main/resources/assets/lotr/textures/block/rhun_pillar_side_bottom.png,ported
textures/blocks,textures/blocks/pillar2_rhun_sideMiddle.png,src/main/resources/assets/lotr/textures/block/rhun_pillar_side_middle.png,ported
textures/blocks,textures/blocks/pillar2_rhun_sideTop.png,src/main/resources/assets/lotr/textures/block/rhun_pillar_side_top.png,ported
textures/blocks,textures/blocks/pillar2_stone_face.png,src/main/resources/assets/lotr/textures/block/stone_pillar_top.png,ported
textures/blocks,textures/blocks/pillar2_stone_side.png,src/main/resources/assets/lotr/textures/block/stone_pillar_side.png,ported
textures/blocks,textures/blocks/pillar2_stone_sideBottom.png,src/main/resources/assets/lotr/textures/block/stone_pillar_side_bottom.png,ported
textures/blocks,textures/blocks/pillar2_stone_sideMiddle.png,src/main/resources/assets/lotr/textures/block/stone_pillar_side_middle.png,ported
textures/blocks,textures/blocks/pillar2_stone_sideTop.png,src/main/resources/assets/lotr/textures/block/stone_pillar_side_top.png,ported
textures/blocks,textures/blocks/pillar2_taurGold_face.png,src/main/resources/assets/lotr/textures/block/taur_gold_pillar_top.png,ported
textures/blocks,textures/blocks/pillar2_taurGold_side.png,src/main/resources/assets/lotr/textures/block/taur_gold_pillar_side.png,ported
textures/blocks,textures/blocks/pillar2_taurGold_sideBottom.png,src/main/resources/assets/lotr/textures/block/taur_gold_pillar_side_bottom.png,ported
textures/blocks,textures/blocks/pillar2_taurGold_sideMiddle.png,src/main/resources/assets/lotr/textures/block/taur_gold_pillar_side_middle.png,ported
textures/blocks,textures/blocks/pillar2_taurGold_sideTop.png,src/main/resources/assets/lotr/textures/block/taur_gold_pillar_side_top.png,ported
textures/blocks,textures/blocks/pillar2_taurObsidian_face.png,src/main/resources/assets/lotr/textures/block/taur_obsidian_pillar_top.png,ported
textures/blocks,textures/blocks/pillar2_taurObsidian_side.png,src/main/resources/assets/lotr/textures/block/taur_obsidian_pillar_side.png,ported
textures/blocks,textures/blocks/pillar2_taurObsidian_sideBottom.png,src/main/resources/assets/lotr/textures/block/taur_obsidian_pillar_side_bottom.png,ported
textures/blocks,textures/blocks/pillar2_taurObsidian_sideMiddle.png,src/main/resources/assets/lotr/textures/block/taur_obsidian_pillar_side_middle.png,ported
textures/blocks,textures/blocks/pillar2_taurObsidian_sideTop.png,src/main/resources/assets/lotr/textures/block/taur_obsidian_pillar_side_top.png,ported
textures/blocks,textures/blocks/pillar2_umbar_face.png,src/main/resources/assets/lotr/textures/block/umbar_pillar_top.png,ported
textures/blocks,textures/blocks/pillar2_umbar_side.png,src/main/resources/assets/lotr/textures/block/umbar_pillar_side.png,ported
textures/blocks,textures/blocks/pillar2_umbar_sideBottom.png,src/main/resources/assets/lotr/textures/block/umbar_pillar_side_bottom.png,ported
textures/blocks,textures/blocks/pillar2_umbar_sideMiddle.png,src/main/resources/assets/lotr/textures/block/umbar_pillar_side_middle.png,ported
textures/blocks,textures/blocks/pillar2_umbar_sideTop.png,src/main/resources/assets/lotr/textures/block/umbar_pillar_side_top.png,ported
textures/blocks,textures/blocks/pillar2_uruk_face.png,src/main/resources/assets/lotr/textures/block/uruk_pillar_top.png,ported
textures/blocks,textures/blocks/pillar2_uruk_side.png,src/main/resources/assets/lotr/textures/block/uruk_pillar_side.png,ported
textures/blocks,textures/blocks/pillar2_uruk_sideBottom.png,src/main/resources/assets/lotr/textures/block/uruk_pillar_side_bottom.png,ported
textures/blocks,textures/blocks/pillar2_uruk_sideMiddle.png,src/main/resources/assets/lotr/textures/block/uruk_pillar_side_middle.png,ported
textures/blocks,textures/blocks/pillar2_uruk_sideTop.png,src/main/resources/assets/lotr/textures/block/uruk_pillar_side_top.png,ported
textures/blocks,textures/blocks/pillar3_dolGuldur_face.png,src/main/resources/assets/lotr/textures/block/dol_guldur_pillar_top.png,ported
textures/blocks,textures/blocks/pillar3_dolGuldur_side.png,src/main/resources/assets/lotr/textures/block/dol_guldur_pillar_side.png,ported
textures/blocks,textures/blocks/pillar3_dolGuldur_sideBottom.png,src/main/resources/assets/lotr/textures/block/dol_guldur_pillar_side_bottom.png,ported
textures/blocks,textures/blocks/pillar3_dolGuldur_sideMiddle.png,src/main/resources/assets/lotr/textures/block/dol_guldur_pillar_side_middle.png,ported
textures/blocks,textures/blocks/pillar3_dolGuldur_sideTop.png,src/main/resources/assets/lotr/textures/block/dol_guldur_pillar_side_top.png,ported
textures/blocks,textures/blocks/pillar_blackGondor_face.png,src/main/resources/assets/lotr/textures/block/numenorean_pillar_top.png,ported
textures/blocks,textures/blocks/pillar_blackGondor_side.png,src/main/resources/assets/lotr/textures/block/numenorean_pillar_side.png,ported
textures/blocks,textures/blocks/pillar_blackGondor_sideBottom.png,src/main/resources/assets/lotr/textures/block/numenorean_pillar_side_bottom.png,ported
textures/blocks,textures/blocks/pillar_blackGondor_sideMiddle.png,src/main/resources/assets/lotr/textures/block/numenorean_pillar_side_middle.png,ported
textures/blocks,textures/blocks/pillar_blackGondor_sideTop.png,src/main/resources/assets/lotr/textures/block/numenorean_pillar_side_top.png,ported
textures/blocks,textures/blocks/pillar_blueRock_face.png,src/main/resources/assets/lotr/textures/block/blue_rock_pillar_top.png,ported
textures/blocks,textures/blocks/pillar_blueRock_side.png,src/main/resources/assets/lotr/textures/block/blue_rock_pillar_side.png,ported
textures/blocks,textures/blocks/pillar_blueRock_sideBottom.png,src/main/resources/assets/lotr/textures/block/blue_rock_pillar_side_bottom.png,ported
textures/blocks,textures/blocks/pillar_blueRock_sideMiddle.png,src/main/resources/assets/lotr/textures/block/blue_rock_pillar_side_middle.png,ported
textures/blocks,textures/blocks/pillar_blueRock_sideTop.png,src/main/resources/assets/lotr/textures/block/blue_rock_pillar_side_top.png,ported
textures/blocks,textures/blocks/pillar_dwarven_face.png,src/main/resources/assets/lotr/textures/block/dwarven_pillar_top.png,ported
textures/blocks,textures/blocks/pillar_dwarven_side.png,src/main/resources/assets/lotr/textures/block/dwarven_pillar_side.png,ported
textures/blocks,textures/blocks/pillar_dwarven_sideBottom.png,src/main/resources/assets/lotr/textures/block/dwarven_pillar_side_bottom.png,ported
textures/blocks,textures/blocks/pillar_dwarven_sideMiddle.png,src/main/resources/assets/lotr/textures/block/dwarven_pillar_side_middle.png,ported
textures/blocks,textures/blocks/pillar_dwarven_sideTop.png,src/main/resources/assets/lotr/textures/block/dwarven_pillar_side_top.png,ported
textures/blocks,textures/blocks/pillar_galadhrimCracked_face.png,src/main/resources/assets/lotr/textures/block/cracked_galadhrim_pillar_top.png,ported
textures/blocks,textures/blocks/pillar_galadhrimCracked_side.png,src/main/resources/assets/lotr/textures/block/cracked_galadhrim_pillar_side.png,ported
textures/blocks,textures/blocks/pillar_galadhrimCracked_sideBottom.png,src/main/resources/assets/lotr/textures/block/cracked_galadhrim_pillar_side_bottom.png,ported
textures/blocks,textures/blocks/pillar_galadhrimCracked_sideMiddle.png,src/main/resources/assets/lotr/textures/block/cracked_galadhrim_pillar_side_middle.png,ported
textures/blocks,textures/blocks/pillar_galadhrimCracked_sideTop.png,src/main/resources/assets/lotr/textures/block/cracked_galadhrim_pillar_side_top.png,ported
textures/blocks,textures/blocks/pillar_galadhrim_face.png,src/main/resources/assets/lotr/textures/block/galadhrim_pillar_top.png,ported
textures/blocks,textures/blocks/pillar_galadhrim_side.png,src/main/resources/assets/lotr/textures/block/galadhrim_pillar_side.png,ported
textures/blocks,textures/blocks/pillar_galadhrim_sideBottom.png,src/main/resources/assets/lotr/textures/block/galadhrim_pillar_side_bottom.png,ported
textures/blocks,textures/blocks/pillar_galadhrim_sideMiddle.png,src/main/resources/assets/lotr/textures/block/galadhrim_pillar_side_middle.png,ported
textures/blocks,textures/blocks/pillar_galadhrim_sideTop.png,src/main/resources/assets/lotr/textures/block/galadhrim_pillar_side_top.png,ported
textures/blocks,textures/blocks/pillar_gondor_face.png,src/main/resources/assets/lotr/textures/block/gondor_pillar_top.png,ported
textures/blocks,textures/blocks/pillar_gondor_side.png,src/main/resources/assets/lotr/textures/block/gondor_pillar_side.png,ported
textures/blocks,textures/blocks/pillar_gondor_sideBottom.png,src/main/resources/assets/lotr/textures/block/gondor_pillar_side_bottom.png,ported
textures/blocks,textures/blocks/pillar_gondor_sideMiddle.png,src/main/resources/assets/lotr/textures/block/gondor_pillar_side_middle.png,ported
textures/blocks,textures/blocks/pillar_gondor_sideTop.png,src/main/resources/assets/lotr/textures/block/gondor_pillar_side_top.png,ported
textures/blocks,textures/blocks/pillar_highElvenCracked_face.png,src/main/resources/assets/lotr/textures/block/cracked_high_elven_pillar_top.png,ported
textures/blocks,textures/blocks/pillar_highElvenCracked_side.png,src/main/resources/assets/lotr/textures/block/cracked_high_elven_pillar_side.png,ported
textures/blocks,textures/blocks/pillar_highElvenCracked_sideBottom.png,src/main/resources/assets/lotr/textures/block/cracked_high_elven_pillar_side_bottom.png,ported
textures/blocks,textures/blocks/pillar_highElvenCracked_sideMiddle.png,src/main/resources/assets/lotr/textures/block/cracked_high_elven_pillar_side_middle.png,ported
textures/blocks,textures/blocks/pillar_highElvenCracked_sideTop.png,src/main/resources/assets/lotr/textures/block/cracked_high_elven_pillar_side_top.png,ported
textures/blocks,textures/blocks/pillar_highElven_face.png,src/main/resources/assets/lotr/textures/block/high_elven_pillar_top.png,ported
textures/blocks,textures/blocks/pillar_highElven_side.png,src/main/resources/assets/lotr/textures/block/high_elven_pillar_side.png,ported
textures/blocks,textures/blocks/pillar_highElven_sideBottom.png,src/main/resources/assets/lotr/textures/block/high_elven_pillar_side_bottom.png,ported
textures/blocks,textures/blocks/pillar_highElven_sideMiddle.png,src/main/resources/assets/lotr/textures/block/high_elven_pillar_side_middle.png,ported
textures/blocks,textures/blocks/pillar_highElven_sideTop.png,src/main/resources/assets/lotr/textures/block/high_elven_pillar_side_top.png,ported
textures/blocks,textures/blocks/pillar_mordor_face.png,src/main/resources/assets/lotr/textures/block/mordor_pillar_top.png,ported
textures/blocks,textures/blocks/pillar_mordor_side.png,src/main/resources/assets/lotr/textures/block/mordor_pillar_side.png,ported
textures/blocks,textures/blocks/pillar_mordor_sideBottom.png,src/main/resources/assets/lotr/textures/block/mordor_pillar_side_bottom.png,ported
textures/blocks,textures/blocks/pillar_mordor_sideMiddle.png,src/main/resources/assets/lotr/textures/block/mordor_pillar_side_middle.png,ported
textures/blocks,textures/blocks/pillar_mordor_sideTop.png,src/main/resources/assets/lotr/textures/block/mordor_pillar_side_top.png,ported
textures/blocks,textures/blocks/pillar_nearHaradRed_face.png,src/main/resources/assets/lotr/textures/block/near_harad_red_pillar_top.png,ported
textures/blocks,textures/blocks/pillar_nearHaradRed_side.png,src/main/resources/assets/lotr/textures/block/near_harad_red_pillar_side.png,ported
textures/blocks,textures/blocks/pillar_nearHaradRed_sideBottom.png,src/main/resources/assets/lotr/textures/block/near_harad_red_pillar_side_bottom.png,ported
textures/blocks,textures/blocks/pillar_nearHaradRed_sideMiddle.png,src/main/resources/assets/lotr/textures/block/near_harad_red_pillar_side_middle.png,ported
textures/blocks,textures/blocks/pillar_nearHaradRed_sideTop.png,src/main/resources/assets/lotr/textures/block/near_harad_red_pillar_side_top.png,ported
textures/blocks,textures/blocks/pillar_nearHarad_face.png,src/main/resources/assets/lotr/textures/block/near_harad_pillar_top.png,ported
textures/blocks,textures/blocks/pillar_nearHarad_side.png,src/main/resources/assets/lotr/textures/block/near_harad_pillar_side.png,ported
textures/blocks,textures/blocks/pillar_nearHarad_sideBottom.png,src/main/resources/assets/lotr/textures/block/near_harad_pillar_side_bottom.png,ported
textures/blocks,textures/blocks/pillar_nearHarad_sideMiddle.png,src/main/resources/assets/lotr/textures/block/near_harad_pillar_side_middle.png,ported
textures/blocks,textures/blocks/pillar_nearHarad_sideTop.png,src/main/resources/assets/lotr/textures/block/near_harad_pillar_side_top.png,ported
textures/blocks,textures/blocks/pillar_redRock_face.png,src/main/resources/assets/lotr/textures/block/red_rock_pillar_top.png,ported
textures/blocks,textures/blocks/pillar_redRock_side.png,src/main/resources/assets/lotr/textures/block/red_rock_pillar_side.png,ported
textures/blocks,textures/blocks/pillar_redRock_sideBottom.png,src/main/resources/assets/lotr/textures/block/red_rock_pillar_side_bottom.png,ported
textures/blocks,textures/blocks/pillar_redRock_sideMiddle.png,src/main/resources/assets/lotr/textures/block/red_rock_pillar_side_middle.png,ported
textures/blocks,textures/blocks/pillar_redRock_sideTop.png,src/main/resources/assets/lotr/textures/block/red_rock_pillar_side_top.png,ported
textures/blocks,textures/blocks/pillar_rohan_face.png,src/main/resources/assets/lotr/textures/block/rohan_pillar_top.png,ported
textures/blocks,textures/blocks/pillar_rohan_side.png,src/main/resources/assets/lotr/textures/block/rohan_pillar_side.png,ported
textures/blocks,textures/blocks/pillar_rohan_sideBottom.png,src/main/resources/assets/lotr/textures/block/rohan_pillar_side_bottom.png,ported
textures/blocks,textures/blocks/pillar_rohan_sideMiddle.png,src/main/resources/assets/lotr/textures/block/rohan_pillar_side_middle.png,ported
textures/blocks,textures/blocks/pillar_rohan_sideTop.png,src/main/resources/assets/lotr/textures/block/rohan_pillar_side_top.png,ported
textures/blocks,textures/blocks/pillar_tauredain_face.png,src/main/resources/assets/lotr/textures/block/tauredain_pillar_top.png,ported
textures/blocks,textures/blocks/pillar_tauredain_side.png,src/main/resources/assets/lotr/textures/block/tauredain_pillar_side.png,ported
textures/blocks,textures/blocks/pillar_tauredain_sideBottom.png,src/main/resources/assets/lotr/textures/block/tauredain_pillar_side_bottom.png,ported
textures/blocks,textures/blocks/pillar_tauredain_sideMiddle.png,src/main/resources/assets/lotr/textures/block/tauredain_pillar_side_middle.png,ported
textures/blocks,textures/blocks/pillar_tauredain_sideTop.png,src/main/resources/assets/lotr/textures/block/tauredain_pillar_side_top.png,ported
textures/blocks,textures/blocks/pillar_woodElvenCracked_face.png,src/main/resources/assets/lotr/textures/block/cracked_wood_elven_pillar_top.png,ported
textures/blocks,textures/blocks/pillar_woodElvenCracked_side.png,src/main/resources/assets/lotr/textures/block/cracked_wood_elven_pillar_side.png,ported
textures/blocks,textures/blocks/pillar_woodElvenCracked_sideBottom.png,src/main/resources/assets/lotr/textures/block/cracked_wood_elven_pillar_side_bottom.png,ported
textures/blocks,textures/blocks/pillar_woodElvenCracked_sideMiddle.png,src/main/resources/assets/lotr/textures/block/cracked_wood_elven_pillar_side_middle.png,ported
textures/blocks,textures/blocks/pillar_woodElvenCracked_sideTop.png,src/main/resources/assets/lotr/textures/block/cracked_wood_elven_pillar_side_top.png,ported
textures/blocks,textures/blocks/pillar_woodElven_face.png,src/main/resources/assets/lotr/textures/block/wood_elven_pillar_top.png,ported
textures/blocks,textures/blocks/pillar_woodElven_side.png,src/main/resources/assets/lotr/textures/block/wood_elven_pillar_side.png,ported
textures/blocks,textures/blocks/pillar_woodElven_sideBottom.png,src/main/resources/assets/lotr/textures/block/wood_elven_pillar_side_bottom.png,ported
textures/blocks,textures/blocks/pillar_woodElven_sideMiddle.png,src/main/resources/assets/lotr/textures/block/wood_elven_pillar_side_middle.png,ported
textures/blocks,textures/blocks/pillar_woodElven_sideTop.png,src/main/resources/assets/lotr/textures/block/wood_elven_pillar_side_top.png,ported
textures/blocks,textures/blocks/pineDoor_lower.png,src/main/resources/assets/lotr/textures/block/pine_door_bottom.png,ported
textures/blocks,textures/blocks/pineDoor_upper.png,src/main/resources/assets/lotr/textures/block/pine_door_top.png,ported
textures/blocks,textures/blocks/pipeweedPlant.png,src/main/resources/assets/lotr/textures/block/pipeweed_plant.png,ported
textures/blocks,textures/blocks/pipeweed_0.png,src/main/resources/assets/lotr/textures/block/pipeweed_crop_stage0.png,ported
textures/blocks,textures/blocks/pipeweed_1.png,src/main/resources/assets/lotr/textures/block/pipeweed_crop_stage1.png,ported
textures/blocks,textures/blocks/pipeweed_2.png,src/main/resources/assets/lotr/textures/block/pipeweed_crop_stage2.png,ported
textures/blocks,textures/blocks/pipeweed_3.png,src/main/resources/assets/lotr/textures/item/pipeweed_crop.png src/main/resources/assets/lotr/textures/block/pipeweed_crop_stage3.png,ported
textures/blocks,textures/blocks/planks2_almond.png,src/main/resources/assets/lotr/textures/block/almond_planks.png,ported
textures/blocks,textures/blocks/planks2_aspen.png,src/main/resources/assets/lotr/textures/block/aspen_planks.png,ported
textures/blocks,textures/blocks/planks2_baobab.png,src/main/resources/assets/lotr/textures/block/baobab_planks.png,ported
textures/blocks,textures/blocks/planks2_cedar.png,src/main/resources/assets/lotr/textures/block/cedar_planks.png,ported
textures/blocks,textures/blocks/planks2_chestnut.png,src/main/resources/assets/lotr/textures/block/chestnut_planks.png,ported
textures/blocks,textures/blocks/planks2_cypress.png,src/main/resources/assets/lotr/textures/block/cypress_planks.png,ported
textures/blocks,textures/blocks/planks2_fir.png,src/main/resources/assets/lotr/textures/block/fir_planks.png,ported
textures/blocks,textures/blocks/planks2_greenOak.png,src/main/resources/assets/lotr/textures/block/green_oak_planks.png,ported
textures/blocks,textures/blocks/planks2_lairelosse.png,src/main/resources/assets/lotr/textures/block/lairelosse_planks.png,ported
textures/blocks,textures/blocks/planks2_lemon.png,src/main/resources/assets/lotr/textures/block/lemon_planks.png,ported
textures/blocks,textures/blocks/planks2_lime.png,src/main/resources/assets/lotr/textures/block/lime_planks.png,ported
textures/blocks,textures/blocks/planks2_mahogany.png,src/main/resources/assets/lotr/textures/block/mahogany_planks.png,ported
textures/blocks,textures/blocks/planks2_olive.png,src/main/resources/assets/lotr/textures/block/olive_planks.png,ported
textures/blocks,textures/blocks/planks2_orange.png,src/main/resources/assets/lotr/textures/block/orange_planks.png,ported
textures/blocks,textures/blocks/planks2_pine.png,src/main/resources/assets/lotr/textures/block/pine_planks.png,ported
textures/blocks,textures/blocks/planks2_willow.png,src/main/resources/assets/lotr/textures/block/willow_planks.png,ported
textures/blocks,textures/blocks/planks3_dragon.png,src/main/resources/assets/lotr/textures/block/dragon_planks.png,ported
textures/blocks,textures/blocks/planks3_kanuka.png,src/main/resources/assets/lotr/textures/block/kanuka_planks.png,ported
textures/blocks,textures/blocks/planks3_palm.png,src/main/resources/assets/lotr/textures/block/palm_planks.png,ported
textures/blocks,textures/blocks/planks3_plum.png,src/main/resources/assets/lotr/textures/block/plum_planks.png,ported
textures/blocks,textures/blocks/planks3_pomegranate.png,src/main/resources/assets/lotr/textures/block/pomegranate_planks.png,ported
textures/blocks,textures/blocks/planks3_redwood.png,src/main/resources/assets/lotr/textures/block/redwood_planks.png,ported
textures/blocks,textures/blocks/planksRotten_rotten.png,src/main/resources/assets/lotr/textures/block/rotten_planks.png,ported
textures/blocks,textures/blocks/planks_apple.png,src/main/resources/assets/lotr/textures/block/apple_planks.png,ported
textures/blocks,textures/blocks/planks_banana.png,src/main/resources/assets/lotr/textures/block/banana_planks.png,ported
textures/blocks,textures/blocks/planks_beech.png,src/main/resources/assets/lotr/textures/block/beech_planks.png,ported
textures/blocks,textures/blocks/planks_charred.png,src/main/resources/assets/lotr/textures/block/charred_planks.png,ported
textures/blocks,textures/blocks/planks_cherry.png,src/main/resources/assets/lotr/textures/block/cherry_planks.png,ported
textures/blocks,textures/blocks/planks_datePalm.png,src/main/resources/assets/lotr/textures/block/date_palm_planks.png,ported
textures/blocks,textures/blocks/planks_holly.png,src/main/resources/assets/lotr/textures/block/holly_planks.png,ported
textures/blocks,textures/blocks/planks_larch.png,src/main/resources/assets/lotr/textures/block/larch_planks.png,ported
textures/blocks,textures/blocks/planks_lebethron.png,src/main/resources/assets/lotr/textures/block/lebethron_planks.png,ported
textures/blocks,textures/blocks/planks_mallorn.png,src/main/resources/assets/lotr/textures/block/mallorn_planks.png,ported
textures/blocks,textures/blocks/planks_mango.png,src/main/resources/assets/lotr/textures/block/mango_planks.png,ported
textures/blocks,textures/blocks/planks_mangrove.png,src/main/resources/assets/lotr/textures/block/mangrove_planks.png,ported
textures/blocks,textures/blocks/planks_maple.png,src/main/resources/assets/lotr/textures/block/maple_planks.png,ported
textures/blocks,textures/blocks/planks_mirkOak.png,src/main/resources/assets/lotr/textures/block/mirk_oak_planks.png,ported
textures/blocks,textures/blocks/planks_pear.png,src/main/resources/assets/lotr/textures/block/pear_planks.png,ported
textures/blocks,textures/blocks/planks_shirePine.png,src/main/resources/assets/lotr/textures/block/shire_pine_planks.png,ported
textures/blocks,textures/blocks/plate_base.png,src/main/resources/assets/lotr/textures/block/fine_plate_base.png,ported
textures/blocks,textures/blocks/plate_top.png,src/main/resources/assets/lotr/textures/block/fine_plate_top.png,ported
textures/blocks,textures/blocks/quagmire.png,src/main/resources/assets/lotr/textures/block/quagmire.png,ported
textures/blocks,textures/blocks/quenditeGrass_side.png,src/main/resources/assets/lotr/textures/block/quendite_grass_side.png,ported
textures/blocks,textures/blocks/quenditeGrass_top.png,src/main/resources/assets/lotr/textures/block/quendite_grass_top.png,ported
textures/blocks,textures/blocks/rangerCraftingTable_side.png,src/main/resources/assets/lotr/textures/block/ranger_crafting_table_side.png,ported
textures/blocks,textures/blocks/rangerCraftingTable_top.png,src/main/resources/assets/lotr/textures/block/ranger_crafting_table_top.png,ported
textures/blocks,textures/blocks/redBrick_cracked.png,src/main/resources/assets/lotr/textures/block/red_brick_cracked.png,ported
textures/blocks,textures/blocks/redBrick_mossy.png,src/main/resources/assets/lotr/textures/block/red_brick_mossy.png,ported
textures/blocks,textures/blocks/redClay.png,src/main/resources/assets/lotr/textures/block/red_clay.png,ported
textures/blocks,textures/blocks/redSandstone.png,,missing
textures/blocks,textures/blocks/redSandstone_bottom.png,,missing
textures/blocks,textures/blocks/redSandstone_top.png,,missing
textures/blocks,textures/blocks/reedBars.png,src/main/resources/assets/lotr/textures/block/reed_bars.png,ported
textures/blocks,textures/blocks/reeds_lower.png,src/main/resources/assets/lotr/textures/block/reeds_lower.png,ported
textures/blocks,textures/blocks/reeds_mid.png,src/main/resources/assets/lotr/textures/block/reeds.png,ported
textures/blocks,textures/blocks/reeds_upper.png,src/main/resources/assets/lotr/textures/block/reeds_upper.png,ported
textures/blocks,textures/blocks/remains.png,src/main/resources/assets/lotr/textures/block/remains.png,ported
textures/blocks,textures/blocks/rhunCraftingTable_side.png,src/main/resources/assets/lotr/textures/block/rhun_crafting_table_side.png,ported
textures/blocks,textures/blocks/rhunCraftingTable_top.png,src/main/resources/assets/lotr/textures/block/rhun_crafting_table_top.png,ported
textures/blocks,textures/blocks/rhunFireJar_base_bottom.png,src/main/resources/assets/lotr/textures/block/khamuls_fire_base_bottom.png,ported
textures/blocks,textures/blocks/rhunFireJar_base_side.png,src/main/resources/assets/lotr/textures/block/khamuls_fire_base_side.png,ported
textures/blocks,textures/blocks/rhunFireJar_base_top.png,src/main/resources/assets/lotr/textures/block/khamuls_fire_base_top.png,ported
textures/blocks,textures/blocks/rhunFireJar_cap_bottom.png,src/main/resources/assets/lotr/textures/block/khamuls_fire_cap_bottom.png,ported
textures/blocks,textures/blocks/rhunFireJar_cap_side.png,src/main/resources/assets/lotr/textures/block/khamuls_fire_cap_side.png,ported
textures/blocks,textures/blocks/rhunFireJar_cap_top.png,src/main/resources/assets/lotr/textures/block/khamuls_fire_cap_top.png,ported
textures/blocks,textures/blocks/rhunFireJar_crown_side.png,src/main/resources/assets/lotr/textures/block/khamuls_fire_crown_side.png,ported
textures/blocks,textures/blocks/rhunFireJar_handle_side.png,src/main/resources/assets/lotr/textures/block/khamuls_fire_handle_side.png,ported
textures/blocks,textures/blocks/rhunFireJar_lid_bottom.png,src/main/resources/assets/lotr/textures/block/khamuls_fire_lid_top.png src/main/resources/assets/lotr/textures/block/khamuls_fire_lid_bottom.png,ported
textures/blocks,textures/blocks/rhunFireJar_lid_side.png,src/main/resources/assets/lotr/textures/block/khamuls_fire_lid_side.png,ported
textures/blocks,textures/blocks/rhunFireJar_lid_top.png,src/main/resources/assets/lotr/textures/block/khamuls_fire_lid_top.png src/main/resources/assets/lotr/textures/block/khamuls_fire_lid_bottom.png,ported
textures/blocks,textures/blocks/rhunFireJar_neck_side.png,src/main/resources/assets/lotr/textures/block/khamuls_fire_neck_side.png,ported
textures/blocks,textures/blocks/rhunFire_layer_0.png,src/main/resources/assets/lotr/textures/block/khamuls_fire_0.png,ported
textures/blocks,textures/blocks/rhunFire_layer_1.png,src/main/resources/assets/lotr/textures/block/khamuls_fire_1.png,ported
textures/blocks,textures/blocks/rhunFlower_chrysBlue.png,src/main/resources/assets/lotr/textures/block/rhun_flower_chrys_blue.png,ported
textures/blocks,textures/blocks/rhunFlower_chrysOrange.png,src/main/resources/assets/lotr/textures/block/rhun_flower_chrys_orange.png,ported
textures/blocks,textures/blocks/rhunFlower_chrysPink.png,src/main/resources/assets/lotr/textures/block/rhun_flower_chrys_pink.png,ported
textures/blocks,textures/blocks/rhunFlower_chrysWhite.png,src/main/resources/assets/lotr/textures/block/rhun_flower_chrys_white.png,ported
textures/blocks,textures/blocks/rhunFlower_chrysYellow.png,src/main/resources/assets/lotr/textures/block/rhun_flower_chrys_yellow.png,ported
textures/blocks,textures/blocks/rivendellCraftingTable_side.png,src/main/resources/assets/lotr/textures/block/rivendell_crafting_table_side.png,ported
textures/blocks,textures/blocks/rivendellCraftingTable_top.png,src/main/resources/assets/lotr/textures/block/rivendell_crafting_table_top.png,ported
textures/blocks,textures/blocks/rock_blue.png,src/main/resources/assets/lotr/textures/block/blue_rock.png,ported
textures/blocks,textures/blocks/rock_chalk.png,src/main/resources/assets/lotr/textures/block/chalk.png,ported
textures/blocks,textures/blocks/rock_gondor.png,src/main/resources/assets/lotr/textures/block/gondor_rock.png,ported
textures/blocks,textures/blocks/rock_mordor.png,src/main/resources/assets/lotr/textures/block/mordor_rock.png,ported
textures/blocks,textures/blocks/rock_mordor_moss.png,src/main/resources/assets/lotr/textures/block/mordor_moss_rock.png,ported
textures/blocks,textures/blocks/rock_mordor_side.png,src/main/resources/assets/lotr/textures/block/mordor_rock_side.png,ported
textures/blocks,textures/blocks/rock_red.png,src/main/resources/assets/lotr/textures/block/red_rock.png,ported
textures/blocks,textures/blocks/rock_rohan.png,src/main/resources/assets/lotr/textures/block/rohan_rock.png,ported
textures/blocks,textures/blocks/rohirricCraftingTable_side.png,src/main/resources/assets/lotr/textures/block/rohirric_crafting_table_side.png,ported
textures/blocks,textures/blocks/rohirricCraftingTable_top.png,src/main/resources/assets/lotr/textures/block/rohirric_crafting_table_top.png,ported
textures/blocks,textures/blocks/rope.png,src/main/resources/assets/lotr/textures/block/rope.png,ported
textures/blocks,textures/blocks/rottenLog_rotten_side.png,src/main/resources/assets/lotr/textures/block/rotten_log_side.png,ported
textures/blocks,textures/blocks/rottenLog_rotten_top.png,src/main/resources/assets/lotr/textures/block/rotten_log_top.png,ported
textures/blocks,textures/blocks/sapling2_banana.png,src/main/resources/assets/lotr/textures/block/banana_sapling.png,ported
textures/blocks,textures/blocks/sapling2_beech.png,src/main/resources/assets/lotr/textures/block/beech_sapling.png,ported
textures/blocks,textures/blocks/sapling2_holly.png,src/main/resources/assets/lotr/textures/block/holly_sapling.png,ported
textures/blocks,textures/blocks/sapling2_lebethron.png,src/main/resources/assets/lotr/textures/block/lebethron_sapling.png,ported
textures/blocks,textures/blocks/sapling3_datePalm.png,src/main/resources/assets/lotr/textures/block/date_palm_sapling.png,ported
textures/blocks,textures/blocks/sapling3_larch.png,src/main/resources/assets/lotr/textures/block/larch_sapling.png,ported
textures/blocks,textures/blocks/sapling3_mangrove.png,src/main/resources/assets/lotr/textures/block/mangrove_sapling.png,ported
textures/blocks,textures/blocks/sapling3_maple.png,src/main/resources/assets/lotr/textures/block/maple_sapling.png,ported
textures/blocks,textures/blocks/sapling4_baobab.png,src/main/resources/assets/lotr/textures/block/baobab_sapling.png,ported
textures/blocks,textures/blocks/sapling4_cedar.png,src/main/resources/assets/lotr/textures/block/cedar_sapling.png,ported
textures/blocks,textures/blocks/sapling4_chestnut.png,src/main/resources/assets/lotr/textures/block/chestnut_sapling.png,ported
textures/blocks,textures/blocks/sapling4_fir.png,src/main/resources/assets/lotr/textures/block/fir_sapling.png,ported
textures/blocks,textures/blocks/sapling5_lemon.png,src/main/resources/assets/lotr/textures/block/lemon_sapling.png,ported
textures/blocks,textures/blocks/sapling5_lime.png,src/main/resources/assets/lotr/textures/block/lime_sapling.png,ported
textures/blocks,textures/blocks/sapling5_orange.png,src/main/resources/assets/lotr/textures/block/orange_sapling.png,ported
textures/blocks,textures/blocks/sapling5_pine.png,src/main/resources/assets/lotr/textures/block/pine_sapling.png,ported
textures/blocks,textures/blocks/sapling6_cypress.png,src/main/resources/assets/lotr/textures/block/cypress_sapling.png,ported
textures/blocks,textures/blocks/sapling6_mahogany.png,src/main/resources/assets/lotr/textures/block/mahogany_sapling.png,ported
textures/blocks,textures/blocks/sapling6_olive.png,src/main/resources/assets/lotr/textures/block/olive_sapling.png,ported
textures/blocks,textures/blocks/sapling6_willow.png,src/main/resources/assets/lotr/textures/block/willow_sapling.png,ported
textures/blocks,textures/blocks/sapling7_almond.png,src/main/resources/assets/lotr/textures/block/almond_sapling.png,ported
textures/blocks,textures/blocks/sapling7_aspen.png,src/main/resources/assets/lotr/textures/block/aspen_sapling.png,ported
textures/blocks,textures/blocks/sapling7_greenOak.png,src/main/resources/assets/lotr/textures/block/green_oak_sapling.png,ported
textures/blocks,textures/blocks/sapling7_lairelosse.png,src/main/resources/assets/lotr/textures/block/lairelosse_sapling.png,ported
textures/blocks,textures/blocks/sapling8_palm.png,src/main/resources/assets/lotr/textures/block/palm_sapling.png,ported
textures/blocks,textures/blocks/sapling8_plum.png,src/main/resources/assets/lotr/textures/block/plum_sapling.png,ported
textures/blocks,textures/blocks/sapling8_pomegranate.png,src/main/resources/assets/lotr/textures/block/pomegranate_sapling.png,ported
textures/blocks,textures/blocks/sapling8_redwood.png,src/main/resources/assets/lotr/textures/block/redwood_sapling.png,ported
textures/blocks,textures/blocks/sapling9_dragon.png,src/main/resources/assets/lotr/textures/block/dragon_sapling.png,ported
textures/blocks,textures/blocks/sapling9_kanuka.png,src/main/resources/assets/lotr/textures/block/kanuka_sapling.png,ported
textures/blocks,textures/blocks/sapling_mallorn.png,src/main/resources/assets/lotr/textures/block/mallorn_sapling.png,ported
textures/blocks,textures/blocks/sapling_mirkOak.png,src/main/resources/assets/lotr/textures/block/mirk_oak_sapling.png,ported
textures/blocks,textures/blocks/sapling_mirkOakRed.png,src/main/resources/assets/lotr/textures/block/mirk_oak_red_sapling.png,ported
textures/blocks,textures/blocks/sapling_shirePine.png,src/main/resources/assets/lotr/textures/block/shire_pine_sapling.png,ported
textures/blocks,textures/blocks/scorchedStone.png,src/main/resources/assets/lotr/textures/block/scorched_stone.png,ported
textures/blocks,textures/blocks/shireHeather.png,src/main/resources/assets/lotr/textures/block/shire_heather.png,ported
textures/blocks,textures/blocks/silverBars.png,src/main/resources/assets/lotr/textures/block/silver_bars.png,ported
textures/blocks,textures/blocks/simbelmyne.png,src/main/resources/assets/lotr/textures/block/simbelmyne.png,ported
textures/blocks,textures/blocks/smoothStone_blue_side.png,src/main/resources/assets/lotr/textures/block/smooth_blue_rock_side.png,ported
textures/blocks,textures/blocks/smoothStone_blue_top.png,src/main/resources/assets/lotr/textures/block/smooth_blue_rock_top.png,ported
textures/blocks,textures/blocks/smoothStone_chalk_side.png,src/main/resources/assets/lotr/textures/block/smooth_chalk_side.png,ported
textures/blocks,textures/blocks/smoothStone_chalk_top.png,src/main/resources/assets/lotr/textures/block/smooth_chalk_top.png,ported
textures/blocks,textures/blocks/smoothStone_gondor_side.png,src/main/resources/assets/lotr/textures/block/smooth_gondor_rock_side.png,ported
textures/blocks,textures/blocks/smoothStone_gondor_top.png,src/main/resources/assets/lotr/textures/block/smooth_gondor_rock_top.png,ported
textures/blocks,textures/blocks/smoothStone_mordor_side.png,src/main/resources/assets/lotr/textures/block/smooth_mordor_rock_side.png,ported
textures/blocks,textures/blocks/smoothStone_mordor_top.png,src/main/resources/assets/lotr/textures/block/smooth_mordor_rock_top.png,ported
textures/blocks,textures/blocks/smoothStone_red_side.png,src/main/resources/assets/lotr/textures/block/smooth_red_rock_side.png,ported
textures/blocks,textures/blocks/smoothStone_red_top.png,src/main/resources/assets/lotr/textures/block/smooth_red_rock_top.png,ported
textures/blocks,textures/blocks/smoothStone_rohan_side.png,src/main/resources/assets/lotr/textures/block/smooth_rohan_rock_side.png,ported
textures/blocks,textures/blocks/smoothStone_rohan_top.png,src/main/resources/assets/lotr/textures/block/smooth_rohan_rock_top.png,ported
textures/blocks,textures/blocks/stainedGlass_black.png,src/main/resources/assets/lotr/textures/block/black_stained_glass.png,ported
textures/blocks,textures/blocks/stainedGlass_blue.png,src/main/resources/assets/lotr/textures/block/blue_stained_glass.png,ported
textures/blocks,textures/blocks/stainedGlass_brown.png,src/main/resources/assets/lotr/textures/block/brown_stained_glass.png,ported
textures/blocks,textures/blocks/stainedGlass_cyan.png,src/main/resources/assets/lotr/textures/block/cyan_stained_glass.png,ported
textures/blocks,textures/blocks/stainedGlass_gray.png,src/main/resources/assets/lotr/textures/block/gray_stained_glass.png,ported
textures/blocks,textures/blocks/stainedGlass_green.png,src/main/resources/assets/lotr/textures/block/green_stained_glass.png,ported
textures/blocks,textures/blocks/stainedGlass_light_blue.png,src/main/resources/assets/lotr/textures/block/light_blue_stained_glass.png,ported
textures/blocks,textures/blocks/stainedGlass_lime.png,src/main/resources/assets/lotr/textures/block/lime_stained_glass.png,ported
textures/blocks,textures/blocks/stainedGlass_magenta.png,src/main/resources/assets/lotr/textures/block/magenta_stained_glass.png,ported
textures/blocks,textures/blocks/stainedGlass_orange.png,src/main/resources/assets/lotr/textures/block/orange_stained_glass.png,ported
textures/blocks,textures/blocks/stainedGlass_pink.png,src/main/resources/assets/lotr/textures/block/pink_stained_glass.png,ported
textures/blocks,textures/blocks/stainedGlass_purple.png,src/main/resources/assets/lotr/textures/block/purple_stained_glass.png,ported
textures/blocks,textures/blocks/stainedGlass_red.png,src/main/resources/assets/lotr/textures/block/red_stained_glass.png,ported
textures/blocks,textures/blocks/stainedGlass_silver.png,src/main/resources/assets/lotr/textures/block/silver_stained_glass.png,ported
textures/blocks,textures/blocks/stainedGlass_white.png,src/main/resources/assets/lotr/textures/block/white_stained_glass.png,ported
textures/blocks,textures/blocks/stainedGlass_yellow.png,src/main/resources/assets/lotr/textures/block/yellow_stained_glass.png,ported
textures/blocks,textures/blocks/strawBed_feet_end.png,src/main/resources/assets/lotr/textures/block/straw_bed_foot_end.png,ported
textures/blocks,textures/blocks/strawBed_feet_side.png,src/main/resources/assets/lotr/textures/block/straw_bed_foot_side.png,ported
textures/blocks,textures/blocks/strawBed_feet_top.png,src/main/resources/assets/lotr/textures/block/straw_bed_foot_top.png,ported
textures/blocks,textures/blocks/strawBed_head_end.png,src/main/resources/assets/lotr/textures/block/straw_bed_head_end.png,ported
textures/blocks,textures/blocks/strawBed_head_side.png,src/main/resources/assets/lotr/textures/block/straw_bed_head_side.png,ported
textures/blocks,textures/blocks/strawBed_head_top.png,src/main/resources/assets/lotr/textures/block/straw_bed_head_top.png,ported
textures/blocks,textures/blocks/tallGrass_fernsprout.png,src/main/resources/assets/lotr/textures/block/tall_grass_fernsprout.png,ported
textures/blocks,textures/blocks/tallGrass_flower.png,src/main/resources/assets/lotr/textures/block/tall_grass_flower.png,ported
textures/blocks,textures/blocks/tallGrass_flower_overlay.png,src/main/resources/assets/lotr/textures/block/tall_grass_flower_overlay.png,ported
textures/blocks,textures/blocks/tallGrass_nettle.png,src/main/resources/assets/lotr/textures/block/tall_grass_nettle.png,ported
textures/blocks,textures/blocks/tallGrass_short.png,src/main/resources/assets/lotr/textures/block/tall_grass_short.png,ported
textures/blocks,textures/blocks/tallGrass_thistle.png,src/main/resources/assets/lotr/textures/block/tall_grass_thistle.png,ported
textures/blocks,textures/blocks/tallGrass_thistle_overlay.png,src/main/resources/assets/lotr/textures/block/tall_grass_thistle_overlay.png,ported
textures/blocks,textures/blocks/tallGrass_wheat.png,src/main/resources/assets/lotr/textures/block/tall_grass_wheat.png,ported
textures/blocks,textures/blocks/tallGrass_wheat_overlay.png,src/main/resources/assets/lotr/textures/block/tall_grass_wheat_overlay.png,ported
textures/blocks,textures/blocks/tauredainCraftingTable_side.png,src/main/resources/assets/lotr/textures/block/tauredain_crafting_table_side.png,ported
textures/blocks,textures/blocks/tauredainCraftingTable_top.png,src/main/resources/assets/lotr/textures/block/tauredain_crafting_table_top.png,ported
textures/blocks,textures/blocks/tauredainDartTrapGold_face.png,src/main/resources/assets/lotr/textures/block/gold_tauredain_dart_trap_face.png,ported
textures/blocks,textures/blocks/tauredainDartTrapObsidian_face.png,src/main/resources/assets/lotr/textures/block/obsidian_tauredain_dart_trap_face.png,ported
textures/blocks,textures/blocks/tauredainDartTrap_face.png,src/main/resources/assets/lotr/textures/block/tauredain_dart_trap_face.png,ported
textures/blocks,textures/blocks/tauredainDoubleTorch_bottom.png,src/main/resources/assets/lotr/textures/block/tauredain_double_torch_bottom.png,ported
textures/blocks,textures/blocks/tauredainDoubleTorch_top.png,src/main/resources/assets/lotr/textures/block/tauredain_double_torch_top.png,ported
textures/blocks,textures/blocks/termiteMound.png,src/main/resources/assets/lotr/textures/block/termite_mound_top.png,ported
textures/blocks,textures/blocks/termiteMound_side.png,src/main/resources/assets/lotr/textures/block/termite_mound_side.png,ported
textures/blocks,textures/blocks/thatchFloor.png,src/main/resources/assets/lotr/textures/block/thatch_floor.png,ported
textures/blocks,textures/blocks/thatch_reed.png,src/main/resources/assets/lotr/textures/block/thatch_reed.png,ported
textures/blocks,textures/blocks/thatch_thatch.png,src/main/resources/assets/lotr/textures/block/thatch_thatch.png,ported
textures/blocks,textures/blocks/trapdoorAcacia.png,,missing
textures/blocks,textures/blocks/trapdoorAlmond.png,src/main/resources/assets/lotr/textures/block/almond_trapdoor.png,ported
textures/blocks,textures/blocks/trapdoorApple.png,src/main/resources/assets/lotr/textures/block/apple_trapdoor.png,ported
textures/blocks,textures/blocks/trapdoorAspen.png,src/main/resources/assets/lotr/textures/block/aspen_trapdoor.png,ported
textures/blocks,textures/blocks/trapdoorBanana.png,src/main/resources/assets/lotr/textures/block/banana_trapdoor.png,ported
textures/blocks,textures/blocks/trapdoorBaobab.png,src/main/resources/assets/lotr/textures/block/baobab_trapdoor.png,ported
textures/blocks,textures/blocks/trapdoorBeech.png,src/main/resources/assets/lotr/textures/block/beech_trapdoor.png,ported
textures/blocks,textures/blocks/trapdoorBirch.png,,missing
textures/blocks,textures/blocks/trapdoorCedar.png,src/main/resources/assets/lotr/textures/block/cedar_trapdoor.png,ported
textures/blocks,textures/blocks/trapdoorCharred.png,src/main/resources/assets/lotr/textures/block/charred_trapdoor.png,ported
textures/blocks,textures/blocks/trapdoorCherry.png,src/main/resources/assets/lotr/textures/block/cherry_trapdoor.png,ported
textures/blocks,textures/blocks/trapdoorChestnut.png,src/main/resources/assets/lotr/textures/block/chestnut_trapdoor.png,ported
textures/blocks,textures/blocks/trapdoorCypress.png,src/main/resources/assets/lotr/textures/block/cypress_trapdoor.png,ported
textures/blocks,textures/blocks/trapdoorDarkOak.png,,missing
textures/blocks,textures/blocks/trapdoorDatePalm.png,src/main/resources/assets/lotr/textures/block/date_palm_trapdoor.png,ported
textures/blocks,textures/blocks/trapdoorDragon.png,src/main/resources/assets/lotr/textures/block/dragon_trapdoor.png,ported
textures/blocks,textures/blocks/trapdoorFir.png,src/main/resources/assets/lotr/textures/block/fir_trapdoor.png,ported
textures/blocks,textures/blocks/trapdoorGreenOak.png,src/main/resources/assets/lotr/textures/block/green_oak_trapdoor.png,ported
textures/blocks,textures/blocks/trapdoorHolly.png,src/main/resources/assets/lotr/textures/block/holly_trapdoor.png,ported
textures/blocks,textures/blocks/trapdoorJungle.png,,missing
textures/blocks,textures/blocks/trapdoorKanuka.png,src/main/resources/assets/lotr/textures/block/kanuka_trapdoor.png,ported
textures/blocks,textures/blocks/trapdoorLairelosse.png,src/main/resources/assets/lotr/textures/block/lairelosse_trapdoor.png,ported
textures/blocks,textures/blocks/trapdoorLarch.png,src/main/resources/assets/lotr/textures/block/larch_trapdoor.png,ported
textures/blocks,textures/blocks/trapdoorLebethron.png,src/main/resources/assets/lotr/textures/block/lebethron_trapdoor.png,ported
textures/blocks,textures/blocks/trapdoorLemon.png,src/main/resources/assets/lotr/textures/block/lemon_trapdoor.png,ported
textures/blocks,textures/blocks/trapdoorLime.png,src/main/resources/assets/lotr/textures/block/lime_trapdoor.png,ported
textures/blocks,textures/blocks/trapdoorMahogany.png,src/main/resources/assets/lotr/textures/block/mahogany_trapdoor.png,ported
textures/blocks,textures/blocks/trapdoorMallorn.png,src/main/resources/assets/lotr/textures/block/mallorn_trapdoor.png,ported
textures/blocks,textures/blocks/trapdoorMango.png,src/main/resources/assets/lotr/textures/block/mango_trapdoor.png,ported
textures/blocks,textures/blocks/trapdoorMangrove.png,src/main/resources/assets/lotr/textures/block/mangrove_trapdoor.png,ported
textures/blocks,textures/blocks/trapdoorMaple.png,src/main/resources/assets/lotr/textures/block/maple_trapdoor.png,ported
textures/blocks,textures/blocks/trapdoorMirkOak.png,src/main/resources/assets/lotr/textures/block/mirk_oak_trapdoor.png,ported
textures/blocks,textures/blocks/trapdoorOlive.png,src/main/resources/assets/lotr/textures/block/olive_trapdoor.png,ported
textures/blocks,textures/blocks/trapdoorOrange.png,src/main/resources/assets/lotr/textures/block/orange_trapdoor.png,ported
textures/blocks,textures/blocks/trapdoorPalm.png,src/main/resources/assets/lotr/textures/block/palm_trapdoor.png,ported
textures/blocks,textures/blocks/trapdoorPear.png,src/main/resources/assets/lotr/textures/block/pear_trapdoor.png,ported
textures/blocks,textures/blocks/trapdoorPine.png,src/main/resources/assets/lotr/textures/block/pine_trapdoor.png,ported
textures/blocks,textures/blocks/trapdoorPlum.png,src/main/resources/assets/lotr/textures/block/plum_trapdoor.png,ported
textures/blocks,textures/blocks/trapdoorPomegranate.png,src/main/resources/assets/lotr/textures/block/pomegranate_trapdoor.png,ported
textures/blocks,textures/blocks/trapdoorRedwood.png,src/main/resources/assets/lotr/textures/block/redwood_trapdoor.png,ported
textures/blocks,textures/blocks/trapdoorRotten.png,src/main/resources/assets/lotr/textures/block/rotten_trapdoor.png,ported
textures/blocks,textures/blocks/trapdoorShirePine.png,src/main/resources/assets/lotr/textures/block/shire_pine_trapdoor.png,ported
textures/blocks,textures/blocks/trapdoorSpruce.png,,missing
textures/blocks,textures/blocks/trapdoorWillow.png,src/main/resources/assets/lotr/textures/block/willow_trapdoor.png,ported
textures/blocks,textures/blocks/treasureCopper.png,src/main/resources/assets/lotr/textures/block/treasure_copper.png,ported
textures/blocks,textures/blocks/treasureCopper_side.png,src/main/resources/assets/lotr/textures/block/treasure_copper_side.png,ported
textures/blocks,textures/blocks/treasureGold.png,src/main/resources/assets/lotr/textures/block/treasure_gold.png,ported
textures/blocks,textures/blocks/treasureGold_side.png,src/main/resources/assets/lotr/textures/block/treasure_gold_side.png,ported
textures/blocks,textures/blocks/treasureSilver.png,src/main/resources/assets/lotr/textures/block/treasure_silver.png,ported
textures/blocks,textures/blocks/treasureSilver_side.png,src/main/resources/assets/lotr/textures/block/treasure_silver_side.png,ported
textures/blocks,textures/blocks/turnip_0.png,src/main/resources/assets/lotr/textures/block/turnip_crop_stage0.png,ported
textures/blocks,textures/blocks/turnip_1.png,src/main/resources/assets/lotr/textures/block/turnip_crop_stage1.png,ported
textures/blocks,textures/blocks/turnip_2.png,src/main/resources/assets/lotr/textures/block/turnip_crop_stage2.png,ported
textures/blocks,textures/blocks/turnip_3.png,src/main/resources/assets/lotr/textures/item/turnip_crop.png src/main/resources/assets/lotr/textures/block/turnip_crop_stage3.png,ported
textures/blocks,textures/blocks/umbarCraftingTable_side.png,src/main/resources/assets/lotr/textures/block/umbar_crafting_table_side.png,ported
textures/blocks,textures/blocks/umbarCraftingTable_top.png,src/main/resources/assets/lotr/textures/block/umbar_crafting_table_top.png,ported
textures/blocks,textures/blocks/urukBars.png,src/main/resources/assets/lotr/textures/block/uruk_bars.png,ported
textures/blocks,textures/blocks/urukCraftingTable_side.png,src/main/resources/assets/lotr/textures/block/uruk_crafting_table_side.png,ported
textures/blocks,textures/blocks/urukCraftingTable_top.png,src/main/resources/assets/lotr/textures/block/uruk_crafting_table_top.png,ported
textures/blocks,textures/blocks/utumnoBrick_burning.png,src/main/resources/assets/lotr/textures/block/burning_utumno_brick.png,ported
textures/blocks,textures/blocks/utumnoBrick_fire.png,src/main/resources/assets/lotr/textures/block/fire_utumno_brick.png,ported
textures/blocks,textures/blocks/utumnoBrick_fireTile.png,src/main/resources/assets/lotr/textures/block/utumno_fire_tile_brick.png,ported
textures/blocks,textures/blocks/utumnoBrick_fireTile_side.png,,missing
textures/blocks,textures/blocks/utumnoBrick_ice.png,src/main/resources/assets/lotr/textures/block/ice_utumno_brick.png,ported
textures/blocks,textures/blocks/utumnoBrick_iceGlowing.png,src/main/resources/assets/lotr/textures/block/glowing_ice_utumno_brick.png,ported
textures/blocks,textures/blocks/utumnoBrick_iceGlowing_top.png,,missing
textures/blocks,textures/blocks/utumnoBrick_iceTile.png,src/main/resources/assets/lotr/textures/block/utumno_ice_tile_brick.png,ported
textures/blocks,textures/blocks/utumnoBrick_obsidian.png,src/main/resources/assets/lotr/textures/block/obsidian_utumno_brick.png,ported
textures/blocks,textures/blocks/utumnoBrick_obsidianFire.png,src/main/resources/assets/lotr/textures/block/utumno_obsidian_fire_brick.png,ported
textures/blocks,textures/blocks/utumnoBrick_obsidianTile.png,src/main/resources/assets/lotr/textures/block/utumno_obsidian_tile_brick.png,ported
textures/blocks,textures/blocks/utumnoPillar_fire_face.png,src/main/resources/assets/lotr/textures/block/fire_utumno_pillar_top.png,ported
textures/blocks,textures/blocks/utumnoPillar_fire_side.png,src/main/resources/assets/lotr/textures/block/fire_utumno_pillar_side.png,ported
textures/blocks,textures/blocks/utumnoPillar_fire_sideBottom.png,src/main/resources/assets/lotr/textures/block/fire_utumno_pillar_side_bottom.png,ported
textures/blocks,textures/blocks/utumnoPillar_fire_sideMiddle.png,src/main/resources/assets/lotr/textures/block/fire_utumno_pillar_side_middle.png,ported
textures/blocks,textures/blocks/utumnoPillar_fire_sideTop.png,src/main/resources/assets/lotr/textures/block/fire_utumno_pillar_side_top.png,ported
textures/blocks,textures/blocks/utumnoPillar_ice_face.png,src/main/resources/assets/lotr/textures/block/ice_utumno_pillar_top.png,ported
textures/blocks,textures/blocks/utumnoPillar_ice_side.png,src/main/resources/assets/lotr/textures/block/ice_utumno_pillar_side.png,ported
textures/blocks,textures/blocks/utumnoPillar_ice_sideBottom.png,src/main/resources/assets/lotr/textures/block/ice_utumno_pillar_side_bottom.png,ported
textures/blocks,textures/blocks/utumnoPillar_ice_sideMiddle.png,src/main/resources/assets/lotr/textures/block/ice_utumno_pillar_side_middle.png,ported
textures/blocks,textures/blocks/utumnoPillar_ice_sideTop.png,src/main/resources/assets/lotr/textures/block/ice_utumno_pillar_side_top.png,ported
textures/blocks,textures/blocks/utumnoPillar_obsidian_face.png,src/main/resources/assets/lotr/textures/block/obsidian_utumno_pillar_top.png,ported
textures/blocks,textures/blocks/utumnoPillar_obsidian_side.png,src/main/resources/assets/lotr/textures/block/obsidian_utumno_pillar_side.png,ported
textures/blocks,textures/blocks/utumnoPillar_obsidian_sideBottom.png,src/main/resources/assets/lotr/textures/block/obsidian_utumno_pillar_side_bottom.png,ported
textures/blocks,textures/blocks/utumnoPillar_obsidian_sideMiddle.png,src/main/resources/assets/lotr/textures/block/obsidian_utumno_pillar_side_middle.png,ported
textures/blocks,textures/blocks/utumnoPillar_obsidian_sideTop.png,src/main/resources/assets/lotr/textures/block/obsidian_utumno_pillar_side_top.png,ported
textures/blocks,textures/blocks/utumnoReturnLight.png,src/main/resources/assets/lotr/textures/block/utumno_return_light.png,ported
textures/blocks,textures/blocks/utumnoReturnPortalBase.png,src/main/resources/assets/lotr/textures/block/utumno_return_portal_base.png,ported
textures/blocks,textures/blocks/utumnoReturnPortalBase_top.png,src/main/resources/assets/lotr/textures/block/utumno_return_portal_base_top.png,ported
textures/blocks,textures/blocks/wargFurBed_feet_end.png,src/main/resources/assets/lotr/textures/block/fur_bed_foot_end.png,ported
textures/blocks,textures/blocks/wargFurBed_feet_side.png,src/main/resources/assets/lotr/textures/block/fur_bed_foot_side.png,ported
textures/blocks,textures/blocks/wargFurBed_feet_top.png,src/main/resources/assets/lotr/textures/block/fur_bed_foot_top.png,ported
textures/blocks,textures/blocks/wargFurBed_head_end.png,src/main/resources/assets/lotr/textures/block/fur_bed_head_end.png,ported
textures/blocks,textures/blocks/wargFurBed_head_side.png,src/main/resources/assets/lotr/textures/block/fur_bed_head_side.png,ported
textures/blocks,textures/blocks/wargFurBed_head_top.png,src/main/resources/assets/lotr/textures/block/fur_bed_head_top.png,ported
textures/blocks,textures/blocks/wasteBlock_var0.png,src/main/resources/assets/lotr/textures/block/waste_block.png,ported
textures/blocks,textures/blocks/wasteBlock_var1.png,,missing
textures/blocks,textures/blocks/wasteBlock_var2.png,,missing
textures/blocks,textures/blocks/wasteBlock_var3.png,,missing
textures/blocks,textures/blocks/wasteBlock_var4.png,,missing
textures/blocks,textures/blocks/wasteBlock_var5.png,,missing
textures/blocks,textures/blocks/wasteBlock_var6.png,,missing
textures/blocks,textures/blocks/wasteBlock_var7.png,,missing
textures/blocks,textures/blocks/webUngoliant.png,src/main/resources/assets/lotr/textures/block/web_ungoliant.png,ported
textures/blocks,textures/blocks/whiteSand.png,src/main/resources/assets/lotr/textures/block/white_sand.png,ported
textures/blocks,textures/blocks/whiteSandstone.png,src/main/resources/assets/lotr/textures/block/white_sandstone.png,ported
textures/blocks,textures/blocks/whiteSandstone_bottom.png,src/main/resources/assets/lotr/textures/block/white_sandstone_bottom.png,ported
textures/blocks,textures/blocks/whiteSandstone_top.png,src/main/resources/assets/lotr/textures/block/white_sandstone_top.png,ported
textures/blocks,textures/blocks/willowVines.png,src/main/resources/assets/lotr/textures/block/willow_vines.png,ported
textures/blocks,textures/blocks/wood2_banana_side.png,src/main/resources/assets/lotr/textures/block/banana_log_side.png,ported
textures/blocks,textures/blocks/wood2_banana_top.png,src/main/resources/assets/lotr/textures/block/banana_log_top.png,ported
textures/blocks,textures/blocks/wood2_beech_side.png,src/main/resources/assets/lotr/textures/block/beech_log_side.png,ported
textures/blocks,textures/blocks/wood2_beech_top.png,src/main/resources/assets/lotr/textures/block/beech_log_top.png,ported
textures/blocks,textures/blocks/wood2_holly_side.png,src/main/resources/assets/lotr/textures/block/holly_log_side.png,ported
textures/blocks,textures/blocks/wood2_holly_top.png,src/main/resources/assets/lotr/textures/block/holly_log_top.png,ported
textures/blocks,textures/blocks/wood2_lebethron_side.png,src/main/resources/assets/lotr/textures/block/lebethron_log_side.png,ported
textures/blocks,textures/blocks/wood2_lebethron_top.png,src/main/resources/assets/lotr/textures/block/lebethron_log_top.png,ported
textures/blocks,textures/blocks/wood3_datePalm_side.png,src/main/resources/assets/lotr/textures/block/date_palm_log_side.png,ported
textures/blocks,textures/blocks/wood3_datePalm_top.png,src/main/resources/assets/lotr/textures/block/date_palm_log_top.png,ported
textures/blocks,textures/blocks/wood3_larch_side.png,src/main/resources/assets/lotr/textures/block/larch_log_side.png,ported
textures/blocks,textures/blocks/wood3_larch_top.png,src/main/resources/assets/lotr/textures/block/larch_log_top.png,ported
textures/blocks,textures/blocks/wood3_mangrove_side.png,src/main/resources/assets/lotr/textures/block/mangrove_log_side.png,ported
textures/blocks,textures/blocks/wood3_mangrove_top.png,src/main/resources/assets/lotr/textures/block/mangrove_log_top.png,ported
textures/blocks,textures/blocks/wood3_maple_side.png,src/main/resources/assets/lotr/textures/block/maple_log_side.png,ported
textures/blocks,textures/blocks/wood3_maple_top.png,src/main/resources/assets/lotr/textures/block/maple_log_top.png,ported
textures/blocks,textures/blocks/wood4_baobab_side.png,src/main/resources/assets/lotr/textures/block/baobab_log_side.png,ported
textures/blocks,textures/blocks/wood4_baobab_top.png,src/main/resources/assets/lotr/textures/block/baobab_log_top.png,ported
textures/blocks,textures/blocks/wood4_cedar_side.png,src/main/resources/assets/lotr/textures/block/cedar_log_side.png,ported
textures/blocks,textures/blocks/wood4_cedar_top.png,src/main/resources/assets/lotr/textures/block/cedar_log_top.png,ported
textures/blocks,textures/blocks/wood4_chestnut_side.png,src/main/resources/assets/lotr/textures/block/chestnut_log_side.png,ported
textures/blocks,textures/blocks/wood4_chestnut_top.png,src/main/resources/assets/lotr/textures/block/chestnut_log_top.png,ported
textures/blocks,textures/blocks/wood4_fir_side.png,src/main/resources/assets/lotr/textures/block/fir_log_side.png,ported
textures/blocks,textures/blocks/wood4_fir_top.png,src/main/resources/assets/lotr/textures/block/fir_log_top.png,ported
textures/blocks,textures/blocks/wood5_lemon_side.png,src/main/resources/assets/lotr/textures/block/lemon_log_side.png,ported
textures/blocks,textures/blocks/wood5_lemon_top.png,src/main/resources/assets/lotr/textures/block/lemon_log_top.png,ported
textures/blocks,textures/blocks/wood5_lime_side.png,src/main/resources/assets/lotr/textures/block/lime_log_side.png,ported
textures/blocks,textures/blocks/wood5_lime_top.png,src/main/resources/assets/lotr/textures/block/lime_log_top.png,ported
textures/blocks,textures/blocks/wood5_orange_side.png,src/main/resources/assets/lotr/textures/block/orange_log_side.png,ported
textures/blocks,textures/blocks/wood5_orange_top.png,src/main/resources/assets/lotr/textures/block/orange_log_top.png,ported
textures/blocks,textures/blocks/wood5_pine_side.png,src/main/resources/assets/lotr/textures/block/pine_log_side.png,ported
textures/blocks,textures/blocks/wood5_pine_top.png,src/main/resources/assets/lotr/textures/block/pine_log_top.png,ported
textures/blocks,textures/blocks/wood6_cypress_side.png,src/main/resources/assets/lotr/textures/block/cypress_log_side.png,ported
textures/blocks,textures/blocks/wood6_cypress_top.png,src/main/resources/assets/lotr/textures/block/cypress_log_top.png,ported
textures/blocks,textures/blocks/wood6_mahogany_side.png,src/main/resources/assets/lotr/textures/block/mahogany_log_side.png,ported
textures/blocks,textures/blocks/wood6_mahogany_top.png,src/main/resources/assets/lotr/textures/block/mahogany_log_top.png,ported
textures/blocks,textures/blocks/wood6_olive_side.png,src/main/resources/assets/lotr/textures/block/olive_log_side.png,ported
textures/blocks,textures/blocks/wood6_olive_top.png,src/main/resources/assets/lotr/textures/block/olive_log_top.png,ported
textures/blocks,textures/blocks/wood6_willow_side.png,src/main/resources/assets/lotr/textures/block/willow_log_side.png,ported
textures/blocks,textures/blocks/wood6_willow_top.png,src/main/resources/assets/lotr/textures/block/willow_log_top.png,ported
textures/blocks,textures/blocks/wood7_almond_side.png,src/main/resources/assets/lotr/textures/block/almond_log_side.png,ported
textures/blocks,textures/blocks/wood7_almond_top.png,src/main/resources/assets/lotr/textures/block/almond_log_top.png,ported
textures/blocks,textures/blocks/wood7_aspen_side.png,src/main/resources/assets/lotr/textures/block/aspen_log_side.png,ported
textures/blocks,textures/blocks/wood7_aspen_top.png,src/main/resources/assets/lotr/textures/block/aspen_log_top.png,ported
textures/blocks,textures/blocks/wood7_greenOak_side.png,src/main/resources/assets/lotr/textures/block/green_oak_log_side.png,ported
textures/blocks,textures/blocks/wood7_greenOak_top.png,src/main/resources/assets/lotr/textures/block/green_oak_log_top.png,ported
textures/blocks,textures/blocks/wood7_lairelosse_side.png,src/main/resources/assets/lotr/textures/block/lairelosse_log_side.png,ported
textures/blocks,textures/blocks/wood7_lairelosse_top.png,src/main/resources/assets/lotr/textures/block/lairelosse_log_top.png,ported
textures/blocks,textures/blocks/wood8_palm_side.png,src/main/resources/assets/lotr/textures/block/palm_log_side.png,ported
textures/blocks,textures/blocks/wood8_palm_top.png,src/main/resources/assets/lotr/textures/block/palm_log_top.png,ported
textures/blocks,textures/blocks/wood8_plum_side.png,src/main/resources/assets/lotr/textures/block/plum_log_side.png,ported
textures/blocks,textures/blocks/wood8_plum_top.png,src/main/resources/assets/lotr/textures/block/plum_log_top.png,ported
textures/blocks,textures/blocks/wood8_pomegranate_side.png,src/main/resources/assets/lotr/textures/block/pomegranate_log_side.png,ported
textures/blocks,textures/blocks/wood8_pomegranate_top.png,src/main/resources/assets/lotr/textures/block/pomegranate_log_top.png,ported
textures/blocks,textures/blocks/wood8_redwood_side.png,src/main/resources/assets/lotr/textures/block/redwood_log_side.png,ported
textures/blocks,textures/blocks/wood8_redwood_top.png,src/main/resources/assets/lotr/textures/block/redwood_log_top.png,ported
textures/blocks,textures/blocks/wood9_dragon_side.png,src/main/resources/assets/lotr/textures/block/dragon_log_side.png,ported
textures/blocks,textures/blocks/wood9_dragon_top.png,src/main/resources/assets/lotr/textures/block/dragon_log_top.png,ported
textures/blocks,textures/blocks/wood9_kanuka_side.png,src/main/resources/assets/lotr/textures/block/kanuka_log_side.png,ported
textures/blocks,textures/blocks/wood9_kanuka_top.png,src/main/resources/assets/lotr/textures/block/kanuka_log_top.png,ported
textures/blocks,textures/blocks/woodBeam1_charred_side.png,src/main/resources/assets/lotr/textures/block/charred_beam_side.png,ported
textures/blocks,textures/blocks/woodBeam1_charred_top.png,src/main/resources/assets/lotr/textures/block/charred_beam_top.png,ported
textures/blocks,textures/blocks/woodBeam1_mallorn_side.png,src/main/resources/assets/lotr/textures/block/mallorn_beam_side.png,ported
textures/blocks,textures/blocks/woodBeam1_mallorn_top.png,src/main/resources/assets/lotr/textures/block/mallorn_beam_top.png,ported
textures/blocks,textures/blocks/woodBeam1_mirkOak_side.png,src/main/resources/assets/lotr/textures/block/mirk_oak_beam_side.png,ported
textures/blocks,textures/blocks/woodBeam1_mirkOak_top.png,src/main/resources/assets/lotr/textures/block/mirk_oak_beam_top.png,ported
textures/blocks,textures/blocks/woodBeam1_shirePine_side.png,src/main/resources/assets/lotr/textures/block/shire_pine_beam_side.png,ported
textures/blocks,textures/blocks/woodBeam1_shirePine_top.png,src/main/resources/assets/lotr/textures/block/shire_pine_beam_top.png,ported
textures/blocks,textures/blocks/woodBeam2_banana_side.png,src/main/resources/assets/lotr/textures/block/banana_beam_side.png,ported
textures/blocks,textures/blocks/woodBeam2_banana_top.png,src/main/resources/assets/lotr/textures/block/banana_beam_top.png,ported
textures/blocks,textures/blocks/woodBeam2_beech_side.png,src/main/resources/assets/lotr/textures/block/beech_beam_side.png,ported
textures/blocks,textures/blocks/woodBeam2_beech_top.png,src/main/resources/assets/lotr/textures/block/beech_beam_top.png,ported
textures/blocks,textures/blocks/woodBeam2_holly_side.png,src/main/resources/assets/lotr/textures/block/holly_beam_side.png,ported
textures/blocks,textures/blocks/woodBeam2_holly_top.png,src/main/resources/assets/lotr/textures/block/holly_beam_top.png,ported
textures/blocks,textures/blocks/woodBeam2_lebethron_side.png,src/main/resources/assets/lotr/textures/block/lebethron_beam_side.png,ported
textures/blocks,textures/blocks/woodBeam2_lebethron_top.png,src/main/resources/assets/lotr/textures/block/lebethron_beam_top.png,ported
textures/blocks,textures/blocks/woodBeam3_datePalm_side.png,src/main/resources/assets/lotr/textures/block/date_palm_beam_side.png,ported
textures/blocks,textures/blocks/woodBeam3_datePalm_top.png,src/main/resources/assets/lotr/textures/block/date_palm_beam_top.png,ported
textures/blocks,textures/blocks/woodBeam3_larch_side.png,src/main/resources/assets/lotr/textures/block/larch_beam_side.png,ported
textures/blocks,textures/blocks/woodBeam3_larch_top.png,src/main/resources/assets/lotr/textures/block/larch_beam_top.png,ported
textures/blocks,textures/blocks/woodBeam3_mangrove_side.png,src/main/resources/assets/lotr/textures/block/mangrove_beam_side.png,ported
textures/blocks,textures/blocks/woodBeam3_mangrove_top.png,src/main/resources/assets/lotr/textures/block/mangrove_beam_top.png,ported
textures/blocks,textures/blocks/woodBeam3_maple_side.png,src/main/resources/assets/lotr/textures/block/maple_beam_side.png,ported
textures/blocks,textures/blocks/woodBeam3_maple_top.png,src/main/resources/assets/lotr/textures/block/maple_beam_top.png,ported
textures/blocks,textures/blocks/woodBeam4_baobab_side.png,src/main/resources/assets/lotr/textures/block/baobab_beam_side.png,ported
textures/blocks,textures/blocks/woodBeam4_baobab_top.png,src/main/resources/assets/lotr/textures/block/baobab_beam_top.png,ported
textures/blocks,textures/blocks/woodBeam4_cedar_side.png,src/main/resources/assets/lotr/textures/block/cedar_beam_side.png,ported
textures/blocks,textures/blocks/woodBeam4_cedar_top.png,src/main/resources/assets/lotr/textures/block/cedar_beam_top.png,ported
textures/blocks,textures/blocks/woodBeam4_chestnut_side.png,src/main/resources/assets/lotr/textures/block/chestnut_beam_side.png,ported
textures/blocks,textures/blocks/woodBeam4_chestnut_top.png,src/main/resources/assets/lotr/textures/block/chestnut_beam_top.png,ported
textures/blocks,textures/blocks/woodBeam4_fir_side.png,src/main/resources/assets/lotr/textures/block/fir_beam_side.png,ported
textures/blocks,textures/blocks/woodBeam4_fir_top.png,src/main/resources/assets/lotr/textures/block/fir_beam_top.png,ported
textures/blocks,textures/blocks/woodBeam5_lemon_side.png,src/main/resources/assets/lotr/textures/block/lemon_beam_side.png,ported
textures/blocks,textures/blocks/woodBeam5_lemon_top.png,src/main/resources/assets/lotr/textures/block/lemon_beam_top.png,ported
textures/blocks,textures/blocks/woodBeam5_lime_side.png,src/main/resources/assets/lotr/textures/block/lime_beam_side.png,ported
textures/blocks,textures/blocks/woodBeam5_lime_top.png,src/main/resources/assets/lotr/textures/block/lime_beam_top.png,ported
textures/blocks,textures/blocks/woodBeam5_orange_side.png,src/main/resources/assets/lotr/textures/block/orange_beam_side.png,ported
textures/blocks,textures/blocks/woodBeam5_orange_top.png,src/main/resources/assets/lotr/textures/block/orange_beam_top.png,ported
textures/blocks,textures/blocks/woodBeam5_pine_side.png,src/main/resources/assets/lotr/textures/block/pine_beam_side.png,ported
textures/blocks,textures/blocks/woodBeam5_pine_top.png,src/main/resources/assets/lotr/textures/block/pine_beam_top.png,ported
textures/blocks,textures/blocks/woodBeam6_cypress_side.png,src/main/resources/assets/lotr/textures/block/cypress_beam_side.png,ported
textures/blocks,textures/blocks/woodBeam6_cypress_top.png,src/main/resources/assets/lotr/textures/block/cypress_beam_top.png,ported
textures/blocks,textures/blocks/woodBeam6_mahogany_side.png,src/main/resources/assets/lotr/textures/block/mahogany_beam_side.png,ported
textures/blocks,textures/blocks/woodBeam6_mahogany_top.png,src/main/resources/assets/lotr/textures/block/mahogany_beam_top.png,ported
textures/blocks,textures/blocks/woodBeam6_olive_side.png,src/main/resources/assets/lotr/textures/block/olive_beam_side.png,ported
textures/blocks,textures/blocks/woodBeam6_olive_top.png,src/main/resources/assets/lotr/textures/block/olive_beam_top.png,ported
textures/blocks,textures/blocks/woodBeam6_willow_side.png,src/main/resources/assets/lotr/textures/block/willow_beam_side.png,ported
textures/blocks,textures/blocks/woodBeam6_willow_top.png,src/main/resources/assets/lotr/textures/block/willow_beam_top.png,ported
textures/blocks,textures/blocks/woodBeam7_almond_side.png,src/main/resources/assets/lotr/textures/block/almond_beam_side.png,ported
textures/blocks,textures/blocks/woodBeam7_almond_top.png,src/main/resources/assets/lotr/textures/block/almond_beam_top.png,ported
textures/blocks,textures/blocks/woodBeam7_aspen_side.png,src/main/resources/assets/lotr/textures/block/aspen_beam_side.png,ported
textures/blocks,textures/blocks/woodBeam7_aspen_top.png,src/main/resources/assets/lotr/textures/block/aspen_beam_top.png,ported
textures/blocks,textures/blocks/woodBeam7_greenOak_side.png,src/main/resources/assets/lotr/textures/block/green_oak_beam_side.png,ported
textures/blocks,textures/blocks/woodBeam7_greenOak_top.png,src/main/resources/assets/lotr/textures/block/green_oak_beam_top.png,ported
textures/blocks,textures/blocks/woodBeam7_lairelosse_side.png,src/main/resources/assets/lotr/textures/block/lairelosse_beam_side.png,ported
textures/blocks,textures/blocks/woodBeam7_lairelosse_top.png,src/main/resources/assets/lotr/textures/block/lairelosse_beam_top.png,ported
textures/blocks,textures/blocks/woodBeam8_palm_side.png,src/main/resources/assets/lotr/textures/block/palm_beam_side.png,ported
textures/blocks,textures/blocks/woodBeam8_palm_top.png,src/main/resources/assets/lotr/textures/block/palm_beam_top.png,ported
textures/blocks,textures/blocks/woodBeam8_plum_side.png,src/main/resources/assets/lotr/textures/block/plum_beam_side.png,ported
textures/blocks,textures/blocks/woodBeam8_plum_top.png,src/main/resources/assets/lotr/textures/block/plum_beam_top.png,ported
textures/blocks,textures/blocks/woodBeam8_pomegranate_side.png,src/main/resources/assets/lotr/textures/block/pomegranate_beam_side.png,ported
textures/blocks,textures/blocks/woodBeam8_pomegranate_top.png,src/main/resources/assets/lotr/textures/block/pomegranate_beam_top.png,ported
textures/blocks,textures/blocks/woodBeam8_redwood_side.png,src/main/resources/assets/lotr/textures/block/redwood_beam_side.png,ported
textures/blocks,textures/blocks/woodBeam8_redwood_top.png,src/main/resources/assets/lotr/textures/block/redwood_beam_top.png,ported
textures/blocks,textures/blocks/woodBeam9_dragon_side.png,src/main/resources/assets/lotr/textures/block/dragon_beam_side.png,ported
textures/blocks,textures/blocks/woodBeam9_dragon_top.png,src/main/resources/assets/lotr/textures/block/dragon_beam_top.png,ported
textures/blocks,textures/blocks/woodBeam9_kanuka_side.png,src/main/resources/assets/lotr/textures/block/kanuka_beam_side.png,ported
textures/blocks,textures/blocks/woodBeam9_kanuka_top.png,src/main/resources/assets/lotr/textures/block/kanuka_beam_top.png,ported
textures/blocks,textures/blocks/woodBeamFruit_apple_side.png,src/main/resources/assets/lotr/textures/block/apple_beam_side.png,ported
textures/blocks,textures/blocks/woodBeamFruit_apple_top.png,src/main/resources/assets/lotr/textures/block/apple_beam_top.png,ported
textures/blocks,textures/blocks/woodBeamFruit_cherry_side.png,src/main/resources/assets/lotr/textures/block/cherry_beam_side.png,ported
textures/blocks,textures/blocks/woodBeamFruit_cherry_top.png,src/main/resources/assets/lotr/textures/block/cherry_beam_top.png,ported
textures/blocks,textures/blocks/woodBeamFruit_mango_side.png,src/main/resources/assets/lotr/textures/block/mango_beam_side.png,ported
textures/blocks,textures/blocks/woodBeamFruit_mango_top.png,src/main/resources/assets/lotr/textures/block/mango_beam_top.png,ported
textures/blocks,textures/blocks/woodBeamFruit_pear_side.png,src/main/resources/assets/lotr/textures/block/pear_beam_side.png,ported
textures/blocks,textures/blocks/woodBeamFruit_pear_top.png,src/main/resources/assets/lotr/textures/block/pear_beam_top.png,ported
textures/blocks,textures/blocks/woodBeamRotten_rotten_side.png,src/main/resources/assets/lotr/textures/block/rotten_beam_side.png,ported
textures/blocks,textures/blocks/woodBeamRotten_rotten_top.png,src/main/resources/assets/lotr/textures/block/rotten_beam_top.png,ported
textures/blocks,textures/blocks/woodBeamS_rohanGold_side.png,src/main/resources/assets/lotr/textures/block/rohan_gold_beam_side.png,ported
textures/blocks,textures/blocks/woodBeamS_rohanGold_top.png,src/main/resources/assets/lotr/textures/block/rohan_gold_beam_top.png,ported
textures/blocks,textures/blocks/woodBeamS_rohan_side.png,src/main/resources/assets/lotr/textures/block/rohan_beam_side.png,ported
textures/blocks,textures/blocks/woodBeamS_rohan_top.png,src/main/resources/assets/lotr/textures/block/rohan_beam_top.png,ported
textures/blocks,textures/blocks/woodBeamV1_birch_side.png,src/main/resources/assets/lotr/textures/block/birch_beam_side.png,ported
textures/blocks,textures/blocks/woodBeamV1_birch_top.png,src/main/resources/assets/lotr/textures/block/birch_beam_top.png,ported
textures/blocks,textures/blocks/woodBeamV1_jungle_side.png,src/main/resources/assets/lotr/textures/block/jungle_beam_side.png,ported
textures/blocks,textures/blocks/woodBeamV1_jungle_top.png,src/main/resources/assets/lotr/textures/block/jungle_beam_top.png,ported
textures/blocks,textures/blocks/woodBeamV1_oak_side.png,src/main/resources/assets/lotr/textures/block/oak_beam_side.png,ported
textures/blocks,textures/blocks/woodBeamV1_oak_top.png,src/main/resources/assets/lotr/textures/block/oak_beam_top.png,ported
textures/blocks,textures/blocks/woodBeamV1_spruce_side.png,src/main/resources/assets/lotr/textures/block/spruce_beam_side.png,ported
textures/blocks,textures/blocks/woodBeamV1_spruce_top.png,src/main/resources/assets/lotr/textures/block/spruce_beam_top.png,ported
textures/blocks,textures/blocks/woodBeamV2_acacia_side.png,src/main/resources/assets/lotr/textures/block/acacia_beam_side.png,ported
textures/blocks,textures/blocks/woodBeamV2_acacia_top.png,src/main/resources/assets/lotr/textures/block/acacia_beam_top.png,ported
textures/blocks,textures/blocks/woodBeamV2_darkOak_side.png,src/main/resources/assets/lotr/textures/block/dark_oak_beam_side.png,ported
textures/blocks,textures/blocks/woodBeamV2_darkOak_top.png,src/main/resources/assets/lotr/textures/block/dark_oak_beam_top.png,ported
textures/blocks,textures/blocks/woodElfBars.png,src/main/resources/assets/lotr/textures/block/wood_elf_bars.png,ported
textures/blocks,textures/blocks/woodElfWoodBars.png,src/main/resources/assets/lotr/textures/block/wood_elf_wood_bars.png,ported
textures/blocks,textures/blocks/woodElvenBed_feet_end.png,src/main/resources/assets/lotr/textures/block/wood_elven_bed_foot_end.png,ported
textures/blocks,textures/blocks/woodElvenBed_feet_side.png,src/main/resources/assets/lotr/textures/block/wood_elven_bed_foot_side.png,ported
textures/blocks,textures/blocks/woodElvenBed_feet_top.png,src/main/resources/assets/lotr/textures/block/wood_elven_bed_foot_top.png,ported
textures/blocks,textures/blocks/woodElvenBed_head_end.png,src/main/resources/assets/lotr/textures/block/wood_elven_bed_head_end.png,ported
textures/blocks,textures/blocks/woodElvenBed_head_side.png,src/main/resources/assets/lotr/textures/block/wood_elven_bed_head_side.png,ported
textures/blocks,textures/blocks/woodElvenBed_head_top.png,src/main/resources/assets/lotr/textures/block/wood_elven_bed_head_top.png,ported
textures/blocks,textures/blocks/woodElvenCraftingTable_side.png,src/main/resources/assets/lotr/textures/block/wood_elven_crafting_table_side.png,ported
textures/blocks,textures/blocks/woodElvenCraftingTable_top.png,src/main/resources/assets/lotr/textures/block/wood_elven_crafting_table_top.png,ported
textures/blocks,textures/blocks/woodElvenTorch.png,src/main/resources/assets/lotr/textures/block/wood_elven_torch.png src/main/resources/assets/lotr/textures/block/wood_elven_wall_torch.png,ported
textures/blocks,textures/blocks/woodPlate_base.png,src/main/resources/assets/lotr/textures/block/wooden_plate_base.png,ported
textures/blocks,textures/blocks/woodPlate_top.png,src/main/resources/assets/lotr/textures/block/wooden_plate_top.png,ported
textures/blocks,textures/blocks/wood_charred_side.png,src/main/resources/assets/lotr/textures/block/charred_log_side.png,ported
textures/blocks,textures/blocks/wood_charred_top.png,src/main/resources/assets/lotr/textures/block/charred_log_top.png,ported
textures/blocks,textures/blocks/wood_mallorn_side.png,src/main/resources/assets/lotr/textures/block/mallorn_log_side.png,ported
textures/blocks,textures/blocks/wood_mallorn_top.png,src/main/resources/assets/lotr/textures/block/mallorn_log_top.png,ported
textures/blocks,textures/blocks/wood_mirkOak_side.png,src/main/resources/assets/lotr/textures/block/mirk_oak_log_side.png,ported
textures/blocks,textures/blocks/wood_mirkOak_top.png,src/main/resources/assets/lotr/textures/block/mirk_oak_log_top.png,ported
textures/blocks,textures/blocks/wood_shirePine_side.png,src/main/resources/assets/lotr/textures/block/shire_pine_log_side.png,ported
textures/blocks,textures/blocks/wood_shirePine_top.png,src/main/resources/assets/lotr/textures/block/shire_pine_log_top.png,ported
textures/blocks,textures/blocks/yam_0.png,src/main/resources/assets/lotr/textures/block/yam_crop_stage0.png,ported
textures/blocks,textures/blocks/yam_1.png,src/main/resources/assets/lotr/textures/block/yam_crop_stage1.png,ported
textures/blocks,textures/blocks/yam_2.png,src/main/resources/assets/lotr/textures/block/yam_crop_stage2.png,ported
textures/blocks,textures/blocks/yam_3.png,src/main/resources/assets/lotr/textures/item/yam_crop.png src/main/resources/assets/lotr/textures/block/yam_crop_stage3.png,ported
textures/items,textures/items/aleHorn.png,src/main/resources/assets/lotr/textures/item/ale_horn.png,ported
textures/items,textures/items/aleHornGold.png,src/main/resources/assets/lotr/textures/item/golden_ale_horn.png,ported
textures/items,textures/items/almond.png,src/main/resources/assets/lotr/textures/item/almond.png,ported
textures/items,textures/items/amber.png,src/main/resources/assets/lotr/textures/item/amber.png,ported
textures/items,textures/items/amethyst.png,src/main/resources/assets/lotr/textures/item/amethyst.png,ported
textures/items,textures/items/ancientParts_armorPlate.png,src/main/resources/assets/lotr/textures/item/ancient_armor_plate.png,ported
textures/items,textures/items/ancientParts_swordBlade.png,src/main/resources/assets/lotr/textures/item/ancient_sword_blade.png,ported
textures/items,textures/items/ancientParts_swordHilt.png,src/main/resources/assets/lotr/textures/item/ancient_sword_hilt.png,ported
textures/items,textures/items/ancientParts_swordTip.png,src/main/resources/assets/lotr/textures/item/ancient_sword_tip.png,ported
textures/items,textures/items/ancient_body.png,src/main/resources/assets/lotr/textures/item/ancient_chestplate.png,ported
textures/items,textures/items/ancient_boots.png,src/main/resources/assets/lotr/textures/item/ancient_boots.png,ported
textures/items,textures/items/ancient_dagger.png,src/main/resources/assets/lotr/textures/item/ancient_dagger.png,ported
textures/items,textures/items/ancient_helmet.png,src/main/resources/assets/lotr/textures/item/ancient_helmet.png,ported
textures/items,textures/items/ancient_legs.png,src/main/resources/assets/lotr/textures/item/ancient_leggings.png,ported
textures/items,textures/items/ancient_sword.png,src/main/resources/assets/lotr/textures/item/ancient_sword.png,ported
textures/items,textures/items/anduril.png,src/main/resources/assets/lotr/textures/item/anduril.png,ported
textures/items,textures/items/appleCrumble.png,src/main/resources/assets/lotr/textures/item/apple_crumble.png,ported
textures/items,textures/items/appleGreen.png,src/main/resources/assets/lotr/textures/item/green_apple.png,ported
textures/items,textures/items/armorStand.png,,missing
textures/items,textures/items/arrowPoisoned.png,src/main/resources/assets/lotr/textures/item/poisoned_arrow.png,ported
textures/items,textures/items/axeAngmar.png,src/main/resources/assets/lotr/textures/item/angmar_axe.png,ported
textures/items,textures/items/axeBlueDwarven.png,src/main/resources/assets/lotr/textures/item/blue_dwarven_axe.png,ported
textures/items,textures/items/axeBronze.png,src/main/resources/assets/lotr/textures/item/bronze_axe.png,ported
textures/items,textures/items/axeDolGuldur.png,src/main/resources/assets/lotr/textures/item/dol_guldur_axe.png,ported
textures/items,textures/items/axeDwarven.png,src/main/resources/assets/lotr/textures/item/dwarven_axe.png,ported
textures/items,textures/items/axeElven.png,src/main/resources/assets/lotr/textures/item/galadhrim_axe.png,ported
textures/items,textures/items/axeHighElven.png,src/main/resources/assets/lotr/textures/item/lindon_axe.png,ported
textures/items,textures/items/axeMallorn.png,src/main/resources/assets/lotr/textures/item/mallorn_axe.png,ported
textures/items,textures/items/axeMithril.png,src/main/resources/assets/lotr/textures/item/mithril_axe.png,ported
textures/items,textures/items/axeOrc.png,src/main/resources/assets/lotr/textures/item/mordor_axe.png,ported
textures/items,textures/items/axeRivendell.png,src/main/resources/assets/lotr/textures/item/rivendell_axe.png,ported
textures/items,textures/items/axeTauredain.png,src/main/resources/assets/lotr/textures/item/taurethrim_axe.png,ported
textures/items,textures/items/axeUruk.png,src/main/resources/assets/lotr/textures/item/uruk_axe.png,ported
textures/items,textures/items/axeWoodElven.png,src/main/resources/assets/lotr/textures/item/wood_elven_axe.png,ported
textures/items,textures/items/balrogFire.png,src/main/resources/assets/lotr/textures/item/flame_of_udun.png,ported
textures/items,textures/items/balrogWhip.png,src/main/resources/assets/lotr/textures/item/balrog_whip.png,ported
textures/items,textures/items/banana.png,src/main/resources/assets/lotr/textures/item/banana.png,ported
textures/items,textures/items/bananaBread.png,src/main/resources/assets/lotr/textures/item/banana_bread.png,ported
textures/items,textures/items/bananaCake.png,src/main/resources/assets/lotr/textures/item/banana_cake.png,ported
textures/items,textures/items/banner_angmar.png,src/main/resources/assets/lotr/textures/item/angmar_banner.png,ported
textures/items,textures/items/banner_anorien.png,src/main/resources/assets/lotr/textures/item/anorien_banner.png,ported
textures/items,textures/items/banner_blackUruk.png,src/main/resources/assets/lotr/textures/item/black_uruk_banner.png,ported
textures/items,textures/items/banner_blackrootVale.png,src/main/resources/assets/lotr/textures/item/blackroot_vale_banner.png,ported
textures/items,textures/items/banner_blueMountains.png,src/main/resources/assets/lotr/textures/item/blue_mountains_banner.png,ported
textures/items,textures/items/banner_bree.png,src/main/resources/assets/lotr/textures/item/bree_banner.png,ported
textures/items,textures/items/banner_dale.png,src/main/resources/assets/lotr/textures/item/dale_banner.png,ported
textures/items,textures/items/banner_dolAmroth.png,src/main/resources/assets/lotr/textures/item/dol_amroth_banner.png,ported
textures/items,textures/items/banner_dolGuldur.png,src/main/resources/assets/lotr/textures/item/dol_guldur_banner.png,ported
textures/items,textures/items/banner_dorwinion.png,src/main/resources/assets/lotr/textures/item/dorwinion_banner.png,ported
textures/items,textures/items/banner_dunland.png,src/main/resources/assets/lotr/textures/item/dunland_banner.png,ported
textures/items,textures/items/banner_durin.png,src/main/resources/assets/lotr/textures/item/durin_banner.png,ported
textures/items,textures/items/banner_esgaroth.png,src/main/resources/assets/lotr/textures/item/esgaroth_banner.png,ported
textures/items,textures/items/banner_gondor.png,src/main/resources/assets/lotr/textures/item/gondor_banner.png,ported
textures/items,textures/items/banner_gondorSteward.png,src/main/resources/assets/lotr/textures/item/gondor_steward_banner.png,ported
textures/items,textures/items/banner_gundabad.png,src/main/resources/assets/lotr/textures/item/gundabad_banner.png,ported
textures/items,textures/items/banner_halfTroll.png,src/main/resources/assets/lotr/textures/item/half_troll_banner.png,ported
textures/items,textures/items/banner_haradGulf.png,src/main/resources/assets/lotr/textures/item/harad_gulf_banner.png,ported
textures/items,textures/items/banner_haradNomad.png,src/main/resources/assets/lotr/textures/item/harad_nomad_banner.png,ported
textures/items,textures/items/banner_highElf.png,src/main/resources/assets/lotr/textures/item/high_elf_banner.png,ported
textures/items,textures/items/banner_hobbit.png,src/main/resources/assets/lotr/textures/item/hobbit_banner.png,ported
textures/items,textures/items/banner_isengard.png,src/main/resources/assets/lotr/textures/item/isengard_banner.png,ported
textures/items,textures/items/banner_ithilien.png,src/main/resources/assets/lotr/textures/item/ithilien_banner.png,ported
textures/items,textures/items/banner_lamedon.png,src/main/resources/assets/lotr/textures/item/lamedon_banner.png,ported
textures/items,textures/items/banner_lebennin.png,src/main/resources/assets/lotr/textures/item/lebennin_banner.png,ported
textures/items,textures/items/banner_lossarnach.png,src/main/resources/assets/lotr/textures/item/lossarnach_banner.png,ported
textures/items,textures/items/banner_lothlorien.png,src/main/resources/assets/lotr/textures/item/lothlorien_banner.png,ported
textures/items,textures/items/banner_minasMorgul.png,src/main/resources/assets/lotr/textures/item/minas_morgul_banner.png,ported
textures/items,textures/items/banner_mirkwood.png,src/main/resources/assets/lotr/textures/item/mirkwood_banner.png,ported
textures/items,textures/items/banner_mordor.png,src/main/resources/assets/lotr/textures/item/mordor_banner.png,ported
textures/items,textures/items/banner_moredain.png,src/main/resources/assets/lotr/textures/item/moredain_banner.png,ported
textures/items,textures/items/banner_nanUngol.png,src/main/resources/assets/lotr/textures/item/nan_ungol_banner.png,ported
textures/items,textures/items/banner_nearHarad.png,src/main/resources/assets/lotr/textures/item/near_harad_banner.png,ported
textures/items,textures/items/banner_pelargir.png,src/main/resources/assets/lotr/textures/item/pelargir_banner.png,ported
textures/items,textures/items/banner_pinnathGelin.png,src/main/resources/assets/lotr/textures/item/pinnath_gelin_banner.png,ported
textures/items,textures/items/banner_ranger.png,src/main/resources/assets/lotr/textures/item/ranger_banner.png,ported
textures/items,textures/items/banner_rhudaur.png,src/main/resources/assets/lotr/textures/item/rhudaur_banner.png,ported
textures/items,textures/items/banner_rhun.png,src/main/resources/assets/lotr/textures/item/rhun_banner.png,ported
textures/items,textures/items/banner_rivendell.png,src/main/resources/assets/lotr/textures/item/rivendell_banner.png,ported
textures/items,textures/items/banner_rohan.png,src/main/resources/assets/lotr/textures/item/rohan_banner.png,ported
textures/items,textures/items/banner_tauredain.png,src/main/resources/assets/lotr/textures/item/tauredain_banner.png,ported
textures/items,textures/items/banner_umbar.png,src/main/resources/assets/lotr/textures/item/umbar_banner.png,ported
textures/items,textures/items/barrel_emptyBucketSlot.png,src/main/resources/assets/lotr/textures/gui/sprites/container/slot/barrel_bucket.png,ported
textures/items,textures/items/barrel_emptyMugSlot.png,src/main/resources/assets/lotr/textures/gui/sprites/container/slot/barrel_mug.png,ported
textures/items,textures/items/battleaxeAngmar.png,src/main/resources/assets/lotr/textures/item/angmar_battleaxe.png,ported
textures/items,textures/items/battleaxeBlackUruk.png,src/main/resources/assets/lotr/textures/item/black_uruk_battleaxe.png,ported
textures/items,textures/items/battleaxeBlueDwarven.png,src/main/resources/assets/lotr/textures/item/blue_dwarven_battleaxe.png,ported
textures/items,textures/items/battleaxeBronze.png,src/main/resources/assets/lotr/textures/item/bronze_battleaxe.png,ported
textures/items,textures/items/battleaxeCorsair.png,src/main/resources/assets/lotr/textures/item/corsair_battleaxe.png,ported
textures/items,textures/items/battleaxeDale.png,src/main/resources/assets/lotr/textures/item/dale_battleaxe.png,ported
textures/items,textures/items/battleaxeDolGuldur.png,src/main/resources/assets/lotr/textures/item/dol_guldur_battleaxe.png,ported
textures/items,textures/items/battleaxeDwarven.png,src/main/resources/assets/lotr/textures/item/dwarven_battleaxe.png,ported
textures/items,textures/items/battleaxeGundabadUruk.png,src/main/resources/assets/lotr/textures/item/gundabad_uruk_waraxe.png,ported
textures/items,textures/items/battleaxeHalfTroll.png,src/main/resources/assets/lotr/textures/item/half_troll_battleaxe.png,ported
textures/items,textures/items/battleaxeIron.png,src/main/resources/assets/lotr/textures/item/iron_battleaxe.png,ported
textures/items,textures/items/battleaxeLossarnach.png,src/main/resources/assets/lotr/textures/item/lossarnach_battleaxe.png,ported
textures/items,textures/items/battleaxeMithril.png,src/main/resources/assets/lotr/textures/item/mithril_battleaxe.png,ported
textures/items,textures/items/battleaxeMoredain.png,src/main/resources/assets/lotr/textures/item/morwaith_battleaxe.png,ported
textures/items,textures/items/battleaxeOrc.png,src/main/resources/assets/lotr/textures/item/mordor_battleaxe.png,ported
textures/items,textures/items/battleaxeRhun.png,src/main/resources/assets/lotr/textures/item/rhunic_battleaxe.png,ported
textures/items,textures/items/battleaxeRohan.png,src/main/resources/assets/lotr/textures/item/rohirric_battleaxe.png,ported
textures/items,textures/items/battleaxeTauredain.png,src/main/resources/assets/lotr/textures/item/taurethrim_battleaxe.png,ported
textures/items,textures/items/battleaxeUruk.png,src/main/resources/assets/lotr/textures/item/uruk_battleaxe.png,ported
textures/items,textures/items/battleaxeUtumno.png,src/main/resources/assets/lotr/textures/item/utumno_battleaxe.png,ported
textures/items,textures/items/bearRug_black.png,,missing
textures/items,textures/items/bearRug_dark.png,,missing
textures/items,textures/items/bearRug_light.png,,missing
textures/items,textures/items/berryPie.png,src/main/resources/assets/lotr/textures/item/berry_pie.png,ported
textures/items,textures/items/blackUrukBow.png,src/main/resources/assets/lotr/textures/item/black_uruk_bow.png,ported
textures/items,textures/items/blackUrukSteel.png,src/main/resources/assets/lotr/textures/item/black_uruk_steel_ingot.png,ported
textures/items,textures/items/blackberry.png,src/main/resources/assets/lotr/textures/item/blackberries.png,ported
textures/items,textures/items/blackrootBow.png,src/main/resources/assets/lotr/textures/item/blackroot_bow.png,ported
textures/items,textures/items/blackrootStick.png,src/main/resources/assets/lotr/textures/item/blackroot_stick.png,ported
textures/items,textures/items/blacksmithHammer.png,src/main/resources/assets/lotr/textures/item/blacksmith_hammer.png,ported
textures/items,textures/items/blueDwarfSteel.png,src/main/resources/assets/lotr/textures/item/blue_dwarven_steel_ingot.png,ported
textures/items,textures/items/blueberry.png,src/main/resources/assets/lotr/textures/item/blueberries.png,ported
textures/items,textures/items/boarArmorBlueDwarven.png,src/main/resources/assets/lotr/textures/item/blue_dwarven_boar_armor.png,ported
textures/items,textures/items/boarArmorDwarven.png,src/main/resources/assets/lotr/textures/item/dwarven_boar_armor.png,ported
textures/items,textures/items/bodyAngmar.png,src/main/resources/assets/lotr/textures/item/angmar_chestplate.png,ported
textures/items,textures/items/bodyArnor.png,src/main/resources/assets/lotr/textures/item/arnor_chestplate.png,ported
textures/items,textures/items/bodyBlackNumenorean.png,src/main/resources/assets/lotr/textures/item/black_numenorean_chestplate.png,ported
textures/items,textures/items/bodyBlackUruk.png,src/main/resources/assets/lotr/textures/item/black_uruk_chestplate.png,ported
textures/items,textures/items/bodyBlackroot.png,src/main/resources/assets/lotr/textures/item/blackroot_vale_chestplate.png,ported
textures/items,textures/items/bodyBlueDwarven.png,src/main/resources/assets/lotr/textures/item/blue_dwarven_chestplate.png,ported
textures/items,textures/items/bodyBone.png,src/main/resources/assets/lotr/textures/item/bone_chestplate.png,ported
textures/items,textures/items/bodyBronze.png,src/main/resources/assets/lotr/textures/item/bronze_chestplate.png,ported
textures/items,textures/items/bodyCorsair.png,src/main/resources/assets/lotr/textures/item/corsair_chestplate.png,ported
textures/items,textures/items/bodyDale.png,src/main/resources/assets/lotr/textures/item/dale_chestplate.png,ported
textures/items,textures/items/bodyDaleGambeson.png,src/main/resources/assets/lotr/textures/item/dale_gambeson.png,ported
textures/items,textures/items/bodyDolAmroth.png,src/main/resources/assets/lotr/textures/item/dol_amroth_chestplate.png,ported
textures/items,textures/items/bodyDolAmrothGambeson.png,src/main/resources/assets/lotr/textures/item/dol_amroth_gambeson.png,ported
textures/items,textures/items/bodyDolGuldur.png,src/main/resources/assets/lotr/textures/item/dol_guldur_chestplate.png,ported
textures/items,textures/items/bodyDorwinion.png,src/main/resources/assets/lotr/textures/item/dorwinion_chestplate.png,ported
textures/items,textures/items/bodyDorwinionElf.png,src/main/resources/assets/lotr/textures/item/dorwinion_elven_chestplate.png,ported
textures/items,textures/items/bodyDunlending.png,src/main/resources/assets/lotr/textures/item/dunlending_chestplate.png,ported
textures/items,textures/items/bodyDwarven.png,src/main/resources/assets/lotr/textures/item/dwarven_chestplate.png,ported
textures/items,textures/items/bodyDwarvenGold.png,src/main/resources/assets/lotr/textures/item/gold_trimmed_dwarven_chestplate.png,ported
textures/items,textures/items/bodyDwarvenMithril.png,src/main/resources/assets/lotr/textures/item/mithril_trimmed_dwarven_chestplate.png,ported
textures/items,textures/items/bodyDwarvenSilver.png,src/main/resources/assets/lotr/textures/item/silver_trimmed_dwarven_chestplate.png,ported
textures/items,textures/items/bodyElven.png,src/main/resources/assets/lotr/textures/item/galadhrim_chestplate.png,ported
textures/items,textures/items/bodyGalvorn.png,src/main/resources/assets/lotr/textures/item/galvorn_chestplate.png,ported
textures/items,textures/items/bodyGemsbok.png,src/main/resources/assets/lotr/textures/item/gemsbok_hide_chestplate.png,ported
textures/items,textures/items/bodyGondolin.png,src/main/resources/assets/lotr/textures/item/gondolin_chestplate.png,ported
textures/items,textures/items/bodyGondor.png,src/main/resources/assets/lotr/textures/item/gondor_chestplate.png,ported
textures/items,textures/items/bodyGondorGambeson.png,src/main/resources/assets/lotr/textures/item/gondor_gambeson.png,ported
textures/items,textures/items/bodyGulfHarad.png,src/main/resources/assets/lotr/textures/item/gulfen_chestplate.png,ported
textures/items,textures/items/bodyGundabadUruk.png,src/main/resources/assets/lotr/textures/item/gundabad_uruk_chestplate.png,ported
textures/items,textures/items/bodyHalfTroll.png,src/main/resources/assets/lotr/textures/item/half_troll_chestplate.png,ported
textures/items,textures/items/bodyHaradRobes.png,src/main/resources/assets/lotr/textures/item/harad_robe.png,ported
textures/items,textures/items/bodyHarnedor.png,src/main/resources/assets/lotr/textures/item/harnennor_chestplate.png,ported
textures/items,textures/items/bodyHighElven.png,src/main/resources/assets/lotr/textures/item/lindon_chestplate.png,ported
textures/items,textures/items/bodyHithlain.png,src/main/resources/assets/lotr/textures/item/galadhrim_cloak_tunic.png,ported
textures/items,textures/items/bodyKaftan.png,src/main/resources/assets/lotr/textures/item/kaftan.png,ported
textures/items,textures/items/bodyKaftan_overlay.png,,missing
textures/items,textures/items/bodyLamedon.png,src/main/resources/assets/lotr/textures/item/lamedon_chestplate.png,ported
textures/items,textures/items/bodyLamedonJacket.png,src/main/resources/assets/lotr/textures/item/lamedon_jacket.png,ported
textures/items,textures/items/bodyLebenninGambeson.png,src/main/resources/assets/lotr/textures/item/lebennin_gambeson.png,ported
textures/items,textures/items/bodyLossarnach.png,src/main/resources/assets/lotr/textures/item/lossarnach_chestplate.png,ported
textures/items,textures/items/bodyMithril.png,src/main/resources/assets/lotr/textures/item/mithril_chestplate.png,ported
textures/items,textures/items/bodyMoredain.png,src/main/resources/assets/lotr/textures/item/morwaith_chestplate.png,ported
textures/items,textures/items/bodyMoredainLion.png,src/main/resources/assets/lotr/textures/item/morwaith_chieftain_chestplate.png,ported
textures/items,textures/items/bodyMorgul.png,src/main/resources/assets/lotr/textures/item/morgul_chestplate.png,ported
textures/items,textures/items/bodyNearHarad.png,src/main/resources/assets/lotr/textures/item/coast_southron_chestplate.png,ported
textures/items,textures/items/bodyNomad.png,src/main/resources/assets/lotr/textures/item/nomad_tunic.png,ported
textures/items,textures/items/bodyOrc.png,src/main/resources/assets/lotr/textures/item/mordor_chestplate.png,ported
textures/items,textures/items/bodyPelargir.png,src/main/resources/assets/lotr/textures/item/pelargir_chestplate.png,ported
textures/items,textures/items/bodyPinnathGelin.png,src/main/resources/assets/lotr/textures/item/pinnath_gelin_chestplate.png,ported
textures/items,textures/items/bodyRanger.png,src/main/resources/assets/lotr/textures/item/ranger_tunic.png,ported
textures/items,textures/items/bodyRangerIthilien.png,src/main/resources/assets/lotr/textures/item/ithilien_ranger_tunic.png,ported
textures/items,textures/items/bodyRhun.png,src/main/resources/assets/lotr/textures/item/rhunic_chestplate.png,ported
textures/items,textures/items/bodyRhunGold.png,src/main/resources/assets/lotr/textures/item/golden_rhunic_chestplate.png,ported
textures/items,textures/items/bodyRivendell.png,src/main/resources/assets/lotr/textures/item/rivendell_chestplate.png,ported
textures/items,textures/items/bodyRohan.png,src/main/resources/assets/lotr/textures/item/rohirric_hauberk.png,ported
textures/items,textures/items/bodyRohanMarshal.png,src/main/resources/assets/lotr/textures/item/rohirric_marshal_chestplate.png,ported
textures/items,textures/items/bodyTauredain.png,src/main/resources/assets/lotr/textures/item/taurethrim_chestplate.png,ported
textures/items,textures/items/bodyTauredainGold.png,src/main/resources/assets/lotr/textures/item/golden_taurethrim_chestplate.png,ported
textures/items,textures/items/bodyUmbar.png,src/main/resources/assets/lotr/textures/item/umbaric_chestplate.png,ported
textures/items,textures/items/bodyUruk.png,src/main/resources/assets/lotr/textures/item/uruk_chestplate.png,ported
textures/items,textures/items/bodyUtumno.png,src/main/resources/assets/lotr/textures/item/utumno_chestplate.png,ported
textures/items,textures/items/bodyWarg.png,src/main/resources/assets/lotr/textures/item/fur_tunic.png,ported
textures/items,textures/items/bodyWoodElven.png,src/main/resources/assets/lotr/textures/item/wood_elven_chestplate.png,ported
textures/items,textures/items/bodyWoodElvenScout.png,src/main/resources/assets/lotr/textures/item/wood_elven_scout_tunic.png,ported
textures/items,textures/items/bootsAngmar.png,src/main/resources/assets/lotr/textures/item/angmar_boots.png,ported
textures/items,textures/items/bootsArnor.png,src/main/resources/assets/lotr/textures/item/arnor_boots.png,ported
textures/items,textures/items/bootsBlackNumenorean.png,src/main/resources/assets/lotr/textures/item/black_numenorean_boots.png,ported
textures/items,textures/items/bootsBlackUruk.png,src/main/resources/assets/lotr/textures/item/black_uruk_boots.png,ported
textures/items,textures/items/bootsBlackroot.png,src/main/resources/assets/lotr/textures/item/blackroot_vale_boots.png,ported
textures/items,textures/items/bootsBlueDwarven.png,src/main/resources/assets/lotr/textures/item/blue_dwarven_boots.png,ported
textures/items,textures/items/bootsBone.png,src/main/resources/assets/lotr/textures/item/bone_boots.png,ported
textures/items,textures/items/bootsBronze.png,src/main/resources/assets/lotr/textures/item/bronze_boots.png,ported
textures/items,textures/items/bootsCorsair.png,src/main/resources/assets/lotr/textures/item/corsair_boots.png,ported
textures/items,textures/items/bootsDale.png,src/main/resources/assets/lotr/textures/item/dale_boots.png,ported
textures/items,textures/items/bootsDolAmroth.png,src/main/resources/assets/lotr/textures/item/dol_amroth_boots.png,ported
textures/items,textures/items/bootsDolGuldur.png,src/main/resources/assets/lotr/textures/item/dol_guldur_boots.png,ported
textures/items,textures/items/bootsDorwinion.png,src/main/resources/assets/lotr/textures/item/dorwinion_boots.png,ported
textures/items,textures/items/bootsDorwinionElf.png,src/main/resources/assets/lotr/textures/item/dorwinion_elven_boots.png,ported
textures/items,textures/items/bootsDunlending.png,src/main/resources/assets/lotr/textures/item/dunlending_boots.png,ported
textures/items,textures/items/bootsDwarven.png,src/main/resources/assets/lotr/textures/item/dwarven_boots.png,ported
textures/items,textures/items/bootsDwarvenGold.png,src/main/resources/assets/lotr/textures/item/gold_trimmed_dwarven_boots.png,ported
textures/items,textures/items/bootsDwarvenMithril.png,src/main/resources/assets/lotr/textures/item/mithril_trimmed_dwarven_boots.png,ported
textures/items,textures/items/bootsDwarvenSilver.png,src/main/resources/assets/lotr/textures/item/silver_trimmed_dwarven_boots.png,ported
textures/items,textures/items/bootsElven.png,src/main/resources/assets/lotr/textures/item/galadhrim_boots.png,ported
textures/items,textures/items/bootsGalvorn.png,src/main/resources/assets/lotr/textures/item/galvorn_boots.png,ported
textures/items,textures/items/bootsGemsbok.png,src/main/resources/assets/lotr/textures/item/gemsbok_hide_boots.png,ported
textures/items,textures/items/bootsGondolin.png,src/main/resources/assets/lotr/textures/item/gondolin_boots.png,ported
textures/items,textures/items/bootsGondor.png,src/main/resources/assets/lotr/textures/item/gondor_boots.png,ported
textures/items,textures/items/bootsGulfHarad.png,src/main/resources/assets/lotr/textures/item/gulfen_boots.png,ported
textures/items,textures/items/bootsGundabadUruk.png,src/main/resources/assets/lotr/textures/item/gundabad_uruk_boots.png,ported
textures/items,textures/items/bootsHalfTroll.png,src/main/resources/assets/lotr/textures/item/half_troll_boots.png,ported
textures/items,textures/items/bootsHaradRobes.png,src/main/resources/assets/lotr/textures/item/harad_robe_shoes.png,ported
textures/items,textures/items/bootsHarnedor.png,src/main/resources/assets/lotr/textures/item/harnennor_boots.png,ported
textures/items,textures/items/bootsHighElven.png,src/main/resources/assets/lotr/textures/item/lindon_boots.png,ported
textures/items,textures/items/bootsHithlain.png,src/main/resources/assets/lotr/textures/item/galadhrim_cloak_boots.png,ported
textures/items,textures/items/bootsLamedon.png,src/main/resources/assets/lotr/textures/item/lamedon_boots.png,ported
textures/items,textures/items/bootsLossarnach.png,src/main/resources/assets/lotr/textures/item/lossarnach_boots.png,ported
textures/items,textures/items/bootsMithril.png,src/main/resources/assets/lotr/textures/item/mithril_boots.png,ported
textures/items,textures/items/bootsMoredain.png,src/main/resources/assets/lotr/textures/item/morwaith_boots.png,ported
textures/items,textures/items/bootsMoredainLion.png,src/main/resources/assets/lotr/textures/item/morwaith_chieftain_boots.png,ported
textures/items,textures/items/bootsMorgul.png,src/main/resources/assets/lotr/textures/item/morgul_boots.png,ported
textures/items,textures/items/bootsNearHarad.png,src/main/resources/assets/lotr/textures/item/coast_southron_boots.png,ported
textures/items,textures/items/bootsNomad.png,src/main/resources/assets/lotr/textures/item/nomad_shoes.png,ported
textures/items,textures/items/bootsOrc.png,src/main/resources/assets/lotr/textures/item/mordor_boots.png,ported
textures/items,textures/items/bootsPelargir.png,src/main/resources/assets/lotr/textures/item/pelargir_boots.png,ported
textures/items,textures/items/bootsPinnathGelin.png,src/main/resources/assets/lotr/textures/item/pinnath_gelin_boots.png,ported
textures/items,textures/items/bootsRanger.png,src/main/resources/assets/lotr/textures/item/ranger_boots.png,ported
textures/items,textures/items/bootsRangerIthilien.png,src/main/resources/assets/lotr/textures/item/ithilien_ranger_boots.png,ported
textures/items,textures/items/bootsRhun.png,src/main/resources/assets/lotr/textures/item/rhunic_boots.png,ported
textures/items,textures/items/bootsRhunGold.png,src/main/resources/assets/lotr/textures/item/golden_rhunic_boots.png,ported
textures/items,textures/items/bootsRivendell.png,src/main/resources/assets/lotr/textures/item/rivendell_boots.png,ported
textures/items,textures/items/bootsRohan.png,src/main/resources/assets/lotr/textures/item/rohirric_boots.png,ported
textures/items,textures/items/bootsRohanMarshal.png,src/main/resources/assets/lotr/textures/item/rohirric_marshal_boots.png,ported
textures/items,textures/items/bootsTauredain.png,src/main/resources/assets/lotr/textures/item/taurethrim_boots.png,ported
textures/items,textures/items/bootsTauredainGold.png,src/main/resources/assets/lotr/textures/item/golden_taurethrim_boots.png,ported
textures/items,textures/items/bootsUmbar.png,src/main/resources/assets/lotr/textures/item/umbaric_boots.png,ported
textures/items,textures/items/bootsUruk.png,src/main/resources/assets/lotr/textures/item/uruk_boots.png,ported
textures/items,textures/items/bootsUtumno.png,src/main/resources/assets/lotr/textures/item/utumno_boots.png,ported
textures/items,textures/items/bootsWarg.png,src/main/resources/assets/lotr/textures/item/fur_boots.png,ported
textures/items,textures/items/bootsWoodElven.png,src/main/resources/assets/lotr/textures/item/wood_elven_boots.png,ported
textures/items,textures/items/bootsWoodElvenScout.png,src/main/resources/assets/lotr/textures/item/wood_elven_scout_boots.png,ported
textures/items,textures/items/bossTrophy_mallornEnt.png,src/main/resources/assets/lotr/textures/item/mallorn_ent_trophy.png,ported
textures/items,textures/items/bossTrophy_mtc.png,src/main/resources/assets/lotr/textures/item/mountain_troll_chieftain_trophy.png,ported
textures/items,textures/items/bottlePoison.png,src/main/resources/assets/lotr/textures/item/bottle_of_poison.png,ported
textures/items,textures/items/bountyTrophy.png,src/main/resources/assets/lotr/textures/item/headhunters_trophy.png,ported
textures/items,textures/items/brandingIron.png,,missing
textures/items,textures/items/brandingIron_hot.png,,missing
textures/items,textures/items/bronze.png,src/main/resources/assets/lotr/textures/item/bronze_ingot.png,ported
textures/items,textures/items/bronzeCrossbow.png,src/main/resources/assets/lotr/textures/item/bronze_crossbow.png,ported
textures/items,textures/items/bronzeCrossbow_pull_0.png,src/main/resources/assets/lotr/textures/item/bronze_crossbow_pulling_0.png,ported
textures/items,textures/items/bronzeCrossbow_pull_1.png,src/main/resources/assets/lotr/textures/item/bronze_crossbow_pulling_1.png,ported
textures/items,textures/items/bronzeCrossbow_pull_2.png,src/main/resources/assets/lotr/textures/item/bronze_crossbow_pulling_2.png,ported
textures/items,textures/items/camelCooked.png,src/main/resources/assets/lotr/textures/item/cooked_camel.png,ported
textures/items,textures/items/camelRaw.png,src/main/resources/assets/lotr/textures/item/raw_camel.png,ported
textures/items,textures/items/ceramicMug.png,src/main/resources/assets/lotr/textures/item/ceramic_mug.png,ported
textures/items,textures/items/ceramicPlate.png,src/main/resources/assets/lotr/textures/item/stoneware_plate.png,ported
textures/items,textures/items/cherry.png,src/main/resources/assets/lotr/textures/item/cherries.png,ported
textures/items,textures/items/cherryPie.png,src/main/resources/assets/lotr/textures/item/cherry_pie.png,ported
textures/items,textures/items/chestnut.png,src/main/resources/assets/lotr/textures/item/conker.png,ported
textures/items,textures/items/chestnutRoast.png,src/main/resources/assets/lotr/textures/item/roast_chestnut.png,ported
textures/items,textures/items/chilling.png,src/main/resources/assets/lotr/textures/item/chill_of_daedelos.png,ported
textures/items,textures/items/chisel.png,src/main/resources/assets/lotr/textures/item/chisel.png,ported
textures/items,textures/items/chiselIthildin.png,src/main/resources/assets/lotr/textures/item/moon_chisel.png,ported
textures/items,textures/items/clayMug.png,src/main/resources/assets/lotr/textures/item/clay_mug.png,ported
textures/items,textures/items/clayPlate.png,src/main/resources/assets/lotr/textures/item/clay_plate.png,ported
textures/items,textures/items/clubMoredain.png,src/main/resources/assets/lotr/textures/item/morwaith_club.png,ported
textures/items,textures/items/coin_1.png,src/main/resources/assets/lotr/textures/item/silver_coin.png,ported
textures/items,textures/items/coin_10.png,src/main/resources/assets/lotr/textures/item/silver_coin_stack.png,ported
textures/items,textures/items/coin_100.png,src/main/resources/assets/lotr/textures/item/silver_coin_pile.png,ported
textures/items,textures/items/commandHorn.png,src/main/resources/assets/lotr/textures/item/command_horn.png,ported
textures/items,textures/items/commandSword.png,src/main/resources/assets/lotr/textures/item/command_sword.png,ported
textures/items,textures/items/conquestHorn_base.png,src/main/resources/assets/lotr/textures/item/warhorn_base.png,ported
textures/items,textures/items/conquestHorn_overlay.png,src/main/resources/assets/lotr/textures/item/warhorn_overlay.png,ported
textures/items,textures/items/copper.png,,missing
textures/items,textures/items/coral.png,src/main/resources/assets/lotr/textures/item/coral.png,ported
textures/items,textures/items/corn.png,src/main/resources/assets/lotr/textures/item/corn.png,ported
textures/items,textures/items/cornBread.png,src/main/resources/assets/lotr/textures/item/corn_bread.png,ported
textures/items,textures/items/cornCooked.png,src/main/resources/assets/lotr/textures/item/cooked_corn.png,ported
textures/items,textures/items/cornStalk.png,src/main/resources/assets/lotr/textures/item/corn_stalk.png,ported
textures/items,textures/items/cram.png,src/main/resources/assets/lotr/textures/item/cram.png,ported
textures/items,textures/items/cranberry.png,src/main/resources/assets/lotr/textures/item/cranberries.png,ported
textures/items,textures/items/crossbowBolt.png,src/main/resources/assets/lotr/textures/item/crossbow_bolt.png,ported
textures/items,textures/items/crossbowBoltPoisoned.png,src/main/resources/assets/lotr/textures/item/poisoned_crossbow_bolt.png,ported
textures/items,textures/items/daggerAncientHarad.png,src/main/resources/assets/lotr/textures/item/old_haradric_sacrificial_dagger.png,ported
textures/items,textures/items/daggerAngmar.png,src/main/resources/assets/lotr/textures/item/angmar_dagger.png,ported
textures/items,textures/items/daggerAngmarPoisoned.png,src/main/resources/assets/lotr/textures/item/poisoned_angmar_dagger.png,ported
textures/items,textures/items/daggerArnor.png,src/main/resources/assets/lotr/textures/item/arnor_dagger.png,ported
textures/items,textures/items/daggerArnorPoisoned.png,src/main/resources/assets/lotr/textures/item/poisoned_arnor_dagger.png,ported
textures/items,textures/items/daggerBarrow.png,src/main/resources/assets/lotr/textures/item/barrow_blade.png,ported
textures/items,textures/items/daggerBarrowPoisoned.png,src/main/resources/assets/lotr/textures/item/poisoned_barrow_blade.png,ported
textures/items,textures/items/daggerBlackNumenorean.png,src/main/resources/assets/lotr/textures/item/black_numenorean_dagger.png,ported
textures/items,textures/items/daggerBlackNumenoreanPoisoned.png,src/main/resources/assets/lotr/textures/item/poisoned_black_numenorean_dagger.png,ported
textures/items,textures/items/daggerBlackUruk.png,src/main/resources/assets/lotr/textures/item/black_uruk_dagger.png,ported
textures/items,textures/items/daggerBlackUrukPoisoned.png,src/main/resources/assets/lotr/textures/item/poisoned_black_uruk_dagger.png,ported
textures/items,textures/items/daggerBlueDwarven.png,src/main/resources/assets/lotr/textures/item/blue_dwarven_dagger.png,ported
textures/items,textures/items/daggerBlueDwarvenPoisoned.png,src/main/resources/assets/lotr/textures/item/poisoned_blue_dwarven_dagger.png,ported
textures/items,textures/items/daggerBronze.png,src/main/resources/assets/lotr/textures/item/bronze_dagger.png,ported
textures/items,textures/items/daggerBronzePoisoned.png,src/main/resources/assets/lotr/textures/item/poisoned_bronze_dagger.png,ported
textures/items,textures/items/daggerCorsair.png,src/main/resources/assets/lotr/textures/item/corsair_dagger.png,ported
textures/items,textures/items/daggerCorsairPoisoned.png,src/main/resources/assets/lotr/textures/item/poisoned_corsair_dagger.png,ported
textures/items,textures/items/daggerDale.png,src/main/resources/assets/lotr/textures/item/dale_dagger.png,ported
textures/items,textures/items/daggerDalePoisoned.png,src/main/resources/assets/lotr/textures/item/poisoned_dale_dagger.png,ported
textures/items,textures/items/daggerDolAmroth.png,src/main/resources/assets/lotr/textures/item/dol_amroth_dagger.png,ported
textures/items,textures/items/daggerDolAmrothPoisoned.png,src/main/resources/assets/lotr/textures/item/poisoned_dol_amroth_dagger.png,ported
textures/items,textures/items/daggerDolGuldur.png,src/main/resources/assets/lotr/textures/item/dol_guldur_dagger.png,ported
textures/items,textures/items/daggerDolGuldurPoisoned.png,src/main/resources/assets/lotr/textures/item/poisoned_dol_guldur_dagger.png,ported
textures/items,textures/items/daggerDorwinionElf.png,src/main/resources/assets/lotr/textures/item/dorwinion_elven_dagger.png,ported
textures/items,textures/items/daggerDorwinionElfPoisoned.png,src/main/resources/assets/lotr/textures/item/poisoned_dorwinion_elven_dagger.png,ported
textures/items,textures/items/daggerDorwinionElfPoisoned_glowing.png,,missing
textures/items,textures/items/daggerDorwinionElf_glowing.png,,missing
textures/items,textures/items/daggerDwarven.png,src/main/resources/assets/lotr/textures/item/dwarven_dagger.png,ported
textures/items,textures/items/daggerDwarvenPoisoned.png,src/main/resources/assets/lotr/textures/item/poisoned_dwarven_dagger.png,ported
textures/items,textures/items/daggerElven.png,src/main/resources/assets/lotr/textures/item/galadhrim_dagger.png,ported
textures/items,textures/items/daggerElvenPoisoned.png,src/main/resources/assets/lotr/textures/item/poisoned_galadhrim_dagger.png,ported
textures/items,textures/items/daggerElvenPoisoned_glowing.png,,missing
textures/items,textures/items/daggerElven_glowing.png,,missing
textures/items,textures/items/daggerGondor.png,src/main/resources/assets/lotr/textures/item/gondor_dagger.png,ported
textures/items,textures/items/daggerGondorPoisoned.png,src/main/resources/assets/lotr/textures/item/poisoned_gondor_dagger.png,ported
textures/items,textures/items/daggerGundabadUruk.png,src/main/resources/assets/lotr/textures/item/gundabad_uruk_dagger.png,ported
textures/items,textures/items/daggerGundabadUrukPoisoned.png,src/main/resources/assets/lotr/textures/item/poisoned_gundabad_uruk_dagger.png,ported
textures/items,textures/items/daggerHalfTroll.png,src/main/resources/assets/lotr/textures/item/half_troll_dagger.png,ported
textures/items,textures/items/daggerHalfTrollPoisoned.png,src/main/resources/assets/lotr/textures/item/poisoned_half_troll_dagger.png,ported
textures/items,textures/items/daggerHarad.png,src/main/resources/assets/lotr/textures/item/haradric_dagger.png,ported
textures/items,textures/items/daggerHaradPoisoned.png,src/main/resources/assets/lotr/textures/item/poisoned_haradric_dagger.png,ported
textures/items,textures/items/daggerHighElven.png,src/main/resources/assets/lotr/textures/item/lindon_dagger.png,ported
textures/items,textures/items/daggerHighElvenPoisoned.png,src/main/resources/assets/lotr/textures/item/poisoned_lindon_dagger.png,ported
textures/items,textures/items/daggerHighElvenPoisoned_glowing.png,,missing
textures/items,textures/items/daggerHighElven_glowing.png,,missing
textures/items,textures/items/daggerIron.png,src/main/resources/assets/lotr/textures/item/iron_dagger.png,ported
textures/items,textures/items/daggerIronPoisoned.png,src/main/resources/assets/lotr/textures/item/poisoned_iron_dagger.png,ported
textures/items,textures/items/daggerMithril.png,src/main/resources/assets/lotr/textures/item/mithril_dagger.png,ported
textures/items,textures/items/daggerMithrilPoisoned.png,src/main/resources/assets/lotr/textures/item/poisoned_mithril_dagger.png,ported
textures/items,textures/items/daggerMoredain.png,src/main/resources/assets/lotr/textures/item/morwaith_dagger.png,ported
textures/items,textures/items/daggerMoredainPoisoned.png,src/main/resources/assets/lotr/textures/item/poisoned_morwaith_dagger.png,ported
textures/items,textures/items/daggerNearHarad.png,src/main/resources/assets/lotr/textures/item/umbaric_dagger.png,ported
textures/items,textures/items/daggerNearHaradPoisoned.png,src/main/resources/assets/lotr/textures/item/poisoned_umbaric_dagger.png,ported
textures/items,textures/items/daggerOrc.png,src/main/resources/assets/lotr/textures/item/mordor_dagger.png,ported
textures/items,textures/items/daggerOrcPoisoned.png,src/main/resources/assets/lotr/textures/item/poisoned_mordor_dagger.png,ported
textures/items,textures/items/daggerRhun.png,src/main/resources/assets/lotr/textures/item/rhunic_dagger.png,ported
textures/items,textures/items/daggerRhunPoisoned.png,src/main/resources/assets/lotr/textures/item/poisoned_rhunic_dagger.png,ported
textures/items,textures/items/daggerRivendell.png,src/main/resources/assets/lotr/textures/item/rivendell_dagger.png,ported
textures/items,textures/items/daggerRivendellPoisoned.png,src/main/resources/assets/lotr/textures/item/poisoned_rivendell_dagger.png,ported
textures/items,textures/items/daggerRivendellPoisoned_glowing.png,,missing
textures/items,textures/items/daggerRivendell_glowing.png,,missing
textures/items,textures/items/daggerRohan.png,src/main/resources/assets/lotr/textures/item/rohirric_dagger.png,ported
textures/items,textures/items/daggerRohanPoisoned.png,src/main/resources/assets/lotr/textures/item/poisoned_rohirric_dagger.png,ported
textures/items,textures/items/daggerTauredain.png,src/main/resources/assets/lotr/textures/item/taurethrim_dagger.png,ported
textures/items,textures/items/daggerTauredainPoisoned.png,src/main/resources/assets/lotr/textures/item/poisoned_taurethrim_dagger.png,ported
textures/items,textures/items/daggerUruk.png,src/main/resources/assets/lotr/textures/item/uruk_dagger.png,ported
textures/items,textures/items/daggerUrukPoisoned.png,src/main/resources/assets/lotr/textures/item/poisoned_uruk_dagger.png,ported
textures/items,textures/items/daggerUtumno.png,src/main/resources/assets/lotr/textures/item/utumno_dagger.png,ported
textures/items,textures/items/daggerUtumnoPoisoned.png,src/main/resources/assets/lotr/textures/item/poisoned_utumno_dagger.png,ported
textures/items,textures/items/daggerWoodElven.png,src/main/resources/assets/lotr/textures/item/wood_elven_dagger.png,ported
textures/items,textures/items/daggerWoodElvenPoisoned.png,src/main/resources/assets/lotr/textures/item/poisoned_wood_elven_dagger.png,ported
textures/items,textures/items/daggerWoodElvenPoisoned_glowing.png,,missing
textures/items,textures/items/daggerWoodElven_glowing.png,,missing
textures/items,textures/items/daleBow.png,src/main/resources/assets/lotr/textures/item/dale_bow.png,ported
textures/items,textures/items/daleCracker_blue.png,src/main/resources/assets/lotr/textures/item/blue_dalish_cracker.png,ported
textures/items,textures/items/daleCracker_gold.png,src/main/resources/assets/lotr/textures/item/gold_dalish_cracker.png,ported
textures/items,textures/items/daleCracker_green.png,src/main/resources/assets/lotr/textures/item/green_dalish_cracker.png,ported
textures/items,textures/items/daleCracker_red.png,src/main/resources/assets/lotr/textures/item/red_dalish_cracker.png,ported
textures/items,textures/items/daleCracker_silver.png,src/main/resources/assets/lotr/textures/item/silver_dalish_cracker.png,ported
textures/items,textures/items/dalishPastry.png,src/main/resources/assets/lotr/textures/item/dalish_pastry.png,ported
textures/items,textures/items/date.png,src/main/resources/assets/lotr/textures/item/date.png,ported
textures/items,textures/items/deerCooked.png,src/main/resources/assets/lotr/textures/item/cooked_venison.png,ported
textures/items,textures/items/deerRaw.png,src/main/resources/assets/lotr/textures/item/raw_venison.png,ported
textures/items,textures/items/diamond.png,src/main/resources/assets/lotr/textures/item/diamond.png,ported
textures/items,textures/items/doorAcacia.png,src/main/resources/assets/lotr/textures/item/acacia_door.png,ported
textures/items,textures/items/doorAlmond.png,src/main/resources/assets/lotr/textures/item/almond_door.png,ported
textures/items,textures/items/doorApple.png,src/main/resources/assets/lotr/textures/item/apple_door.png,ported
textures/items,textures/items/doorAspen.png,src/main/resources/assets/lotr/textures/item/aspen_door.png,ported
textures/items,textures/items/doorBanana.png,src/main/resources/assets/lotr/textures/item/banana_door.png,ported
textures/items,textures/items/doorBaobab.png,src/main/resources/assets/lotr/textures/item/baobab_door.png,ported
textures/items,textures/items/doorBeech.png,src/main/resources/assets/lotr/textures/item/beech_door.png,ported
textures/items,textures/items/doorBirch.png,src/main/resources/assets/lotr/textures/item/birch_door.png,ported
textures/items,textures/items/doorCedar.png,src/main/resources/assets/lotr/textures/item/cedar_door.png,ported
textures/items,textures/items/doorCharred.png,src/main/resources/assets/lotr/textures/item/charred_door.png,ported
textures/items,textures/items/doorCherry.png,src/main/resources/assets/lotr/textures/item/cherry_door.png,ported
textures/items,textures/items/doorChestnut.png,src/main/resources/assets/lotr/textures/item/chestnut_door.png,ported
textures/items,textures/items/doorCypress.png,src/main/resources/assets/lotr/textures/item/cypress_door.png,ported
textures/items,textures/items/doorDarkOak.png,src/main/resources/assets/lotr/textures/item/dark_oak_door.png,ported
textures/items,textures/items/doorDatePalm.png,src/main/resources/assets/lotr/textures/item/date_palm_door.png,ported
textures/items,textures/items/doorDragon.png,src/main/resources/assets/lotr/textures/item/dragon_door.png,ported
textures/items,textures/items/doorFir.png,src/main/resources/assets/lotr/textures/item/fir_door.png,ported
textures/items,textures/items/doorGreenOak.png,src/main/resources/assets/lotr/textures/item/green_oak_door.png,ported
textures/items,textures/items/doorHolly.png,src/main/resources/assets/lotr/textures/item/holly_door.png,ported
textures/items,textures/items/doorJungle.png,src/main/resources/assets/lotr/textures/item/jungle_door.png,ported
textures/items,textures/items/doorKanuka.png,src/main/resources/assets/lotr/textures/item/kanuka_door.png,ported
textures/items,textures/items/doorLairelosse.png,src/main/resources/assets/lotr/textures/item/lairelosse_door.png,ported
textures/items,textures/items/doorLarch.png,src/main/resources/assets/lotr/textures/item/larch_door.png,ported
textures/items,textures/items/doorLebethron.png,src/main/resources/assets/lotr/textures/item/lebethron_door.png,ported
textures/items,textures/items/doorLemon.png,src/main/resources/assets/lotr/textures/item/lemon_door.png,ported
textures/items,textures/items/doorLime.png,src/main/resources/assets/lotr/textures/item/lime_door.png,ported
textures/items,textures/items/doorMahogany.png,src/main/resources/assets/lotr/textures/item/mahogany_door.png,ported
textures/items,textures/items/doorMallorn.png,src/main/resources/assets/lotr/textures/item/mallorn_door.png,ported
textures/items,textures/items/doorMango.png,src/main/resources/assets/lotr/textures/item/mango_door.png,ported
textures/items,textures/items/doorMangrove.png,src/main/resources/assets/lotr/textures/item/mangrove_door.png,ported
textures/items,textures/items/doorMaple.png,src/main/resources/assets/lotr/textures/item/maple_door.png,ported
textures/items,textures/items/doorMirkOak.png,src/main/resources/assets/lotr/textures/item/mirk_oak_door.png,ported
textures/items,textures/items/doorOlive.png,src/main/resources/assets/lotr/textures/item/olive_door.png,ported
textures/items,textures/items/doorOrange.png,src/main/resources/assets/lotr/textures/item/orange_door.png,ported
textures/items,textures/items/doorPalm.png,src/main/resources/assets/lotr/textures/item/palm_door.png,ported
textures/items,textures/items/doorPear.png,src/main/resources/assets/lotr/textures/item/pear_door.png,ported
textures/items,textures/items/doorPine.png,src/main/resources/assets/lotr/textures/item/pine_door.png,ported
textures/items,textures/items/doorPlum.png,src/main/resources/assets/lotr/textures/item/plum_door.png,ported
textures/items,textures/items/doorPomegranate.png,src/main/resources/assets/lotr/textures/item/pomegranate_door.png,ported
textures/items,textures/items/doorRedwood.png,src/main/resources/assets/lotr/textures/item/redwood_door.png,ported
textures/items,textures/items/doorRotten.png,src/main/resources/assets/lotr/textures/item/rotten_door.png,ported
textures/items,textures/items/doorShirePine.png,src/main/resources/assets/lotr/textures/item/shire_pine_door.png,ported
textures/items,textures/items/doorSpruce.png,src/main/resources/assets/lotr/textures/item/spruce_door.png,ported
textures/items,textures/items/doorWillow.png,src/main/resources/assets/lotr/textures/item/willow_door.png,ported
textures/items,textures/items/dorwinionElfBow.png,src/main/resources/assets/lotr/textures/item/dorwinion_elven_bow.png,ported
textures/items,textures/items/driedReeds.png,src/main/resources/assets/lotr/textures/item/dried_reeds.png,ported
textures/items,textures/items/drink_bottle.png,,missing
textures/items,textures/items/drink_clay.png,,missing
textures/items,textures/items/drink_glass.png,,missing
textures/items,textures/items/drink_gobletCopper.png,,missing
textures/items,textures/items/drink_gobletGold.png,,missing
textures/items,textures/items/drink_gobletSilver.png,,missing
textures/items,textures/items/drink_gobletWood.png,,missing
textures/items,textures/items/drink_horn.png,,missing
textures/items,textures/items/drink_hornGold.png,,missing
textures/items,textures/items/drink_mug.png,,missing
textures/items,textures/items/drink_skin.png,,missing
textures/items,textures/items/drink_skull.png,,missing
textures/items,textures/items/dunlendingClub.png,src/main/resources/assets/lotr/textures/item/dunlending_club.png,ported
textures/items,textures/items/dunlendingTrident.png,src/main/resources/assets/lotr/textures/item/dunlending_trident.png,ported
textures/items,textures/items/dwarfBone.png,src/main/resources/assets/lotr/textures/item/dwarf_bone.png,ported
textures/items,textures/items/dwarfSteel.png,src/main/resources/assets/lotr/textures/item/dwarven_steel_ingot.png,ported
textures/items,textures/items/dwarvenBed.png,,missing
textures/items,textures/items/dwarvenRing.png,src/main/resources/assets/lotr/textures/item/dwarven_marriage_ring.png,ported
textures/items,textures/items/dye_bluebell.png,src/main/resources/assets/lotr/textures/item/bluebell_blue.png,ported
textures/items,textures/items/dye_brown.png,src/main/resources/assets/lotr/textures/item/brown_dye.png,ported
textures/items,textures/items/dye_charcoal.png,src/main/resources/assets/lotr/textures/item/charcoal_dust.png,ported
textures/items,textures/items/dye_elanor.png,src/main/resources/assets/lotr/textures/item/yellow_dye.png,ported
textures/items,textures/items/dye_green.png,src/main/resources/assets/lotr/textures/item/clover_green.png,ported
textures/items,textures/items/dye_niphredil.png,src/main/resources/assets/lotr/textures/item/white_dye.png,ported
textures/items,textures/items/elderberry.png,src/main/resources/assets/lotr/textures/item/elderberries.png,ported
textures/items,textures/items/elfBone.png,src/main/resources/assets/lotr/textures/item/elf_bone.png,ported
textures/items,textures/items/elfSteel.png,src/main/resources/assets/lotr/textures/item/elven_steel_ingot.png,ported
textures/items,textures/items/elkArmorWoodElven.png,src/main/resources/assets/lotr/textures/item/wood_elven_elk_armor.png,ported
textures/items,textures/items/elvenBed.png,,missing
textures/items,textures/items/elvenBow.png,src/main/resources/assets/lotr/textures/item/galadhrim_bow.png,ported
textures/items,textures/items/emerald.png,src/main/resources/assets/lotr/textures/item/emerald.png,ported
textures/items,textures/items/entDraught_blue.png,src/main/resources/assets/lotr/textures/item/ent_draught_blue.png,ported
textures/items,textures/items/entDraught_brown.png,src/main/resources/assets/lotr/textures/item/ent_draught_brown.png,ported
textures/items,textures/items/entDraught_gold.png,src/main/resources/assets/lotr/textures/item/ent_draught_gold.png,ported
textures/items,textures/items/entDraught_green.png,src/main/resources/assets/lotr/textures/item/ent_draught_green.png,ported
textures/items,textures/items/entDraught_red.png,src/main/resources/assets/lotr/textures/item/ent_draught_red.png,ported
textures/items,textures/items/entDraught_silver.png,src/main/resources/assets/lotr/textures/item/ent_draught_silver.png,ported
textures/items,textures/items/entDraught_yellow.png,src/main/resources/assets/lotr/textures/item/ent_draught_yellow.png,ported
textures/items,textures/items/flax.png,src/main/resources/assets/lotr/textures/item/flax.png,ported
textures/items,textures/items/flaxSeeds.png,src/main/resources/assets/lotr/textures/item/flax_seeds.png,ported
textures/items,textures/items/galvorn.png,src/main/resources/assets/lotr/textures/item/galvorn_ingot.png,ported
textures/items,textures/items/gammon.png,src/main/resources/assets/lotr/textures/item/gammon.png,ported
textures/items,textures/items/gandalfStaffGrey.png,src/main/resources/assets/lotr/textures/item/gandalf_staff_grey.png,ported
textures/items,textures/items/gandalfStaffWhite.png,src/main/resources/assets/lotr/textures/item/gandalf_staff_white.png,ported
textures/items,textures/items/gateGear.png,src/main/resources/assets/lotr/textures/item/gate_gears.png,ported
textures/items,textures/items/gemsbokHide.png,src/main/resources/assets/lotr/textures/item/gemsbok_hide.png,ported
textures/items,textures/items/gemsbokHorn.png,src/main/resources/assets/lotr/textures/item/gemsbok_horn.png,ported
textures/items,textures/items/gildedIron.png,src/main/resources/assets/lotr/textures/item/gilded_iron_ingot.png,ported
textures/items,textures/items/giraffeRug_giraffe.png,,missing
textures/items,textures/items/glamdring.png,src/main/resources/assets/lotr/textures/item/glamdring.png,ported
textures/items,textures/items/glamdring_glowing.png,,missing
textures/items,textures/items/gobletCopper.png,src/main/resources/assets/lotr/textures/item/copper_goblet.png,ported
textures/items,textures/items/gobletGold.png,src/main/resources/assets/lotr/textures/item/golden_goblet.png,ported
textures/items,textures/items/gobletSilver.png,src/main/resources/assets/lotr/textures/item/silver_goblet.png,ported
textures/items,textures/items/gobletWood.png,src/main/resources/assets/lotr/textures/item/wooden_cup.png,ported
textures/items,textures/items/goldRing.png,src/main/resources/assets/lotr/textures/item/gold_ring.png,ported
textures/items,textures/items/gondorBow.png,src/main/resources/assets/lotr/textures/item/gondor_bow.png,ported
textures/items,textures/items/grapeRed.png,src/main/resources/assets/lotr/textures/item/red_grapes.png,ported
textures/items,textures/items/grapeWhite.png,src/main/resources/assets/lotr/textures/item/green_grapes.png,ported
textures/items,textures/items/guldurilCrystal.png,src/main/resources/assets/lotr/textures/item/gulduril_crystal.png src/main/resources/assets/lotr/textures/item/gulduril.png,ported
textures/items,textures/items/gundabadUrukBow.png,src/main/resources/assets/lotr/textures/item/gundabad_uruk_bow.png,ported
textures/items,textures/items/halberdMithril.png,src/main/resources/assets/lotr/textures/item/mithril_halberd.png,ported
textures/items,textures/items/hammerAngmar.png,src/main/resources/assets/lotr/textures/item/angmar_warhammer.png,ported
textures/items,textures/items/hammerBlackUruk.png,src/main/resources/assets/lotr/textures/item/black_uruk_warhammer.png,ported
textures/items,textures/items/hammerBlueDwarven.png,src/main/resources/assets/lotr/textures/item/blue_dwarven_warhammer.png,ported
textures/items,textures/items/hammerDolGuldur.png,src/main/resources/assets/lotr/textures/item/dol_guldur_warhammer.png,ported
textures/items,textures/items/hammerDwarven.png,src/main/resources/assets/lotr/textures/item/dwarven_warhammer.png,ported
textures/items,textures/items/hammerGondor.png,src/main/resources/assets/lotr/textures/item/gondor_warhammer.png,ported
textures/items,textures/items/hammerGundabadUruk.png,src/main/resources/assets/lotr/textures/item/gundabad_uruk_bludgeon.png,ported
textures/items,textures/items/hammerHalfTroll.png,src/main/resources/assets/lotr/textures/item/half_troll_warhammer.png,ported
textures/items,textures/items/hammerMithril.png,src/main/resources/assets/lotr/textures/item/mithril_warhammer.png,ported
textures/items,textures/items/hammerOrc.png,src/main/resources/assets/lotr/textures/item/mordor_warhammer.png,ported
textures/items,textures/items/hammerTauredain.png,src/main/resources/assets/lotr/textures/item/taurethrim_bludgeon.png,ported
textures/items,textures/items/hammerUruk.png,src/main/resources/assets/lotr/textures/item/uruk_warhammer.png,ported
textures/items,textures/items/hammerUtumno.png,src/main/resources/assets/lotr/textures/item/utumno_warhammer.png,ported
textures/items,textures/items/helmetAngmar.png,src/main/resources/assets/lotr/textures/item/angmar_helmet.png,ported
textures/items,textures/items/helmetArnor.png,src/main/resources/assets/lotr/textures/item/arnor_helmet.png,ported
textures/items,textures/items/helmetBlackNumenorean.png,src/main/resources/assets/lotr/textures/item/black_numenorean_helmet.png,ported
textures/items,textures/items/helmetBlackUruk.png,src/main/resources/assets/lotr/textures/item/black_uruk_helmet.png,ported
textures/items,textures/items/helmetBlackroot.png,src/main/resources/assets/lotr/textures/item/blackroot_vale_helmet.png,ported
textures/items,textures/items/helmetBlueDwarven.png,src/main/resources/assets/lotr/textures/item/blue_dwarven_helmet.png,ported
textures/items,textures/items/helmetBone.png,src/main/resources/assets/lotr/textures/item/bone_helmet.png,ported
textures/items,textures/items/helmetBronze.png,src/main/resources/assets/lotr/textures/item/bronze_helmet.png,ported
textures/items,textures/items/helmetCorsair.png,src/main/resources/assets/lotr/textures/item/corsair_helmet.png,ported
textures/items,textures/items/helmetDale.png,src/main/resources/assets/lotr/textures/item/dale_helmet.png,ported
textures/items,textures/items/helmetDolAmroth.png,src/main/resources/assets/lotr/textures/item/dol_amroth_helmet.png,ported
textures/items,textures/items/helmetDolGuldur.png,src/main/resources/assets/lotr/textures/item/dol_guldur_helmet.png,ported
textures/items,textures/items/helmetDorwinion.png,src/main/resources/assets/lotr/textures/item/dorwinion_helmet.png,ported
textures/items,textures/items/helmetDorwinionElf.png,src/main/resources/assets/lotr/textures/item/dorwinion_elven_helmet.png,ported
textures/items,textures/items/helmetDunlending.png,src/main/resources/assets/lotr/textures/item/dunlending_helmet.png,ported
textures/items,textures/items/helmetDwarven.png,src/main/resources/assets/lotr/textures/item/dwarven_helmet.png,ported
textures/items,textures/items/helmetDwarvenGold.png,src/main/resources/assets/lotr/textures/item/gold_trimmed_dwarven_helmet.png,ported
textures/items,textures/items/helmetDwarvenMithril.png,src/main/resources/assets/lotr/textures/item/mithril_trimmed_dwarven_helmet.png,ported
textures/items,textures/items/helmetDwarvenSilver.png,src/main/resources/assets/lotr/textures/item/silver_trimmed_dwarven_helmet.png,ported
textures/items,textures/items/helmetElven.png,src/main/resources/assets/lotr/textures/item/galadhrim_helmet.png,ported
textures/items,textures/items/helmetGalvorn.png,src/main/resources/assets/lotr/textures/item/galvorn_helmet.png,ported
textures/items,textures/items/helmetGemsbok.png,src/main/resources/assets/lotr/textures/item/gemsbok_hide_helmet.png,ported
textures/items,textures/items/helmetGondolin.png,src/main/resources/assets/lotr/textures/item/gondolin_helmet.png,ported
textures/items,textures/items/helmetGondor.png,src/main/resources/assets/lotr/textures/item/gondor_helmet.png,ported
textures/items,textures/items/helmetGondorWinged.png,src/main/resources/assets/lotr/textures/item/gondor_winged_helmet.png,ported
textures/items,textures/items/helmetGulfHarad.png,src/main/resources/assets/lotr/textures/item/gulfen_helmet.png,ported
textures/items,textures/items/helmetGundabadUruk.png,src/main/resources/assets/lotr/textures/item/gundabad_uruk_helmet.png,ported
textures/items,textures/items/helmetHalfTroll.png,src/main/resources/assets/lotr/textures/item/half_troll_helmet.png,ported
textures/items,textures/items/helmetHaradRobes.png,src/main/resources/assets/lotr/textures/item/harad_turban.png,ported
textures/items,textures/items/helmetHaradRobes_ornament.png,,missing
textures/items,textures/items/helmetHarnedor.png,src/main/resources/assets/lotr/textures/item/harnennor_helmet.png,ported
textures/items,textures/items/helmetHighElven.png,src/main/resources/assets/lotr/textures/item/lindon_helmet.png,ported
textures/items,textures/items/helmetHithlain.png,src/main/resources/assets/lotr/textures/item/galadhrim_cloak_hood.png,ported
textures/items,textures/items/helmetLamedon.png,src/main/resources/assets/lotr/textures/item/lamedon_helmet.png,ported
textures/items,textures/items/helmetLossarnach.png,src/main/resources/assets/lotr/textures/item/lossarnach_helmet.png,ported
textures/items,textures/items/helmetMithril.png,src/main/resources/assets/lotr/textures/item/mithril_helmet.png,ported
textures/items,textures/items/helmetMoredain.png,src/main/resources/assets/lotr/textures/item/morwaith_helmet.png,ported
textures/items,textures/items/helmetMoredainLion.png,src/main/resources/assets/lotr/textures/item/morwaith_chieftain_helmet.png,ported
textures/items,textures/items/helmetMorgul.png,src/main/resources/assets/lotr/textures/item/morgul_helmet.png,ported
textures/items,textures/items/helmetNearHarad.png,src/main/resources/assets/lotr/textures/item/coast_southron_helmet.png,ported
textures/items,textures/items/helmetNearHaradWarlord.png,src/main/resources/assets/lotr/textures/item/southron_champion_helmet.png,ported
textures/items,textures/items/helmetNomad.png,src/main/resources/assets/lotr/textures/item/nomad_cap.png,ported
textures/items,textures/items/helmetOrc.png,src/main/resources/assets/lotr/textures/item/mordor_helmet.png,ported
textures/items,textures/items/helmetPelargir.png,src/main/resources/assets/lotr/textures/item/pelargir_helmet.png,ported
textures/items,textures/items/helmetPinnathGelin.png,src/main/resources/assets/lotr/textures/item/pinnath_gelin_helmet.png,ported
textures/items,textures/items/helmetRanger.png,src/main/resources/assets/lotr/textures/item/ranger_hood.png,ported
textures/items,textures/items/helmetRangerIthilien.png,src/main/resources/assets/lotr/textures/item/ithilien_ranger_hood.png,ported
textures/items,textures/items/helmetRhun.png,src/main/resources/assets/lotr/textures/item/rhunic_helmet.png,ported
textures/items,textures/items/helmetRhunGold.png,src/main/resources/assets/lotr/textures/item/golden_rhunic_helmet.png,ported
textures/items,textures/items/helmetRhunWarlord.png,src/main/resources/assets/lotr/textures/item/rhunic_warlord_helmet.png,ported
textures/items,textures/items/helmetRivendell.png,src/main/resources/assets/lotr/textures/item/rivendell_helmet.png,ported
textures/items,textures/items/helmetRohan.png,src/main/resources/assets/lotr/textures/item/rohirric_coif.png,ported
textures/items,textures/items/helmetRohanMarshal.png,src/main/resources/assets/lotr/textures/item/rohirric_marshal_helmet.png,ported
textures/items,textures/items/helmetTauredain.png,src/main/resources/assets/lotr/textures/item/taurethrim_helmet.png,ported
textures/items,textures/items/helmetTauredainChieftain.png,src/main/resources/assets/lotr/textures/item/taurethrim_chieftain_helmet.png,ported
textures/items,textures/items/helmetTauredainGold.png,src/main/resources/assets/lotr/textures/item/golden_taurethrim_helmet.png,ported
textures/items,textures/items/helmetUmbar.png,src/main/resources/assets/lotr/textures/item/umbaric_helmet.png,ported
textures/items,textures/items/helmetUruk.png,src/main/resources/assets/lotr/textures/item/uruk_helmet.png,ported
textures/items,textures/items/helmetUrukBerserker.png,src/main/resources/assets/lotr/textures/item/uruk_berserker_helmet.png,ported
textures/items,textures/items/helmetUtumno.png,src/main/resources/assets/lotr/textures/item/utumno_helmet.png,ported
textures/items,textures/items/helmetWarg.png,src/main/resources/assets/lotr/textures/item/fur_hat.png,ported
textures/items,textures/items/helmetWoodElven.png,src/main/resources/assets/lotr/textures/item/wood_elven_helmet.png,ported
textures/items,textures/items/helmetWoodElvenScout.png,src/main/resources/assets/lotr/textures/item/wood_elven_scout_hood.png,ported
textures/items,textures/items/highElvenBed.png,,missing
textures/items,textures/items/highElvenBow.png,src/main/resources/assets/lotr/textures/item/lindon_bow.png,ported
textures/items,textures/items/hithlain.png,src/main/resources/assets/lotr/textures/item/hithlain.png,ported
textures/items,textures/items/hithlainLadder.png,src/main/resources/assets/lotr/textures/item/hithlain_ladder.png,ported
textures/items,textures/items/hobbitBone.png,src/main/resources/assets/lotr/textures/item/hobbit_bone.png,ported
textures/items,textures/items/hobbitPancake.png,src/main/resources/assets/lotr/textures/item/hobbit_pancake.png,ported
textures/items,textures/items/hobbitPancakeMapleSyrup.png,src/main/resources/assets/lotr/textures/item/hobbit_pancake_with_maple_syrup.png,ported
textures/items,textures/items/hobbitPipe.png,src/main/resources/assets/lotr/textures/item/smoking_pipe.png,ported
textures/items,textures/items/hobbitRing.png,src/main/resources/assets/lotr/textures/item/hobbit_marriage_ring.png,ported
textures/items,textures/items/hoeAngmar.png,src/main/resources/assets/lotr/textures/item/angmar_hoe.png,ported
textures/items,textures/items/hoeBlueDwarven.png,src/main/resources/assets/lotr/textures/item/blue_dwarven_hoe.png,ported
textures/items,textures/items/hoeBronze.png,src/main/resources/assets/lotr/textures/item/bronze_hoe.png,ported
textures/items,textures/items/hoeDolGuldur.png,src/main/resources/assets/lotr/textures/item/dol_guldur_hoe.png,ported
textures/items,textures/items/hoeDwarven.png,src/main/resources/assets/lotr/textures/item/dwarven_hoe.png,ported
textures/items,textures/items/hoeElven.png,src/main/resources/assets/lotr/textures/item/galadhrim_hoe.png,ported
textures/items,textures/items/hoeHighElven.png,src/main/resources/assets/lotr/textures/item/lindon_hoe.png,ported
textures/items,textures/items/hoeMallorn.png,src/main/resources/assets/lotr/textures/item/mallorn_hoe.png,ported
textures/items,textures/items/hoeMithril.png,src/main/resources/assets/lotr/textures/item/mithril_hoe.png,ported
textures/items,textures/items/hoeOrc.png,src/main/resources/assets/lotr/textures/item/mordor_hoe.png,ported
textures/items,textures/items/hoeRivendell.png,src/main/resources/assets/lotr/textures/item/rivendell_hoe.png,ported
textures/items,textures/items/hoeTauredain.png,src/main/resources/assets/lotr/textures/item/taurethrim_hoe.png,ported
textures/items,textures/items/hoeUruk.png,src/main/resources/assets/lotr/textures/item/uruk_hoe.png,ported
textures/items,textures/items/hoeWoodElven.png,src/main/resources/assets/lotr/textures/item/wood_elven_hoe.png,ported
textures/items,textures/items/horn.png,src/main/resources/assets/lotr/textures/item/horn.png,ported
textures/items,textures/items/horseArmorDale.png,src/main/resources/assets/lotr/textures/item/dale_horse_armor.png,ported
textures/items,textures/items/horseArmorDolAmroth.png,src/main/resources/assets/lotr/textures/item/dol_amroth_horse_armor.png,ported
textures/items,textures/items/horseArmorGaladhrim.png,src/main/resources/assets/lotr/textures/item/galadhrim_horse_armor.png,ported
textures/items,textures/items/horseArmorGondor.png,src/main/resources/assets/lotr/textures/item/gondor_horse_armor.png,ported
textures/items,textures/items/horseArmorHighElven.png,src/main/resources/assets/lotr/textures/item/lindon_horse_armor.png,ported
textures/items,textures/items/horseArmorLamedon.png,src/main/resources/assets/lotr/textures/item/lamedon_horse_armor.png,ported
textures/items,textures/items/horseArmorMithril.png,src/main/resources/assets/lotr/textures/item/mithril_horse_armor.png,ported
textures/items,textures/items/horseArmorMorgul.png,src/main/resources/assets/lotr/textures/item/morgul_horse_armor.png,ported
textures/items,textures/items/horseArmorNearHarad.png,src/main/resources/assets/lotr/textures/item/coast_southron_horse_armor.png,ported
textures/items,textures/items/horseArmorRhunGold.png,src/main/resources/assets/lotr/textures/item/rhunic_horse_armor.png,ported
textures/items,textures/items/horseArmorRivendell.png,src/main/resources/assets/lotr/textures/item/rivendell_horse_armor.png,ported
textures/items,textures/items/horseArmorRohan.png,src/main/resources/assets/lotr/textures/item/rohirric_horse_armor.png,ported
textures/items,textures/items/horseArmorUmbar.png,src/main/resources/assets/lotr/textures/item/umbaric_horse_armor.png,ported
textures/items,textures/items/ironCrossbow.png,src/main/resources/assets/lotr/textures/item/iron_crossbow.png,ported
textures/items,textures/items/ironCrossbow_pull_0.png,src/main/resources/assets/lotr/textures/item/iron_crossbow_pulling_0.png,ported
textures/items,textures/items/ironCrossbow_pull_1.png,src/main/resources/assets/lotr/textures/item/iron_crossbow_pulling_1.png,ported
textures/items,textures/items/ironCrossbow_pull_2.png,src/main/resources/assets/lotr/textures/item/iron_crossbow_pulling_2.png,ported
textures/items,textures/items/ironNugget.png,,missing
textures/items,textures/items/ithildin.png,src/main/resources/assets/lotr/textures/item/ithildin.png,ported
textures/items,textures/items/kebab.png,src/main/resources/assets/lotr/textures/item/kebab.png,ported
textures/items,textures/items/kebabStand.png,src/main/resources/assets/lotr/textures/item/kebab_stand.png,ported
textures/items,textures/items/kebabStandSand.png,src/main/resources/assets/lotr/textures/item/kebab_stand_sand.png,ported
textures/items,textures/items/kineArawHorn.png,src/main/resources/assets/lotr/textures/item/kine_of_araw_horn.png,ported
textures/items,textures/items/lanceDolAmroth.png,src/main/resources/assets/lotr/textures/item/dol_amroth_lance.png,ported
textures/items,textures/items/lanceGondor.png,src/main/resources/assets/lotr/textures/item/gondor_lance.png,ported
textures/items,textures/items/lanceRohan.png,src/main/resources/assets/lotr/textures/item/rohirric_lance.png,ported
textures/items,textures/items/large/anduril.png,src/main/resources/assets/lotr/textures/item/anduril_in_hand.png,ported
textures/items,textures/items/large/balrogWhip.png,src/main/resources/assets/lotr/textures/item/balrog_whip_in_hand.png,ported
textures/items,textures/items/large/battleaxeBlackUruk.png,src/main/resources/assets/lotr/textures/item/black_uruk_battleaxe_in_hand.png,ported
textures/items,textures/items/large/battleaxeDale.png,src/main/resources/assets/lotr/textures/item/dale_battleaxe_in_hand.png,ported
textures/items,textures/items/large/battleaxeGundabadUruk.png,src/main/resources/assets/lotr/textures/item/gundabad_uruk_waraxe_in_hand.png,ported
textures/items,textures/items/large/battleaxeHalfTroll.png,src/main/resources/assets/lotr/textures/item/half_troll_battleaxe_in_hand.png,ported
textures/items,textures/items/large/battleaxeLossarnach.png,src/main/resources/assets/lotr/textures/item/lossarnach_battleaxe_in_hand.png,ported
textures/items,textures/items/large/battleaxeRhun.png,src/main/resources/assets/lotr/textures/item/rhunic_battleaxe_in_hand.png,ported
textures/items,textures/items/large/battleaxeRohan.png,src/main/resources/assets/lotr/textures/item/rohirric_battleaxe_in_hand.png,ported
textures/items,textures/items/large/battleaxeTauredain.png,src/main/resources/assets/lotr/textures/item/taurethrim_battleaxe_in_hand.png,ported
textures/items,textures/items/large/battleaxeUruk.png,src/main/resources/assets/lotr/textures/item/uruk_battleaxe_in_hand.png,ported
textures/items,textures/items/large/battleaxeUtumno.png,src/main/resources/assets/lotr/textures/item/utumno_battleaxe_in_hand.png,ported
textures/items,textures/items/large/blackUrukBow.png,src/main/resources/assets/lotr/textures/item/black_uruk_bow_held.png,ported
textures/items,textures/items/large/blackUrukBow_pull_0.png,src/main/resources/assets/lotr/textures/item/black_uruk_bow_pulling_0.png,ported
textures/items,textures/items/large/blackUrukBow_pull_1.png,src/main/resources/assets/lotr/textures/item/black_uruk_bow_pulling_1.png,ported
textures/items,textures/items/large/blackUrukBow_pull_2.png,src/main/resources/assets/lotr/textures/item/black_uruk_bow_pulling_2.png,ported
textures/items,textures/items/large/blackrootBow.png,src/main/resources/assets/lotr/textures/item/blackroot_bow_held.png,ported
textures/items,textures/items/large/blackrootBow_pull_0.png,src/main/resources/assets/lotr/textures/item/blackroot_bow_pulling_0.png,ported
textures/items,textures/items/large/blackrootBow_pull_1.png,src/main/resources/assets/lotr/textures/item/blackroot_bow_pulling_1.png,ported
textures/items,textures/items/large/blackrootBow_pull_2.png,src/main/resources/assets/lotr/textures/item/blackroot_bow_pulling_2.png,ported
textures/items,textures/items/large/clubMoredain.png,src/main/resources/assets/lotr/textures/item/morwaith_club_in_hand.png,ported
textures/items,textures/items/large/commandSword.png,src/main/resources/assets/lotr/textures/item/command_sword_in_hand.png,ported
textures/items,textures/items/large/daleBow.png,src/main/resources/assets/lotr/textures/item/dale_bow_held.png,ported
textures/items,textures/items/large/daleBow_pull_0.png,src/main/resources/assets/lotr/textures/item/dale_bow_pulling_0.png,ported
textures/items,textures/items/large/daleBow_pull_1.png,src/main/resources/assets/lotr/textures/item/dale_bow_pulling_1.png,ported
textures/items,textures/items/large/daleBow_pull_2.png,src/main/resources/assets/lotr/textures/item/dale_bow_pulling_2.png,ported
textures/items,textures/items/large/dorwinionElfBow.png,src/main/resources/assets/lotr/textures/item/dorwinion_elven_bow_held.png,ported
textures/items,textures/items/large/dorwinionElfBow_pull_0.png,src/main/resources/assets/lotr/textures/item/dorwinion_elven_bow_pulling_0.png,ported
textures/items,textures/items/large/dorwinionElfBow_pull_1.png,src/main/resources/assets/lotr/textures/item/dorwinion_elven_bow_pulling_1.png,ported
textures/items,textures/items/large/dorwinionElfBow_pull_2.png,src/main/resources/assets/lotr/textures/item/dorwinion_elven_bow_pulling_2.png,ported
textures/items,textures/items/large/dunlendingClub.png,src/main/resources/assets/lotr/textures/item/dunlending_club_in_hand.png,ported
textures/items,textures/items/large/dunlendingTrident.png,src/main/resources/assets/lotr/textures/item/dunlending_trident_in_hand.png,ported
textures/items,textures/items/large/elvenBow.png,src/main/resources/assets/lotr/textures/item/galadhrim_bow_held.png,ported
textures/items,textures/items/large/elvenBow_pull_0.png,src/main/resources/assets/lotr/textures/item/galadhrim_bow_pulling_0.png,ported
textures/items,textures/items/large/elvenBow_pull_1.png,src/main/resources/assets/lotr/textures/item/galadhrim_bow_pulling_1.png,ported
textures/items,textures/items/large/elvenBow_pull_2.png,src/main/resources/assets/lotr/textures/item/galadhrim_bow_pulling_2.png,ported
textures/items,textures/items/large/gandalfStaffGrey.png,src/main/resources/assets/lotr/textures/item/gandalf_staff_grey_in_hand.png,ported
textures/items,textures/items/large/gandalfStaffWhite.png,src/main/resources/assets/lotr/textures/item/gandalf_staff_white_in_hand.png,ported
textures/items,textures/items/large/glamdring.png,src/main/resources/assets/lotr/textures/item/glamdring_in_hand.png,ported
textures/items,textures/items/large/glamdring_glowing.png,,missing
textures/items,textures/items/large/gondorBow.png,src/main/resources/assets/lotr/textures/item/gondor_bow_held.png,ported
textures/items,textures/items/large/gondorBow_pull_0.png,src/main/resources/assets/lotr/textures/item/gondor_bow_pulling_0.png,ported
textures/items,textures/items/large/gondorBow_pull_1.png,src/main/resources/assets/lotr/textures/item/gondor_bow_pulling_1.png,ported
textures/items,textures/items/large/gondorBow_pull_2.png,src/main/resources/assets/lotr/textures/item/gondor_bow_pulling_2.png,ported
textures/items,textures/items/large/gundabadUrukBow.png,src/main/resources/assets/lotr/textures/item/gundabad_uruk_bow_held.png,ported
textures/items,textures/items/large/gundabadUrukBow_pull_0.png,src/main/resources/assets/lotr/textures/item/gundabad_uruk_bow_pulling_0.png,ported
textures/items,textures/items/large/gundabadUrukBow_pull_1.png,src/main/resources/assets/lotr/textures/item/gundabad_uruk_bow_pulling_1.png,ported
textures/items,textures/items/large/gundabadUrukBow_pull_2.png,src/main/resources/assets/lotr/textures/item/gundabad_uruk_bow_pulling_2.png,ported
textures/items,textures/items/large/hammerBlackUruk.png,src/main/resources/assets/lotr/textures/item/black_uruk_warhammer_in_hand.png,ported
textures/items,textures/items/large/hammerDolGuldur.png,src/main/resources/assets/lotr/textures/item/dol_guldur_warhammer_in_hand.png,ported
textures/items,textures/items/large/hammerGundabadUruk.png,src/main/resources/assets/lotr/textures/item/gundabad_uruk_bludgeon_in_hand.png,ported
textures/items,textures/items/large/hammerHalfTroll.png,src/main/resources/assets/lotr/textures/item/half_troll_warhammer_in_hand.png,ported
textures/items,textures/items/large/hammerTauredain.png,src/main/resources/assets/lotr/textures/item/taurethrim_bludgeon_in_hand.png,ported
textures/items,textures/items/large/hammerUruk.png,src/main/resources/assets/lotr/textures/item/uruk_warhammer_in_hand.png,ported
textures/items,textures/items/large/hammerUtumno.png,src/main/resources/assets/lotr/textures/item/utumno_warhammer_in_hand.png,ported
textures/items,textures/items/large/highElvenBow.png,src/main/resources/assets/lotr/textures/item/lindon_bow_held.png,ported
textures/items,textures/items/large/highElvenBow_pull_0.png,src/main/resources/assets/lotr/textures/item/lindon_bow_pulling_0.png,ported
textures/items,textures/items/large/highElvenBow_pull_1.png,src/main/resources/assets/lotr/textures/item/lindon_bow_pulling_1.png,ported
textures/items,textures/items/large/highElvenBow_pull_2.png,src/main/resources/assets/lotr/textures/item/lindon_bow_pulling_2.png,ported
textures/items,textures/items/large/maceHalfTroll.png,src/main/resources/assets/lotr/textures/item/half_troll_mace_in_hand.png,ported
textures/items,textures/items/large/maceMallornCharred.png,src/main/resources/assets/lotr/textures/item/charred_mallorn_mace_in_hand.png,ported
textures/items,textures/items/large/maceNearHarad.png,src/main/resources/assets/lotr/textures/item/umbaric_mace_in_hand.png,ported
textures/items,textures/items/large/mallornBow.png,src/main/resources/assets/lotr/textures/item/mallorn_bow_held.png,ported
textures/items,textures/items/large/mallornBow_pull_0.png,src/main/resources/assets/lotr/textures/item/mallorn_bow_pulling_0.png,ported
textures/items,textures/items/large/mallornBow_pull_1.png,src/main/resources/assets/lotr/textures/item/mallorn_bow_pulling_1.png,ported
textures/items,textures/items/large/mallornBow_pull_2.png,src/main/resources/assets/lotr/textures/item/mallorn_bow_pulling_2.png,ported
textures/items,textures/items/large/mirkwoodBow.png,src/main/resources/assets/lotr/textures/item/mirkwood_bow_held.png,ported
textures/items,textures/items/large/mirkwoodBow_pull_0.png,src/main/resources/assets/lotr/textures/item/mirkwood_bow_pulling_0.png,ported
textures/items,textures/items/large/mirkwoodBow_pull_1.png,src/main/resources/assets/lotr/textures/item/mirkwood_bow_pulling_1.png,ported
textures/items,textures/items/large/mirkwoodBow_pull_2.png,src/main/resources/assets/lotr/textures/item/mirkwood_bow_pulling_2.png,ported
textures/items,textures/items/large/nearHaradBow.png,src/main/resources/assets/lotr/textures/item/harad_bow_held.png,ported
textures/items,textures/items/large/nearHaradBow_pull_0.png,src/main/resources/assets/lotr/textures/item/harad_bow_pulling_0.png,ported
textures/items,textures/items/large/nearHaradBow_pull_1.png,src/main/resources/assets/lotr/textures/item/harad_bow_pulling_1.png,ported
textures/items,textures/items/large/nearHaradBow_pull_2.png,src/main/resources/assets/lotr/textures/item/harad_bow_pulling_2.png,ported
textures/items,textures/items/large/orcBow.png,src/main/resources/assets/lotr/textures/item/orc_bow_held.png,ported
textures/items,textures/items/large/orcBow_pull_0.png,src/main/resources/assets/lotr/textures/item/orc_bow_pulling_0.png,ported
textures/items,textures/items/large/orcBow_pull_1.png,src/main/resources/assets/lotr/textures/item/orc_bow_pulling_1.png,ported
textures/items,textures/items/large/orcBow_pull_2.png,src/main/resources/assets/lotr/textures/item/orc_bow_pulling_2.png,ported
textures/items,textures/items/large/orcTorch.png,src/main/resources/assets/lotr/textures/item/orc_torch_in_hand.png,ported
textures/items,textures/items/large/polearmAngmar.png,src/main/resources/assets/lotr/textures/item/angmar_poleaxe_in_hand.png,ported
textures/items,textures/items/large/polearmElven.png,src/main/resources/assets/lotr/textures/item/galadhrim_battlestaff_in_hand.png,ported
textures/items,textures/items/large/polearmHighElven.png,src/main/resources/assets/lotr/textures/item/lindon_battlestaff_in_hand.png,ported
textures/items,textures/items/large/polearmOrc.png,src/main/resources/assets/lotr/textures/item/mordor_warscythe_in_hand.png,ported
textures/items,textures/items/large/polearmRhun.png,src/main/resources/assets/lotr/textures/item/rhunic_bardiche_in_hand.png,ported
textures/items,textures/items/large/polearmRivendell.png,src/main/resources/assets/lotr/textures/item/rivendell_battlestaff_in_hand.png,ported
textures/items,textures/items/large/polearmWoodElven.png,src/main/resources/assets/lotr/textures/item/wood_elven_battlestaff_in_hand.png,ported
textures/items,textures/items/large/poleaxeNearHarad.png,src/main/resources/assets/lotr/textures/item/umbaric_poleaxe_in_hand.png,ported
textures/items,textures/items/large/rangerBow.png,src/main/resources/assets/lotr/textures/item/ranger_bow_held.png,ported
textures/items,textures/items/large/rangerBow_pull_0.png,src/main/resources/assets/lotr/textures/item/ranger_bow_pulling_0.png,ported
textures/items,textures/items/large/rangerBow_pull_1.png,src/main/resources/assets/lotr/textures/item/ranger_bow_pulling_1.png,ported
textures/items,textures/items/large/rangerBow_pull_2.png,src/main/resources/assets/lotr/textures/item/ranger_bow_pulling_2.png,ported
textures/items,textures/items/large/rhunBow.png,src/main/resources/assets/lotr/textures/item/rhunic_bow_held.png,ported
textures/items,textures/items/large/rhunBow_pull_0.png,src/main/resources/assets/lotr/textures/item/rhunic_bow_pulling_0.png,ported
textures/items,textures/items/large/rhunBow_pull_1.png,src/main/resources/assets/lotr/textures/item/rhunic_bow_pulling_1.png,ported
textures/items,textures/items/large/rhunBow_pull_2.png,src/main/resources/assets/lotr/textures/item/rhunic_bow_pulling_2.png,ported
textures/items,textures/items/large/ringil.png,src/main/resources/assets/lotr/textures/item/ringil_in_hand.png,ported
textures/items,textures/items/large/ringil_glowing.png,,missing
textures/items,textures/items/large/rivendellBow.png,src/main/resources/assets/lotr/textures/item/rivendell_bow_held.png,ported
textures/items,textures/items/large/rivendellBow_pull_0.png,src/main/resources/assets/lotr/textures/item/rivendell_bow_pulling_0.png,ported
textures/items,textures/items/large/rivendellBow_pull_1.png,src/main/resources/assets/lotr/textures/item/rivendell_bow_pulling_1.png,ported
textures/items,textures/items/large/rivendellBow_pull_2.png,src/main/resources/assets/lotr/textures/item/rivendell_bow_pulling_2.png,ported
textures/items,textures/items/large/rohanBow.png,src/main/resources/assets/lotr/textures/item/rohirric_bow_held.png,ported
textures/items,textures/items/large/rohanBow_pull_0.png,src/main/resources/assets/lotr/textures/item/rohirric_bow_pulling_0.png,ported
textures/items,textures/items/large/rohanBow_pull_1.png,src/main/resources/assets/lotr/textures/item/rohirric_bow_pulling_1.png,ported
textures/items,textures/items/large/rohanBow_pull_2.png,src/main/resources/assets/lotr/textures/item/rohirric_bow_pulling_2.png,ported
textures/items,textures/items/large/sauronMace.png,src/main/resources/assets/lotr/textures/item/sauron_mace_in_hand.png,ported
textures/items,textures/items/large/scimitarBlackUruk.png,src/main/resources/assets/lotr/textures/item/black_uruk_cleaver_in_hand.png,ported
textures/items,textures/items/large/scimitarHalfTroll.png,src/main/resources/assets/lotr/textures/item/half_troll_scimitar_in_hand.png,ported
textures/items,textures/items/large/scimitarNearHarad.png,src/main/resources/assets/lotr/textures/item/umbaric_scimitar_in_hand.png,ported
textures/items,textures/items/large/scimitarOrc.png,src/main/resources/assets/lotr/textures/item/mordor_scimitar_in_hand.png,ported
textures/items,textures/items/large/scimitarUruk.png,src/main/resources/assets/lotr/textures/item/uruk_cleaver_in_hand.png,ported
textures/items,textures/items/large/scimitarUrukBerserker.png,src/main/resources/assets/lotr/textures/item/uruk_berserker_cleaver_in_hand.png,ported
textures/items,textures/items/large/spearAngmar.png,src/main/resources/assets/lotr/textures/item/angmar_spear_in_hand.png,ported
textures/items,textures/items/large/spearArnor.png,src/main/resources/assets/lotr/textures/item/arnor_spear_in_hand.png,ported
textures/items,textures/items/large/spearBlackNumenorean.png,src/main/resources/assets/lotr/textures/item/black_numenorean_spear_in_hand.png,ported
textures/items,textures/items/large/spearBlackUruk.png,src/main/resources/assets/lotr/textures/item/black_uruk_spear_in_hand.png,ported
textures/items,textures/items/large/spearBladorthin.png,src/main/resources/assets/lotr/textures/item/bladorthin_spear_in_hand.png,ported
textures/items,textures/items/large/spearBlueDwarven.png,src/main/resources/assets/lotr/textures/item/blue_dwarven_spear_in_hand.png,ported
textures/items,textures/items/large/spearBronze.png,src/main/resources/assets/lotr/textures/item/bronze_spear_in_hand.png,ported
textures/items,textures/items/large/spearCorsair.png,src/main/resources/assets/lotr/textures/item/corsair_harpoon_in_hand.png,ported
textures/items,textures/items/large/spearDale.png,src/main/resources/assets/lotr/textures/item/dale_spear_in_hand.png,ported
textures/items,textures/items/large/spearDolGuldur.png,src/main/resources/assets/lotr/textures/item/dol_guldur_spear_in_hand.png,ported
textures/items,textures/items/large/spearDwarven.png,src/main/resources/assets/lotr/textures/item/dwarven_spear_in_hand.png,ported
textures/items,textures/items/large/spearElven.png,src/main/resources/assets/lotr/textures/item/galadhrim_spear_in_hand.png,ported
textures/items,textures/items/large/spearGondor.png,src/main/resources/assets/lotr/textures/item/gondor_spear_in_hand.png,ported
textures/items,textures/items/large/spearGundabadUruk.png,src/main/resources/assets/lotr/textures/item/gundabad_uruk_spear_in_hand.png,ported
textures/items,textures/items/large/spearHarad.png,src/main/resources/assets/lotr/textures/item/haradric_spear_in_hand.png,ported
textures/items,textures/items/large/spearHighElven.png,src/main/resources/assets/lotr/textures/item/lindon_spear_in_hand.png,ported
textures/items,textures/items/large/spearIron.png,src/main/resources/assets/lotr/textures/item/iron_spear_in_hand.png,ported
textures/items,textures/items/large/spearMithril.png,src/main/resources/assets/lotr/textures/item/mithril_spear_in_hand.png,ported
textures/items,textures/items/large/spearMoredain.png,src/main/resources/assets/lotr/textures/item/morwaith_spear_in_hand.png,ported
textures/items,textures/items/large/spearNearHarad.png,src/main/resources/assets/lotr/textures/item/umbaric_spear_in_hand.png,ported
textures/items,textures/items/large/spearOrc.png,src/main/resources/assets/lotr/textures/item/mordor_spear_in_hand.png,ported
textures/items,textures/items/large/spearRhun.png,src/main/resources/assets/lotr/textures/item/rhunic_spear_in_hand.png,ported
textures/items,textures/items/large/spearRivendell.png,src/main/resources/assets/lotr/textures/item/rivendell_spear_in_hand.png,ported
textures/items,textures/items/large/spearRohan.png,src/main/resources/assets/lotr/textures/item/rohirric_spear_in_hand.png,ported
textures/items,textures/items/large/spearStone.png,src/main/resources/assets/lotr/textures/item/stone_spear_in_hand.png,ported
textures/items,textures/items/large/spearTauredain.png,src/main/resources/assets/lotr/textures/item/taurethrim_spear_in_hand.png,ported
textures/items,textures/items/large/spearUruk.png,src/main/resources/assets/lotr/textures/item/uruk_spear_in_hand.png,ported
textures/items,textures/items/large/spearUtumno.png,src/main/resources/assets/lotr/textures/item/utumno_spear_in_hand.png,ported
textures/items,textures/items/large/spearWoodElven.png,src/main/resources/assets/lotr/textures/item/wood_elven_spear_in_hand.png,ported
textures/items,textures/items/large/swordAngmar.png,src/main/resources/assets/lotr/textures/item/angmar_sword_in_hand.png,ported
textures/items,textures/items/large/swordArnor.png,src/main/resources/assets/lotr/textures/item/arnor_sword_in_hand.png,ported
textures/items,textures/items/large/swordBlackNumenorean.png,src/main/resources/assets/lotr/textures/item/black_numenorean_sword_in_hand.png,ported
textures/items,textures/items/large/swordDale.png,src/main/resources/assets/lotr/textures/item/dale_sword_in_hand.png,ported
textures/items,textures/items/large/swordDolAmroth.png,src/main/resources/assets/lotr/textures/item/dol_amroth_sword_in_hand.png,ported
textures/items,textures/items/large/swordDolGuldur.png,src/main/resources/assets/lotr/textures/item/dol_guldur_sword_in_hand.png,ported
textures/items,textures/items/large/swordDorwinionElf.png,src/main/resources/assets/lotr/textures/item/dorwinion_elven_sword_in_hand.png,ported
textures/items,textures/items/large/swordDorwinionElf_glowing.png,,missing
textures/items,textures/items/large/swordElven.png,src/main/resources/assets/lotr/textures/item/galadhrim_sword_in_hand.png,ported
textures/items,textures/items/large/swordElven_glowing.png,,missing
textures/items,textures/items/large/swordGondolin.png,src/main/resources/assets/lotr/textures/item/gondolin_sword_in_hand.png,ported
textures/items,textures/items/large/swordGondolin_glowing.png,,missing
textures/items,textures/items/large/swordGondor.png,src/main/resources/assets/lotr/textures/item/gondor_sword_in_hand.png,ported
textures/items,textures/items/large/swordGulfHarad.png,src/main/resources/assets/lotr/textures/item/gulfen_khopesh_in_hand.png,ported
textures/items,textures/items/large/swordGundabadUruk.png,src/main/resources/assets/lotr/textures/item/gundabad_uruk_cleaver_in_hand.png,ported
textures/items,textures/items/large/swordHarad.png,src/main/resources/assets/lotr/textures/item/haradric_sword_in_hand.png,ported
textures/items,textures/items/large/swordHighElven.png,src/main/resources/assets/lotr/textures/item/lindon_sword_in_hand.png,ported
textures/items,textures/items/large/swordHighElven_glowing.png,,missing
textures/items,textures/items/large/swordMithril.png,src/main/resources/assets/lotr/textures/item/mithril_sword_in_hand.png,ported
textures/items,textures/items/large/swordMoredain.png,src/main/resources/assets/lotr/textures/item/morwaith_sword_in_hand.png,ported
textures/items,textures/items/large/swordRhun.png,src/main/resources/assets/lotr/textures/item/rhunic_sword_in_hand.png,ported
textures/items,textures/items/large/swordRivendell.png,src/main/resources/assets/lotr/textures/item/rivendell_sword_in_hand.png,ported
textures/items,textures/items/large/swordRivendell_glowing.png,,missing
textures/items,textures/items/large/swordRohan.png,src/main/resources/assets/lotr/textures/item/rohirric_sword_in_hand.png,ported
textures/items,textures/items/large/swordTauredain.png,src/main/resources/assets/lotr/textures/item/taurethrim_sword_in_hand.png,ported
textures/items,textures/items/large/swordUtumno.png,src/main/resources/assets/lotr/textures/item/utumno_sword_in_hand.png,ported
textures/items,textures/items/large/swordWoodElven.png,src/main/resources/assets/lotr/textures/item/wood_elven_sword_in_hand.png,ported
textures/items,textures/items/large/swordWoodElven_glowing.png,,missing
textures/items,textures/items/large/tauredainDoubleTorch.png,src/main/resources/assets/lotr/textures/item/tauredain_double_torch_in_hand.png,ported
textures/items,textures/items/large/trollBone.png,,missing
textures/items,textures/items/large/utumnoBow.png,src/main/resources/assets/lotr/textures/item/utumno_bow_held.png,ported
textures/items,textures/items/large/utumnoBow_pull_0.png,src/main/resources/assets/lotr/textures/item/utumno_bow_pulling_0.png,ported
textures/items,textures/items/large/utumnoBow_pull_1.png,src/main/resources/assets/lotr/textures/item/utumno_bow_pulling_1.png,ported
textures/items,textures/items/large/utumnoBow_pull_2.png,src/main/resources/assets/lotr/textures/item/utumno_bow_pulling_2.png,ported
textures/items,textures/items/large/utumnoPickaxe.png,src/main/resources/assets/lotr/textures/item/utumno_pickaxe_in_hand.png,ported
textures/items,textures/items/large2/halberdMithril.png,src/main/resources/assets/lotr/textures/item/mithril_halberd_in_hand.png,ported
textures/items,textures/items/large2/lanceDolAmroth.png,src/main/resources/assets/lotr/textures/item/dol_amroth_lance_in_hand.png,ported
textures/items,textures/items/large2/lanceGondor.png,src/main/resources/assets/lotr/textures/item/gondor_lance_in_hand.png,ported
textures/items,textures/items/large2/lanceRohan.png,src/main/resources/assets/lotr/textures/item/rohirric_lance_in_hand.png,ported
textures/items,textures/items/large2/longspearDolAmroth.png,src/main/resources/assets/lotr/textures/item/dol_amroth_longspear_in_hand.png,ported
textures/items,textures/items/large2/longspearElven.png,src/main/resources/assets/lotr/textures/item/galadhrim_longspear_in_hand.png,ported
textures/items,textures/items/large2/longspearHighElven.png,src/main/resources/assets/lotr/textures/item/lindon_longspear_in_hand.png,ported
textures/items,textures/items/large2/longspearRivendell.png,src/main/resources/assets/lotr/textures/item/rivendell_longspear_in_hand.png,ported
textures/items,textures/items/large2/longspearWoodElven.png,src/main/resources/assets/lotr/textures/item/wood_elven_longspear_in_hand.png,ported
textures/items,textures/items/large2/pikeBlueDwarven.png,src/main/resources/assets/lotr/textures/item/blue_dwarven_pike_in_hand.png,ported
textures/items,textures/items/large2/pikeDale.png,src/main/resources/assets/lotr/textures/item/dale_pitchfork_in_hand.png,ported
textures/items,textures/items/large2/pikeDolGuldur.png,src/main/resources/assets/lotr/textures/item/dol_guldur_spike_in_hand.png,ported
textures/items,textures/items/large2/pikeDwarven.png,src/main/resources/assets/lotr/textures/item/dwarven_pike_in_hand.png,ported
textures/items,textures/items/large2/pikeGondor.png,src/main/resources/assets/lotr/textures/item/gondor_pike_in_hand.png,ported
textures/items,textures/items/large2/pikeGundabadUruk.png,src/main/resources/assets/lotr/textures/item/gundabad_uruk_pike_in_hand.png,ported
textures/items,textures/items/large2/pikeHalfTroll.png,src/main/resources/assets/lotr/textures/item/half_troll_pike_in_hand.png,ported
textures/items,textures/items/large2/pikeHarad.png,src/main/resources/assets/lotr/textures/item/haradric_pike_in_hand.png,ported
textures/items,textures/items/large2/pikeIron.png,src/main/resources/assets/lotr/textures/item/iron_pike_in_hand.png,ported
textures/items,textures/items/large2/pikeNearHarad.png,src/main/resources/assets/lotr/textures/item/umbaric_pike_in_hand.png,ported
textures/items,textures/items/large2/pikeRhun.png,src/main/resources/assets/lotr/textures/item/rhunic_pike_in_hand.png,ported
textures/items,textures/items/large2/pikeTauredain.png,src/main/resources/assets/lotr/textures/item/taurethrim_pike_in_hand.png,ported
textures/items,textures/items/large2/pikeUruk.png,src/main/resources/assets/lotr/textures/item/uruk_pike_in_hand.png,ported
textures/items,textures/items/large2/tridentPelargir.png,src/main/resources/assets/lotr/textures/item/pelargir_trident_in_hand.png,ported
textures/items,textures/items/leatherHat.png,src/main/resources/assets/lotr/textures/item/leather_hat.png,ported
textures/items,textures/items/leatherHat_feather.png,,missing
textures/items,textures/items/leek.png,src/main/resources/assets/lotr/textures/item/leek.png,ported
textures/items,textures/items/leekSoup.png,src/main/resources/assets/lotr/textures/item/leek_soup.png,ported
textures/items,textures/items/legsAngmar.png,src/main/resources/assets/lotr/textures/item/angmar_leggings.png,ported
textures/items,textures/items/legsArnor.png,src/main/resources/assets/lotr/textures/item/arnor_leggings.png,ported
textures/items,textures/items/legsBlackNumenorean.png,src/main/resources/assets/lotr/textures/item/black_numenorean_leggings.png,ported
textures/items,textures/items/legsBlackUruk.png,src/main/resources/assets/lotr/textures/item/black_uruk_leggings.png,ported
textures/items,textures/items/legsBlackroot.png,src/main/resources/assets/lotr/textures/item/blackroot_vale_leggings.png,ported
textures/items,textures/items/legsBlueDwarven.png,src/main/resources/assets/lotr/textures/item/blue_dwarven_leggings.png,ported
textures/items,textures/items/legsBone.png,src/main/resources/assets/lotr/textures/item/bone_leggings.png,ported
textures/items,textures/items/legsBronze.png,src/main/resources/assets/lotr/textures/item/bronze_leggings.png,ported
textures/items,textures/items/legsCorsair.png,src/main/resources/assets/lotr/textures/item/corsair_leggings.png,ported
textures/items,textures/items/legsDale.png,src/main/resources/assets/lotr/textures/item/dale_leggings.png,ported
textures/items,textures/items/legsDolAmroth.png,src/main/resources/assets/lotr/textures/item/dol_amroth_leggings.png,ported
textures/items,textures/items/legsDolAmrothGambeson.png,src/main/resources/assets/lotr/textures/item/dol_amroth_chaps.png,ported
textures/items,textures/items/legsDolGuldur.png,src/main/resources/assets/lotr/textures/item/dol_guldur_leggings.png,ported
textures/items,textures/items/legsDorwinion.png,src/main/resources/assets/lotr/textures/item/dorwinion_leggings.png,ported
textures/items,textures/items/legsDorwinionElf.png,src/main/resources/assets/lotr/textures/item/dorwinion_elven_leggings.png,ported
textures/items,textures/items/legsDunlending.png,src/main/resources/assets/lotr/textures/item/dunlending_leggings.png,ported
textures/items,textures/items/legsDwarven.png,src/main/resources/assets/lotr/textures/item/dwarven_leggings.png,ported
textures/items,textures/items/legsDwarvenGold.png,src/main/resources/assets/lotr/textures/item/gold_trimmed_dwarven_leggings.png,ported
textures/items,textures/items/legsDwarvenMithril.png,src/main/resources/assets/lotr/textures/item/mithril_trimmed_dwarven_leggings.png,ported
textures/items,textures/items/legsDwarvenSilver.png,src/main/resources/assets/lotr/textures/item/silver_trimmed_dwarven_leggings.png,ported
textures/items,textures/items/legsElven.png,src/main/resources/assets/lotr/textures/item/galadhrim_leggings.png,ported
textures/items,textures/items/legsGalvorn.png,src/main/resources/assets/lotr/textures/item/galvorn_leggings.png,ported
textures/items,textures/items/legsGemsbok.png,src/main/resources/assets/lotr/textures/item/gemsbok_hide_leggings.png,ported
textures/items,textures/items/legsGondolin.png,src/main/resources/assets/lotr/textures/item/gondolin_leggings.png,ported
textures/items,textures/items/legsGondor.png,src/main/resources/assets/lotr/textures/item/gondor_leggings.png,ported
textures/items,textures/items/legsGulfHarad.png,src/main/resources/assets/lotr/textures/item/gulfen_leggings.png,ported
textures/items,textures/items/legsGundabadUruk.png,src/main/resources/assets/lotr/textures/item/gundabad_uruk_leggings.png,ported
textures/items,textures/items/legsHalfTroll.png,src/main/resources/assets/lotr/textures/item/half_troll_leggings.png,ported
textures/items,textures/items/legsHaradRobes.png,src/main/resources/assets/lotr/textures/item/harad_robe_leggings.png,ported
textures/items,textures/items/legsHarnedor.png,src/main/resources/assets/lotr/textures/item/harnennor_leggings.png,ported
textures/items,textures/items/legsHighElven.png,src/main/resources/assets/lotr/textures/item/lindon_leggings.png,ported
textures/items,textures/items/legsHithlain.png,src/main/resources/assets/lotr/textures/item/galadhrim_cloak_leggings.png,ported
textures/items,textures/items/legsKaftan.png,src/main/resources/assets/lotr/textures/item/kaftan_leggings.png,ported
textures/items,textures/items/legsKaftan_overlay.png,,missing
textures/items,textures/items/legsLamedon.png,src/main/resources/assets/lotr/textures/item/lamedon_leggings.png,ported
textures/items,textures/items/legsLossarnach.png,src/main/resources/assets/lotr/textures/item/lossarnach_leggings.png,ported
textures/items,textures/items/legsMithril.png,src/main/resources/assets/lotr/textures/item/mithril_leggings.png,ported
textures/items,textures/items/legsMoredain.png,src/main/resources/assets/lotr/textures/item/morwaith_leggings.png,ported
textures/items,textures/items/legsMoredainLion.png,src/main/resources/assets/lotr/textures/item/morwaith_chieftain_leggings.png,ported
textures/items,textures/items/legsMorgul.png,src/main/resources/assets/lotr/textures/item/morgul_leggings.png,ported
textures/items,textures/items/legsNearHarad.png,src/main/resources/assets/lotr/textures/item/coast_southron_leggings.png,ported
textures/items,textures/items/legsNomad.png,src/main/resources/assets/lotr/textures/item/nomad_leggings.png,ported
textures/items,textures/items/legsOrc.png,src/main/resources/assets/lotr/textures/item/mordor_leggings.png,ported
textures/items,textures/items/legsPelargir.png,src/main/resources/assets/lotr/textures/item/pelargir_leggings.png,ported
textures/items,textures/items/legsPinnathGelin.png,src/main/resources/assets/lotr/textures/item/pinnath_gelin_leggings.png,ported
textures/items,textures/items/legsRanger.png,src/main/resources/assets/lotr/textures/item/ranger_leggings.png,ported
textures/items,textures/items/legsRangerIthilien.png,src/main/resources/assets/lotr/textures/item/ithilien_ranger_leggings.png,ported
textures/items,textures/items/legsRhun.png,src/main/resources/assets/lotr/textures/item/rhunic_leggings.png,ported
textures/items,textures/items/legsRhunGold.png,src/main/resources/assets/lotr/textures/item/golden_rhunic_leggings.png,ported
textures/items,textures/items/legsRivendell.png,src/main/resources/assets/lotr/textures/item/rivendell_leggings.png,ported
textures/items,textures/items/legsRohan.png,src/main/resources/assets/lotr/textures/item/rohirric_leggings.png,ported
textures/items,textures/items/legsRohanMarshal.png,src/main/resources/assets/lotr/textures/item/rohirric_marshal_leggings.png,ported
textures/items,textures/items/legsTauredain.png,src/main/resources/assets/lotr/textures/item/taurethrim_leggings.png,ported
textures/items,textures/items/legsTauredainGold.png,src/main/resources/assets/lotr/textures/item/golden_taurethrim_leggings.png,ported
textures/items,textures/items/legsUmbar.png,src/main/resources/assets/lotr/textures/item/umbaric_leggings.png,ported
textures/items,textures/items/legsUruk.png,src/main/resources/assets/lotr/textures/item/uruk_leggings.png,ported
textures/items,textures/items/legsUtumno.png,src/main/resources/assets/lotr/textures/item/utumno_leggings.png,ported
textures/items,textures/items/legsWarg.png,src/main/resources/assets/lotr/textures/item/fur_leggings.png,ported
textures/items,textures/items/legsWoodElven.png,src/main/resources/assets/lotr/textures/item/wood_elven_leggings.png,ported
textures/items,textures/items/legsWoodElvenScout.png,src/main/resources/assets/lotr/textures/item/wood_elven_scout_leggings.png,ported
textures/items,textures/items/lembas.png,src/main/resources/assets/lotr/textures/item/lembas.png,ported
textures/items,textures/items/lemon.png,src/main/resources/assets/lotr/textures/item/lemon.png,ported
textures/items,textures/items/lemonCake.png,src/main/resources/assets/lotr/textures/item/lemon_cake.png,ported
textures/items,textures/items/lettuce.png,src/main/resources/assets/lotr/textures/item/lettuce.png,ported
textures/items,textures/items/lime.png,src/main/resources/assets/lotr/textures/item/lime.png,ported
textures/items,textures/items/lionBed.png,,missing
textures/items,textures/items/lionCooked.png,src/main/resources/assets/lotr/textures/item/cooked_lion.png,ported
textures/items,textures/items/lionFur.png,src/main/resources/assets/lotr/textures/item/lion_fur.png,ported
textures/items,textures/items/lionRaw.png,src/main/resources/assets/lotr/textures/item/raw_lion.png,ported
textures/items,textures/items/lionRug_lion.png,,missing
textures/items,textures/items/lionRug_lioness.png,,missing
textures/items,textures/items/longspearDolAmroth.png,src/main/resources/assets/lotr/textures/item/dol_amroth_longspear.png,ported
textures/items,textures/items/longspearElven.png,src/main/resources/assets/lotr/textures/item/galadhrim_longspear.png,ported
textures/items,textures/items/longspearHighElven.png,src/main/resources/assets/lotr/textures/item/lindon_longspear.png,ported
textures/items,textures/items/longspearRivendell.png,src/main/resources/assets/lotr/textures/item/rivendell_longspear.png,ported
textures/items,textures/items/longspearWoodElven.png,src/main/resources/assets/lotr/textures/item/wood_elven_longspear.png,ported
textures/items,textures/items/maceBlackNumenorean.png,src/main/resources/assets/lotr/textures/item/black_numenorean_mace.png,ported
textures/items,textures/items/maceHalfTroll.png,src/main/resources/assets/lotr/textures/item/half_troll_mace.png,ported
textures/items,textures/items/maceMallornCharred.png,src/main/resources/assets/lotr/textures/item/charred_mallorn_mace.png,ported
textures/items,textures/items/maceNearHarad.png,src/main/resources/assets/lotr/textures/item/umbaric_mace.png,ported
textures/items,textures/items/maggotyBread.png,src/main/resources/assets/lotr/textures/item/maggoty_bread.png,ported
textures/items,textures/items/mallornBow.png,src/main/resources/assets/lotr/textures/item/mallorn_bow.png,ported
textures/items,textures/items/mallornNut.png,src/main/resources/assets/lotr/textures/item/mallorn_nut.png,ported
textures/items,textures/items/mallornStick.png,src/main/resources/assets/lotr/textures/item/mallorn_stick.png,ported
textures/items,textures/items/manFlesh.png,src/main/resources/assets/lotr/textures/item/man_flesh.png,ported
textures/items,textures/items/mango.png,src/main/resources/assets/lotr/textures/item/mango.png,ported
textures/items,textures/items/mapleSyrup.png,src/main/resources/assets/lotr/textures/item/maple_syrup.png,ported
textures/items,textures/items/marzipan.png,src/main/resources/assets/lotr/textures/item/marchpane.png,ported
textures/items,textures/items/marzipanChocolate.png,src/main/resources/assets/lotr/textures/item/chocolate_marchpane.png,ported
textures/items,textures/items/mattockBlueDwarven.png,src/main/resources/assets/lotr/textures/item/blue_dwarven_mattock.png,ported
textures/items,textures/items/mattockDwarven.png,src/main/resources/assets/lotr/textures/item/dwarven_mattock.png,ported
textures/items,textures/items/mattockMithril.png,src/main/resources/assets/lotr/textures/item/mithril_mattock.png,ported
textures/items,textures/items/mechanism.png,src/main/resources/assets/lotr/textures/item/mechanism.png,ported
textures/items,textures/items/melonSoup.png,src/main/resources/assets/lotr/textures/item/melon_soup.png,ported
textures/items,textures/items/mirkwoodBow.png,src/main/resources/assets/lotr/textures/item/mirkwood_bow.png,ported
textures/items,textures/items/mithril.png,src/main/resources/assets/lotr/textures/item/mithril.png,ported
textures/items,textures/items/mithrilBook.png,src/main/resources/assets/lotr/textures/item/book_of_true_silver.png,ported
textures/items,textures/items/mithrilCrossbow.png,src/main/resources/assets/lotr/textures/item/mithril_crossbow.png,ported
textures/items,textures/items/mithrilCrossbow_pull_0.png,src/main/resources/assets/lotr/textures/item/mithril_crossbow_pulling_0.png,ported
textures/items,textures/items/mithrilCrossbow_pull_1.png,src/main/resources/assets/lotr/textures/item/mithril_crossbow_pulling_1.png,ported
textures/items,textures/items/mithrilCrossbow_pull_2.png,src/main/resources/assets/lotr/textures/item/mithril_crossbow_pulling_2.png,ported
textures/items,textures/items/mithrilMail.png,src/main/resources/assets/lotr/textures/item/mithril_mail.png,ported
textures/items,textures/items/mithrilNugget.png,src/main/resources/assets/lotr/textures/item/mithril_nugget.png,ported
textures/items,textures/items/mithrilRing.png,src/main/resources/assets/lotr/textures/item/mithril_ring.png,ported
textures/items,textures/items/modTemplate.png,src/main/resources/assets/lotr/textures/item/smiths_scroll.png,ported
textures/items,textures/items/morgulBlade.png,src/main/resources/assets/lotr/textures/item/morgul_blade.png,ported
textures/items,textures/items/morgulShroom.png,src/main/resources/assets/lotr/textures/block/morgul_shroom.png,ported
textures/items,textures/items/morgulSteel.png,src/main/resources/assets/lotr/textures/item/morgul_steel_ingot.png,ported
textures/items,textures/items/mug.png,src/main/resources/assets/lotr/textures/item/mug.png,ported
textures/items,textures/items/mugAle_liquid.png,src/main/resources/assets/lotr/textures/entity/drink/ale.png,ported
textures/items,textures/items/mugAppleJuice_liquid.png,src/main/resources/assets/lotr/textures/entity/drink/apple_juice.png,ported
textures/items,textures/items/mugAraq_liquid.png,src/main/resources/assets/lotr/textures/entity/drink/arak.png,ported
textures/items,textures/items/mugAthelasBrew_liquid.png,src/main/resources/assets/lotr/textures/entity/drink/athelas_brew.png,ported
textures/items,textures/items/mugBananaBeer_liquid.png,src/main/resources/assets/lotr/textures/entity/drink/banana_beer.png,ported
textures/items,textures/items/mugBlackberryJuice_liquid.png,src/main/resources/assets/lotr/textures/entity/drink/blackberry_juice.png,ported
textures/items,textures/items/mugBlueberryJuice_liquid.png,src/main/resources/assets/lotr/textures/entity/drink/blueberry_juice.png,ported
textures/items,textures/items/mugCactusLiqueur_liquid.png,src/main/resources/assets/lotr/textures/entity/drink/cactus_liqueur.png,ported
textures/items,textures/items/mugCarrotWine_liquid.png,src/main/resources/assets/lotr/textures/entity/drink/carrot_wine.png,ported
textures/items,textures/items/mugCherryLiqueur_liquid.png,src/main/resources/assets/lotr/textures/entity/drink/cherry_liqueur.png,ported
textures/items,textures/items/mugChocolate_liquid.png,src/main/resources/assets/lotr/textures/entity/drink/chocolate.png,ported
textures/items,textures/items/mugCider_liquid.png,src/main/resources/assets/lotr/textures/entity/drink/cider.png,ported
textures/items,textures/items/mugCornLiquor_liquid.png,src/main/resources/assets/lotr/textures/entity/drink/corn_liquor.png,ported
textures/items,textures/items/mugCranberryJuice_liquid.png,src/main/resources/assets/lotr/textures/entity/drink/cranberry_juice.png,ported
textures/items,textures/items/mugDwarvenAle_liquid.png,src/main/resources/assets/lotr/textures/entity/drink/dwarven_ale.png,ported
textures/items,textures/items/mugDwarvenTonic_liquid.png,src/main/resources/assets/lotr/textures/entity/drink/dwarven_tonic.png,ported
textures/items,textures/items/mugElderberryJuice_liquid.png,src/main/resources/assets/lotr/textures/entity/drink/elderberry_juice.png,ported
textures/items,textures/items/mugLemonLiqueur_liquid.png,src/main/resources/assets/lotr/textures/entity/drink/lemon_liqueur.png,ported
textures/items,textures/items/mugLemonade_liquid.png,src/main/resources/assets/lotr/textures/entity/drink/lemonade.png,ported
textures/items,textures/items/mugLimeLiqueur_liquid.png,src/main/resources/assets/lotr/textures/entity/drink/lime_liqueur.png,ported
textures/items,textures/items/mugMangoJuice_liquid.png,src/main/resources/assets/lotr/textures/entity/drink/mango_juice.png,ported
textures/items,textures/items/mugMapleBeer_liquid.png,src/main/resources/assets/lotr/textures/entity/drink/maple_beer.png,ported
textures/items,textures/items/mugMead_liquid.png,src/main/resources/assets/lotr/textures/entity/drink/mead.png,ported
textures/items,textures/items/mugMelonLiqueur_liquid.png,src/main/resources/assets/lotr/textures/entity/drink/melon_liqueur.png,ported
textures/items,textures/items/mugMilk_liquid.png,src/main/resources/assets/lotr/textures/entity/drink/milk.png,ported
textures/items,textures/items/mugMiruvor_liquid.png,src/main/resources/assets/lotr/textures/entity/drink/miruvor.png,ported
textures/items,textures/items/mugMorgulDraught_liquid.png,src/main/resources/assets/lotr/textures/entity/drink/morgul_draught.png,ported
textures/items,textures/items/mugOrangeJuice_liquid.png,src/main/resources/assets/lotr/textures/entity/drink/orange_juice.png,ported
textures/items,textures/items/mugOrcDraught_liquid.png,src/main/resources/assets/lotr/textures/entity/drink/orc_draught.png,ported
textures/items,textures/items/mugPerry_liquid.png,src/main/resources/assets/lotr/textures/entity/drink/perry.png,ported
textures/items,textures/items/mugPlumKvass_liquid.png,src/main/resources/assets/lotr/textures/entity/drink/plum_kvass.png,ported
textures/items,textures/items/mugPomegranateJuice_liquid.png,src/main/resources/assets/lotr/textures/entity/drink/pomegranate_juice.png,ported
textures/items,textures/items/mugPomegranateWine_liquid.png,src/main/resources/assets/lotr/textures/entity/drink/pomegranate_wine.png,ported
textures/items,textures/items/mugRaspberryJuice_liquid.png,src/main/resources/assets/lotr/textures/entity/drink/raspberry_juice.png,ported
textures/items,textures/items/mugRedGrapeJuice_liquid.png,src/main/resources/assets/lotr/textures/entity/drink/red_grape_juice.png,ported
textures/items,textures/items/mugRedWine_liquid.png,src/main/resources/assets/lotr/textures/entity/drink/red_wine.png,ported
textures/items,textures/items/mugRum_liquid.png,src/main/resources/assets/lotr/textures/entity/drink/rum.png,ported
textures/items,textures/items/mugSourMilk_liquid.png,src/main/resources/assets/lotr/textures/entity/drink/soured_milk.png,ported
textures/items,textures/items/mugTauredainCocoa_liquid.png,src/main/resources/assets/lotr/textures/entity/drink/taurethrim_cocoa.png,ported
textures/items,textures/items/mugTauredainCure_liquid.png,src/main/resources/assets/lotr/textures/entity/drink/jungle_remedy.png,ported
textures/items,textures/items/mugTermiteTequila_liquid.png,src/main/resources/assets/lotr/textures/entity/drink/termite_tequila.png,ported
textures/items,textures/items/mugTorogDraught_liquid.png,src/main/resources/assets/lotr/textures/entity/drink/torog_draught.png,ported
textures/items,textures/items/mugVodka_liquid.png,src/main/resources/assets/lotr/textures/entity/drink/vodka.png,ported
textures/items,textures/items/mugWater_liquid.png,src/main/resources/assets/lotr/textures/entity/drink/water.png,ported
textures/items,textures/items/mugWhiteGrapeJuice_liquid.png,src/main/resources/assets/lotr/textures/entity/drink/green_grape_juice.png,ported
textures/items,textures/items/mugWhiteWine_liquid.png,src/main/resources/assets/lotr/textures/entity/drink/white_wine.png,ported
textures/items,textures/items/mushroomPie.png,src/main/resources/assets/lotr/textures/item/mushroom_pie.png,ported
textures/items,textures/items/muttonCooked.png,src/main/resources/assets/lotr/textures/item/cooked_mutton.png,ported
textures/items,textures/items/muttonRaw.png,src/main/resources/assets/lotr/textures/item/raw_mutton.png,ported
textures/items,textures/items/mysteryWeb.png,src/main/resources/assets/lotr/textures/item/mystery_web.png,ported
textures/items,textures/items/naurite.png,src/main/resources/assets/lotr/textures/item/naurite.png src/main/resources/assets/lotr/textures/item/durnor.png,ported
textures/items,textures/items/nearHaradBow.png,src/main/resources/assets/lotr/textures/item/harad_bow.png,ported
textures/items,textures/items/npcRespawner.png,,missing
textures/items,textures/items/obsidianShard.png,src/main/resources/assets/lotr/textures/item/obsidian_shard.png,ported
textures/items,textures/items/olive.png,src/main/resources/assets/lotr/textures/item/olives.png,ported
textures/items,textures/items/oliveBread.png,src/main/resources/assets/lotr/textures/item/olive_bread.png,ported
textures/items,textures/items/opal.png,src/main/resources/assets/lotr/textures/item/opal.png,ported
textures/items,textures/items/orange.png,src/main/resources/assets/lotr/textures/item/orange.png,ported
textures/items,textures/items/orcBed.png,,missing
textures/items,textures/items/orcBone.png,src/main/resources/assets/lotr/textures/item/orc_bone.png,ported
textures/items,textures/items/orcBow.png,src/main/resources/assets/lotr/textures/item/orc_bow.png,ported
textures/items,textures/items/orcChain.png,src/main/resources/assets/lotr/textures/item/orc_chain.png,ported
textures/items,textures/items/orcSkullStaff.png,src/main/resources/assets/lotr/textures/item/orc_skull_staff.png,ported
textures/items,textures/items/orcSteel.png,src/main/resources/assets/lotr/textures/item/orc_steel_ingot.png,ported
textures/items,textures/items/orcTorch.png,src/main/resources/assets/lotr/textures/item/orc_torch.png,ported
textures/items,textures/items/partyHat.png,src/main/resources/assets/lotr/textures/item/party_hat.png,ported
textures/items,textures/items/pear.png,src/main/resources/assets/lotr/textures/item/pear.png,ported
textures/items,textures/items/pearl.png,src/main/resources/assets/lotr/textures/item/pearl.png,ported
textures/items,textures/items/pebble.png,src/main/resources/assets/lotr/textures/item/pebble.png,ported
textures/items,textures/items/pickaxeAngmar.png,src/main/resources/assets/lotr/textures/item/angmar_pickaxe.png,ported
textures/items,textures/items/pickaxeBlueDwarven.png,src/main/resources/assets/lotr/textures/item/blue_dwarven_pickaxe.png,ported
textures/items,textures/items/pickaxeBronze.png,src/main/resources/assets/lotr/textures/item/bronze_pickaxe.png,ported
textures/items,textures/items/pickaxeDolGuldur.png,src/main/resources/assets/lotr/textures/item/dol_guldur_pickaxe.png,ported
textures/items,textures/items/pickaxeDwarven.png,src/main/resources/assets/lotr/textures/item/dwarven_pickaxe.png,ported
textures/items,textures/items/pickaxeElven.png,src/main/resources/assets/lotr/textures/item/galadhrim_pickaxe.png,ported
textures/items,textures/items/pickaxeHighElven.png,src/main/resources/assets/lotr/textures/item/lindon_pickaxe.png,ported
textures/items,textures/items/pickaxeMallorn.png,src/main/resources/assets/lotr/textures/item/mallorn_pickaxe.png,ported
textures/items,textures/items/pickaxeMithril.png,src/main/resources/assets/lotr/textures/item/mithril_pickaxe.png,ported
textures/items,textures/items/pickaxeOrc.png,src/main/resources/assets/lotr/textures/item/mordor_pickaxe.png,ported
textures/items,textures/items/pickaxeRivendell.png,src/main/resources/assets/lotr/textures/item/rivendell_pickaxe.png,ported
textures/items,textures/items/pickaxeTauredain.png,src/main/resources/assets/lotr/textures/item/taurethrim_pickaxe.png,ported
textures/items,textures/items/pickaxeUruk.png,src/main/resources/assets/lotr/textures/item/uruk_pickaxe.png,ported
textures/items,textures/items/pickaxeWoodElven.png,src/main/resources/assets/lotr/textures/item/wood_elven_pickaxe.png,ported
textures/items,textures/items/pikeBlueDwarven.png,src/main/resources/assets/lotr/textures/item/blue_dwarven_pike.png,ported
textures/items,textures/items/pikeDale.png,src/main/resources/assets/lotr/textures/item/dale_pitchfork.png,ported
textures/items,textures/items/pikeDolGuldur.png,src/main/resources/assets/lotr/textures/item/dol_guldur_spike.png,ported
textures/items,textures/items/pikeDwarven.png,src/main/resources/assets/lotr/textures/item/dwarven_pike.png,ported
textures/items,textures/items/pikeGondor.png,src/main/resources/assets/lotr/textures/item/gondor_pike.png,ported
textures/items,textures/items/pikeGundabadUruk.png,src/main/resources/assets/lotr/textures/item/gundabad_uruk_pike.png,ported
textures/items,textures/items/pikeHalfTroll.png,src/main/resources/assets/lotr/textures/item/half_troll_pike.png,ported
textures/items,textures/items/pikeHarad.png,src/main/resources/assets/lotr/textures/item/haradric_pike.png,ported
textures/items,textures/items/pikeIron.png,src/main/resources/assets/lotr/textures/item/iron_pike.png,ported
textures/items,textures/items/pikeNearHarad.png,src/main/resources/assets/lotr/textures/item/umbaric_pike.png,ported
textures/items,textures/items/pikeRhun.png,src/main/resources/assets/lotr/textures/item/rhunic_pike.png,ported
textures/items,textures/items/pikeTauredain.png,src/main/resources/assets/lotr/textures/item/taurethrim_pike.png,ported
textures/items,textures/items/pikeUruk.png,src/main/resources/assets/lotr/textures/item/uruk_pike.png,ported
textures/items,textures/items/pipeweed.png,src/main/resources/assets/lotr/textures/item/pipeweed.png,ported
textures/items,textures/items/pipeweedLeaf.png,src/main/resources/assets/lotr/textures/item/pipeweed_leaf.png,ported
textures/items,textures/items/pipeweedSeeds.png,src/main/resources/assets/lotr/textures/item/pipeweed_seeds.png,ported
textures/items,textures/items/plate.png,src/main/resources/assets/lotr/textures/item/fine_plate.png,ported
textures/items,textures/items/plum.png,src/main/resources/assets/lotr/textures/item/plum.png,ported
textures/items,textures/items/polearmAngmar.png,src/main/resources/assets/lotr/textures/item/angmar_poleaxe.png,ported
textures/items,textures/items/polearmElven.png,src/main/resources/assets/lotr/textures/item/galadhrim_battlestaff.png,ported
textures/items,textures/items/polearmHighElven.png,src/main/resources/assets/lotr/textures/item/lindon_battlestaff.png,ported
textures/items,textures/items/polearmOrc.png,src/main/resources/assets/lotr/textures/item/mordor_warscythe.png,ported
textures/items,textures/items/polearmRhun.png,src/main/resources/assets/lotr/textures/item/rhunic_bardiche.png,ported
textures/items,textures/items/polearmRivendell.png,src/main/resources/assets/lotr/textures/item/rivendell_battlestaff.png,ported
textures/items,textures/items/polearmWoodElven.png,src/main/resources/assets/lotr/textures/item/wood_elven_battlestaff.png,ported
textures/items,textures/items/poleaxeNearHarad.png,src/main/resources/assets/lotr/textures/item/umbaric_poleaxe.png,ported
textures/items,textures/items/pomegranate.png,src/main/resources/assets/lotr/textures/item/pomegranate.png,ported
textures/items,textures/items/pouch_large.png,,missing
textures/items,textures/items/pouch_large_open.png,,missing
textures/items,textures/items/pouch_large_open_overlay.png,,missing
textures/items,textures/items/pouch_large_overlay.png,,missing
textures/items,textures/items/pouch_medium.png,,missing
textures/items,textures/items/pouch_medium_open.png,,missing
textures/items,textures/items/pouch_medium_open_overlay.png,,missing
textures/items,textures/items/pouch_medium_overlay.png,,missing
textures/items,textures/items/pouch_small.png,,missing
textures/items,textures/items/pouch_small_open.png,,missing
textures/items,textures/items/pouch_small_open_overlay.png,,missing
textures/items,textures/items/pouch_small_overlay.png,,missing
textures/items,textures/items/quenditeCrystal.png,src/main/resources/assets/lotr/textures/item/quendite_crystal.png src/main/resources/assets/lotr/textures/item/edhelvir.png,ported
textures/items,textures/items/questOffer.png,,missing
textures/items,textures/items/rabbitCooked.png,,missing
textures/items,textures/items/rabbitRaw.png,,missing
textures/items,textures/items/rabbitStew.png,src/main/resources/assets/lotr/textures/item/rabbit_stew.png,ported
textures/items,textures/items/raisins.png,src/main/resources/assets/lotr/textures/item/raisins.png,ported
textures/items,textures/items/rangerBow.png,src/main/resources/assets/lotr/textures/item/ranger_bow.png,ported
textures/items,textures/items/raspberry.png,src/main/resources/assets/lotr/textures/item/raspberries.png,ported
textures/items,textures/items/redBook.png,src/main/resources/assets/lotr/textures/item/red_book.png,ported
textures/items,textures/items/redClayBall.png,src/main/resources/assets/lotr/textures/item/red_clay_ball.png,ported
textures/items,textures/items/reeds.png,src/main/resources/assets/lotr/textures/item/reeds.png,ported
textures/items,textures/items/rhinoArmorHalfTroll.png,src/main/resources/assets/lotr/textures/item/half_troll_rhino_armor.png,ported
textures/items,textures/items/rhinoCooked.png,src/main/resources/assets/lotr/textures/item/cooked_rhino.png,ported
textures/items,textures/items/rhinoHorn.png,src/main/resources/assets/lotr/textures/item/rhino_horn.png,ported
textures/items,textures/items/rhinoRaw.png,src/main/resources/assets/lotr/textures/item/raw_rhino.png,ported
textures/items,textures/items/rhunBow.png,src/main/resources/assets/lotr/textures/item/rhunic_bow.png,ported
textures/items,textures/items/rhunFirePot.png,src/main/resources/assets/lotr/textures/item/rhunic_fire_pot.png,ported
textures/items,textures/items/ringil.png,src/main/resources/assets/lotr/textures/item/ringil.png,ported
textures/items,textures/items/ringil_glowing.png,,missing
textures/items,textures/items/rivendellBow.png,src/main/resources/assets/lotr/textures/item/rivendell_bow.png,ported
textures/items,textures/items/rohanBow.png,src/main/resources/assets/lotr/textures/item/rohirric_bow.png,ported
textures/items,textures/items/rollingPin.png,src/main/resources/assets/lotr/textures/item/rolling_pin.png,ported
textures/items,textures/items/rope.png,src/main/resources/assets/lotr/textures/item/rope.png,ported
textures/items,textures/items/ruby.png,src/main/resources/assets/lotr/textures/item/ruby.png,ported
textures/items,textures/items/salt.png,src/main/resources/assets/lotr/textures/item/salt.png,ported
textures/items,textures/items/saltedFlesh.png,src/main/resources/assets/lotr/textures/item/suspicious_meat.png,ported
textures/items,textures/items/saltpeter.png,src/main/resources/assets/lotr/textures/item/saltpeter.png src/main/resources/assets/lotr/textures/item/niter.png,ported
textures/items,textures/items/sapphire.png,src/main/resources/assets/lotr/textures/item/sapphire.png,ported
textures/items,textures/items/sauronMace.png,src/main/resources/assets/lotr/textures/item/sauron_mace.png,ported
textures/items,textures/items/sax.png,,missing
textures/items,textures/items/scimitarBlackUruk.png,src/main/resources/assets/lotr/textures/item/black_uruk_cleaver.png,ported
textures/items,textures/items/scimitarHalfTroll.png,src/main/resources/assets/lotr/textures/item/half_troll_scimitar.png,ported
textures/items,textures/items/scimitarNearHarad.png,src/main/resources/assets/lotr/textures/item/umbaric_scimitar.png,ported
textures/items,textures/items/scimitarOrc.png,src/main/resources/assets/lotr/textures/item/mordor_scimitar.png,ported
textures/items,textures/items/scimitarUruk.png,src/main/resources/assets/lotr/textures/item/uruk_cleaver.png,ported
textures/items,textures/items/scimitarUrukBerserker.png,src/main/resources/assets/lotr/textures/item/uruk_berserker_cleaver.png,ported
textures/items,textures/items/seedsGrapeRed.png,src/main/resources/assets/lotr/textures/item/red_grape_seeds.png,ported
textures/items,textures/items/seedsGrapeWhite.png,src/main/resources/assets/lotr/textures/item/green_grape_seeds.png,ported
textures/items,textures/items/shishKebab.png,src/main/resources/assets/lotr/textures/item/shish_kebab.png,ported
textures/items,textures/items/shovelAngmar.png,src/main/resources/assets/lotr/textures/item/angmar_shovel.png,ported
textures/items,textures/items/shovelBlueDwarven.png,src/main/resources/assets/lotr/textures/item/blue_dwarven_shovel.png,ported
textures/items,textures/items/shovelBronze.png,src/main/resources/assets/lotr/textures/item/bronze_shovel.png,ported
textures/items,textures/items/shovelDolGuldur.png,src/main/resources/assets/lotr/textures/item/dol_guldur_shovel.png,ported
textures/items,textures/items/shovelDwarven.png,src/main/resources/assets/lotr/textures/item/dwarven_shovel.png,ported
textures/items,textures/items/shovelElven.png,src/main/resources/assets/lotr/textures/item/galadhrim_shovel.png,ported
textures/items,textures/items/shovelHighElven.png,src/main/resources/assets/lotr/textures/item/lindon_shovel.png,ported
textures/items,textures/items/shovelMallorn.png,src/main/resources/assets/lotr/textures/item/mallorn_shovel.png,ported
textures/items,textures/items/shovelMithril.png,src/main/resources/assets/lotr/textures/item/mithril_shovel.png,ported
textures/items,textures/items/shovelOrc.png,src/main/resources/assets/lotr/textures/item/mordor_shovel.png,ported
textures/items,textures/items/shovelRivendell.png,src/main/resources/assets/lotr/textures/item/rivendell_shovel.png,ported
textures/items,textures/items/shovelTauredain.png,src/main/resources/assets/lotr/textures/item/taurethrim_shovel.png,ported
textures/items,textures/items/shovelUruk.png,src/main/resources/assets/lotr/textures/item/uruk_shovel.png,ported
textures/items,textures/items/shovelWoodElven.png,src/main/resources/assets/lotr/textures/item/wood_elven_shovel.png,ported
textures/items,textures/items/silver.png,src/main/resources/assets/lotr/textures/item/silver_ingot.png,ported
textures/items,textures/items/silverNugget.png,src/main/resources/assets/lotr/textures/item/silver_nugget.png,ported
textures/items,textures/items/silverRing.png,src/main/resources/assets/lotr/textures/item/silver_ring.png,ported
textures/items,textures/items/skullCup.png,src/main/resources/assets/lotr/textures/item/skull_cup.png,ported
textures/items,textures/items/sling.png,src/main/resources/assets/lotr/textures/item/sling.png,ported
textures/items,textures/items/slotBomb.png,,missing
textures/items,textures/items/slotMelee.png,,missing
textures/items,textures/items/spearAngmar.png,src/main/resources/assets/lotr/textures/item/angmar_spear.png,ported
textures/items,textures/items/spearArnor.png,src/main/resources/assets/lotr/textures/item/arnor_spear.png,ported
textures/items,textures/items/spearBlackNumenorean.png,src/main/resources/assets/lotr/textures/item/black_numenorean_spear.png,ported
textures/items,textures/items/spearBlackUruk.png,src/main/resources/assets/lotr/textures/item/black_uruk_spear.png,ported
textures/items,textures/items/spearBladorthin.png,src/main/resources/assets/lotr/textures/item/bladorthin_spear.png,ported
textures/items,textures/items/spearBlueDwarven.png,src/main/resources/assets/lotr/textures/item/blue_dwarven_spear.png,ported
textures/items,textures/items/spearBronze.png,src/main/resources/assets/lotr/textures/item/bronze_spear.png,ported
textures/items,textures/items/spearCorsair.png,src/main/resources/assets/lotr/textures/item/corsair_harpoon.png,ported
textures/items,textures/items/spearDale.png,src/main/resources/assets/lotr/textures/item/dale_spear.png,ported
textures/items,textures/items/spearDolGuldur.png,src/main/resources/assets/lotr/textures/item/dol_guldur_spear.png,ported
textures/items,textures/items/spearDwarven.png,src/main/resources/assets/lotr/textures/item/dwarven_spear.png,ported
textures/items,textures/items/spearElven.png,src/main/resources/assets/lotr/textures/item/galadhrim_spear.png,ported
textures/items,textures/items/spearGondor.png,src/main/resources/assets/lotr/textures/item/gondor_spear.png,ported
textures/items,textures/items/spearGundabadUruk.png,src/main/resources/assets/lotr/textures/item/gundabad_uruk_spear.png,ported
textures/items,textures/items/spearHarad.png,src/main/resources/assets/lotr/textures/item/haradric_spear.png,ported
textures/items,textures/items/spearHighElven.png,src/main/resources/assets/lotr/textures/item/lindon_spear.png,ported
textures/items,textures/items/spearIron.png,src/main/resources/assets/lotr/textures/item/iron_spear.png,ported
textures/items,textures/items/spearMithril.png,src/main/resources/assets/lotr/textures/item/mithril_spear.png,ported
textures/items,textures/items/spearMoredain.png,src/main/resources/assets/lotr/textures/item/morwaith_spear.png,ported
textures/items,textures/items/spearNearHarad.png,src/main/resources/assets/lotr/textures/item/umbaric_spear.png,ported
textures/items,textures/items/spearOrc.png,src/main/resources/assets/lotr/textures/item/mordor_spear.png,ported
textures/items,textures/items/spearRhun.png,src/main/resources/assets/lotr/textures/item/rhunic_spear.png,ported
textures/items,textures/items/spearRivendell.png,src/main/resources/assets/lotr/textures/item/rivendell_spear.png,ported
textures/items,textures/items/spearRohan.png,src/main/resources/assets/lotr/textures/item/rohirric_spear.png,ported
textures/items,textures/items/spearStone.png,src/main/resources/assets/lotr/textures/item/stone_spear.png,ported
textures/items,textures/items/spearTauredain.png,src/main/resources/assets/lotr/textures/item/taurethrim_spear.png,ported
textures/items,textures/items/spearUruk.png,src/main/resources/assets/lotr/textures/item/uruk_spear.png,ported
textures/items,textures/items/spearUtumno.png,src/main/resources/assets/lotr/textures/item/utumno_spear.png,ported
textures/items,textures/items/spearWoodElven.png,src/main/resources/assets/lotr/textures/item/wood_elven_spear.png,ported
textures/items,textures/items/sting.png,src/main/resources/assets/lotr/textures/item/sting.png,ported
textures/items,textures/items/sting_glowing.png,,missing
textures/items,textures/items/strawBed.png,,missing
textures/items,textures/items/structureSpawner_base.png,,missing
textures/items,textures/items/structureSpawner_overlay.png,,missing
textures/items,textures/items/structureSpawner_village_base.png,,missing
textures/items,textures/items/structureSpawner_village_overlay.png,,missing
textures/items,textures/items/sulfur.png,src/main/resources/assets/lotr/textures/item/sulfur.png,ported
textures/items,textures/items/sulfurMatch.png,src/main/resources/assets/lotr/textures/item/sulfur_match.png,ported
textures/items,textures/items/swanFeather.png,src/main/resources/assets/lotr/textures/item/swan_feather.png,ported
textures/items,textures/items/swordAngmar.png,src/main/resources/assets/lotr/textures/item/angmar_sword.png,ported
textures/items,textures/items/swordArnor.png,src/main/resources/assets/lotr/textures/item/arnor_sword.png,ported
textures/items,textures/items/swordBlackNumenorean.png,src/main/resources/assets/lotr/textures/item/black_numenorean_sword.png,ported
textures/items,textures/items/swordBlueDwarven.png,src/main/resources/assets/lotr/textures/item/blue_dwarven_sword.png,ported
textures/items,textures/items/swordBronze.png,src/main/resources/assets/lotr/textures/item/bronze_sword.png,ported
textures/items,textures/items/swordCorsair.png,src/main/resources/assets/lotr/textures/item/corsair_eket.png,ported
textures/items,textures/items/swordDale.png,src/main/resources/assets/lotr/textures/item/dale_sword.png,ported
textures/items,textures/items/swordDolAmroth.png,src/main/resources/assets/lotr/textures/item/dol_amroth_sword.png,ported
textures/items,textures/items/swordDolGuldur.png,src/main/resources/assets/lotr/textures/item/dol_guldur_sword.png,ported
textures/items,textures/items/swordDorwinionElf.png,src/main/resources/assets/lotr/textures/item/dorwinion_elven_sword.png,ported
textures/items,textures/items/swordDorwinionElf_glowing.png,,missing
textures/items,textures/items/swordDwarven.png,src/main/resources/assets/lotr/textures/item/dwarven_sword.png,ported
textures/items,textures/items/swordElven.png,src/main/resources/assets/lotr/textures/item/galadhrim_sword.png,ported
textures/items,textures/items/swordElven_glowing.png,,missing
textures/items,textures/items/swordGondolin.png,src/main/resources/assets/lotr/textures/item/gondolin_sword.png,ported
textures/items,textures/items/swordGondolin_glowing.png,,missing
textures/items,textures/items/swordGondor.png,src/main/resources/assets/lotr/textures/item/gondor_sword.png,ported
textures/items,textures/items/swordGulfHarad.png,src/main/resources/assets/lotr/textures/item/gulfen_khopesh.png,ported
textures/items,textures/items/swordGundabadUruk.png,src/main/resources/assets/lotr/textures/item/gundabad_uruk_cleaver.png,ported
textures/items,textures/items/swordHarad.png,src/main/resources/assets/lotr/textures/item/haradric_sword.png,ported
textures/items,textures/items/swordHighElven.png,src/main/resources/assets/lotr/textures/item/lindon_sword.png,ported
textures/items,textures/items/swordHighElven_glowing.png,,missing
textures/items,textures/items/swordMallorn.png,src/main/resources/assets/lotr/textures/item/mallorn_sword.png,ported
textures/items,textures/items/swordMithril.png,src/main/resources/assets/lotr/textures/item/mithril_sword.png,ported
textures/items,textures/items/swordMoredain.png,src/main/resources/assets/lotr/textures/item/morwaith_sword.png,ported
textures/items,textures/items/swordPelargir.png,src/main/resources/assets/lotr/textures/item/pelargir_eket.png,ported
textures/items,textures/items/swordRhun.png,src/main/resources/assets/lotr/textures/item/rhunic_sword.png,ported
textures/items,textures/items/swordRivendell.png,src/main/resources/assets/lotr/textures/item/rivendell_sword.png,ported
textures/items,textures/items/swordRivendell_glowing.png,,missing
textures/items,textures/items/swordRohan.png,src/main/resources/assets/lotr/textures/item/rohirric_sword.png,ported
textures/items,textures/items/swordTauredain.png,src/main/resources/assets/lotr/textures/item/taurethrim_sword.png,ported
textures/items,textures/items/swordUtumno.png,src/main/resources/assets/lotr/textures/item/utumno_sword.png,ported
textures/items,textures/items/swordWoodElven.png,src/main/resources/assets/lotr/textures/item/wood_elven_sword.png,ported
textures/items,textures/items/swordWoodElven_glowing.png,,missing
textures/items,textures/items/tauredainAmulet.png,src/main/resources/assets/lotr/textures/item/taurethrim_amulet.png,ported
textures/items,textures/items/tauredainBlowgun.png,src/main/resources/assets/lotr/textures/item/taurethrim_blowgun.png,ported
textures/items,textures/items/tauredainDart.png,src/main/resources/assets/lotr/textures/item/taurethrim_dart.png,ported
textures/items,textures/items/tauredainDartPoisoned.png,src/main/resources/assets/lotr/textures/item/poisoned_taurethrim_dart.png,ported
textures/items,textures/items/tauredainDoubleTorch.png,src/main/resources/assets/lotr/textures/item/tauredain_double_torch.png,ported
textures/items,textures/items/termite.png,src/main/resources/assets/lotr/textures/item/exploding_termite.png,ported
textures/items,textures/items/throwingAxeBlueDwarven.png,src/main/resources/assets/lotr/textures/item/blue_dwarven_throwing_axe.png,ported
textures/items,textures/items/throwingAxeBronze.png,src/main/resources/assets/lotr/textures/item/bronze_throwing_axe.png,ported
textures/items,textures/items/throwingAxeDwarven.png,src/main/resources/assets/lotr/textures/item/dwarven_throwing_axe.png,ported
textures/items,textures/items/throwingAxeIron.png,src/main/resources/assets/lotr/textures/item/iron_throwing_axe.png,ported
textures/items,textures/items/throwingAxeLossarnach.png,src/main/resources/assets/lotr/textures/item/lossarnach_throwing_axe.png,ported
textures/items,textures/items/tin.png,src/main/resources/assets/lotr/textures/item/tin_ingot.png,ported
textures/items,textures/items/topaz.png,src/main/resources/assets/lotr/textures/item/topaz.png,ported
textures/items,textures/items/torogStew.png,src/main/resources/assets/lotr/textures/item/torog_stew.png,ported
textures/items,textures/items/tridentPelargir.png,src/main/resources/assets/lotr/textures/item/pelargir_trident.png,ported
textures/items,textures/items/trollBone.png,src/main/resources/assets/lotr/textures/item/troll_bone.png,ported
textures/items,textures/items/trollStatue.png,src/main/resources/assets/lotr/textures/item/troll_statue.png,ported
textures/items,textures/items/turnip.png,src/main/resources/assets/lotr/textures/item/turnip.png,ported
textures/items,textures/items/turnipCooked.png,src/main/resources/assets/lotr/textures/item/roast_turnip.png,ported
textures/items,textures/items/urukCrossbow.png,src/main/resources/assets/lotr/textures/item/uruk_crossbow.png,ported
textures/items,textures/items/urukCrossbow_pull_0.png,src/main/resources/assets/lotr/textures/item/uruk_crossbow_pulling_0.png,ported
textures/items,textures/items/urukCrossbow_pull_1.png,src/main/resources/assets/lotr/textures/item/uruk_crossbow_pulling_1.png,ported
textures/items,textures/items/urukCrossbow_pull_2.png,src/main/resources/assets/lotr/textures/item/uruk_crossbow_pulling_2.png,ported
textures/items,textures/items/urukSteel.png,src/main/resources/assets/lotr/textures/item/uruk_steel_ingot.png,ported
textures/items,textures/items/utumnoBow.png,src/main/resources/assets/lotr/textures/item/utumno_bow.png,ported
textures/items,textures/items/utumnoKey_ice.png,src/main/resources/assets/lotr/textures/item/key_of_ice.png,ported
textures/items,textures/items/utumnoKey_ice0.png,src/main/resources/assets/lotr/textures/item/ice_key_handle.png,ported
textures/items,textures/items/utumnoKey_ice1.png,src/main/resources/assets/lotr/textures/item/ice_key_shaft.png,ported
textures/items,textures/items/utumnoKey_ice2.png,src/main/resources/assets/lotr/textures/item/ice_key_pin.png,ported
textures/items,textures/items/utumnoKey_obsidian.png,src/main/resources/assets/lotr/textures/item/key_of_obsidian.png,ported
textures/items,textures/items/utumnoKey_obsidian0.png,src/main/resources/assets/lotr/textures/item/obsidian_key_handle.png,ported
textures/items,textures/items/utumnoKey_obsidian1.png,src/main/resources/assets/lotr/textures/item/obsidian_key_shaft.png,ported
textures/items,textures/items/utumnoKey_obsidian2.png,src/main/resources/assets/lotr/textures/item/obsidian_key_pin.png,ported
textures/items,textures/items/utumnoPickaxe.png,src/main/resources/assets/lotr/textures/item/utumno_pickaxe.png,ported
textures/items,textures/items/wargArmorAngmar.png,src/main/resources/assets/lotr/textures/item/angmar_warg_armor.png,ported
textures/items,textures/items/wargArmorMordor.png,src/main/resources/assets/lotr/textures/item/mordor_warg_armor.png,ported
textures/items,textures/items/wargArmorUruk.png,src/main/resources/assets/lotr/textures/item/isengard_warg_armor.png,ported
textures/items,textures/items/wargBone.png,src/main/resources/assets/lotr/textures/item/warg_bone.png,ported
textures/items,textures/items/wargFur.png,src/main/resources/assets/lotr/textures/item/fur.png,ported
textures/items,textures/items/wargFurBed.png,,missing
textures/items,textures/items/wargskinRug_black.png,,missing
textures/items,textures/items/wargskinRug_brown.png,,missing
textures/items,textures/items/wargskinRug_fire.png,,missing
textures/items,textures/items/wargskinRug_grey.png,,missing
textures/items,textures/items/wargskinRug_ice.png,,missing
textures/items,textures/items/wargskinRug_obsidian.png,,missing
textures/items,textures/items/wargskinRug_white.png,,missing
textures/items,textures/items/waterskin.png,src/main/resources/assets/lotr/textures/item/waterskin.png,ported
textures/items,textures/items/weaponRack.png,src/main/resources/assets/lotr/textures/item/weapon_rack.png,ported
textures/items,textures/items/wildberry.png,src/main/resources/assets/lotr/textures/item/wildberries.png,ported
textures/items,textures/items/wineGlass.png,src/main/resources/assets/lotr/textures/item/wine_glass.png,ported
textures/items,textures/items/woodElvenBed.png,,missing
textures/items,textures/items/woodPlate.png,src/main/resources/assets/lotr/textures/item/wooden_plate.png,ported
textures/items,textures/items/yam.png,src/main/resources/assets/lotr/textures/item/yam.png,ported
textures/items,textures/items/yamRoast.png,src/main/resources/assets/lotr/textures/item/roast_yam.png,ported
textures/items,textures/items/zebraCooked.png,src/main/resources/assets/lotr/textures/item/cooked_zebra.png,ported
textures/items,textures/items/zebraRaw.png,src/main/resources/assets/lotr/textures/item/raw_zebra.png,ported
weather,weather/ash.png,,missing
weather,weather/rain.png,,missing
weather,weather/sandstorm.png,,missing
weather,weather/snow.png,,missing
