old_package,old_class,new_class,status,notes
client,LOTRAlignmentTicker,,missing,
client,LOTRAttackTiming,,missing,
client,LOTRClientProxy,,referenced,named in: LOTRModClient LOTRParticles
client,LOTREntityRenderer,,missing,
client,LOTRGuiHandler,,missing,
client,LOTRItemRendererManager,,missing,
client,LOTRKeyHandler,,missing,
client,LOTRReflectionClient,,missing,
client,LOTRSpeechClient,LOTRSpeechClient,ported,
client,LOTRTextBody,,missing,
client,LOTRTextures,,referenced,named in: LOTRGlowingEyes
client,LOTRTickHandlerClient,,referenced,named in: LOTRDrunkCamera LOTRModClient
client.fx,LOTREffectRenderer,,missing,
client.fx,LOTREntityAlignmentBonus,,missing,
client.fx,LOTREntityAngryFX,,missing,
client.fx,LOTREntityBlueFlameFX,,missing,
client.fx,LOTREntityBossSpawnFX,,missing,
client.fx,LOTREntityChillFX,,referenced,named in: LOTRParticles LOTRSmokeParticle
client.fx,LOTREntityDeadMarshFace,,missing,
client.fx,LOTREntityElvenGlowFX,,missing,
client.fx,LOTREntityGandalfFireballExplodeFX,,referenced,named in: LOTRGandalfFireballEntity
client.fx,LOTREntityLargeBlockFX,,missing,
client.fx,LOTREntityLeafFX,,missing,
client.fx,LOTREntityMTCHealFX,,missing,
client.fx,LOTREntityMallornEntHealFX,,missing,
client.fx,LOTREntityMallornEntSummonFX,,missing,
client.fx,LOTREntityMarshFlameFX,,referenced,named in: LOTRMarshParticle LOTRParticles
client.fx,LOTREntityMarshLightFX,,referenced,named in: LOTRMarshParticle LOTRParticles
client.fx,LOTREntityMorgulPortalFX,,referenced,named in: LOTRParticles LOTRSpellParticle
client.fx,LOTREntityMusicFX,,missing,
client.fx,LOTREntityPickpocketFX,,missing,
client.fx,LOTREntityPickpocketFailFX,,missing,
client.fx,LOTREntityQuenditeSmokeFX,,referenced,named in: LOTRParticles LOTRSmokeParticle
client.fx,LOTREntityRiverWaterFX,,referenced,named in: LOTRParticles LOTRSpellParticle
client.fx,LOTREntitySwordCommandMarker,,missing,
client.fx,LOTREntityUtumnoKillFX,,missing,
client.fx,LOTREntityWaveFX,,missing,
client.fx,LOTREntityWhiteSmokeFX,,referenced,named in: LOTRParticles LOTRSmokeParticle
client.gui,LOTRGuiAchievementHoverEvent,,missing,
client.gui,LOTRGuiAchievements,,missing,
client.gui,LOTRGuiAlignmentChoices,,missing,
client.gui,LOTRGuiAlloyForge,,referenced,named in: LOTRForgeScreen
client.gui,LOTRGuiAnvil,LOTRAnvilScreen,ported,
client.gui,LOTRGuiArmorStand,,excluded,
client.gui,LOTRGuiBanner,LOTRBannerBlock LOTRBannerBlockEntity LOTRBannerRenderState LOTRBannerRenderer LOTRBannerModel,ported,
client.gui,LOTRGuiBannerButton,,missing,
client.gui,LOTRGuiBarrel,LOTRBarrelScreen,ported,
client.gui,LOTRGuiBeacon,LOTRBeaconScreen,ported,
client.gui,LOTRGuiBookshelf,,missing,
client.gui,LOTRGuiBrandingIron,,missing,
client.gui,LOTRGuiButtonAchievements,,missing,
client.gui,LOTRGuiButtonBanner,,missing,
client.gui,LOTRGuiButtonBannerWhitelistSlots,,missing,
client.gui,LOTRGuiButtonCoinExchange,,missing,
client.gui,LOTRGuiButtonFactionsMap,,missing,
client.gui,LOTRGuiButtonFactionsPage,,missing,
client.gui,LOTRGuiButtonFsInvites,,missing,
client.gui,LOTRGuiButtonFsOption,,missing,
client.gui,LOTRGuiButtonLeftRight,,missing,
client.gui,LOTRGuiButtonLock,,missing,
client.gui,LOTRGuiButtonMenu,,missing,
client.gui,LOTRGuiButtonOptions,,missing,
client.gui,LOTRGuiButtonPledge,,missing,
client.gui,LOTRGuiButtonRedBook,,missing,
client.gui,LOTRGuiButtonReforge,,referenced,named in: LOTRAnvilScreen
client.gui,LOTRGuiButtonRestockPouch,,missing,
client.gui,LOTRGuiButtonShieldsArrows,,missing,
client.gui,LOTRGuiChestWithPouch,,missing,
client.gui,LOTRGuiCoinExchange,,missing,
client.gui,LOTRGuiCraftingTable,LOTRCraftingTableBlock LOTRCraftingTable,ported,
client.gui,LOTRGuiDaleCracker,LOTRDaleCrackerScreen,ported,
client.gui,LOTRGuiDownloadTerrain,,missing,
client.gui,LOTRGuiEditSign,,referenced,named in: LOTRCarvedSignEditScreen
client.gui,LOTRGuiFactions,LOTRScreenFactions,ported,
client.gui,LOTRGuiFastTravel,,missing,
client.gui,LOTRGuiFellowships,,missing,
client.gui,LOTRGuiGollum,,missing,
client.gui,LOTRGuiHireBase,,base,extended by: LOTRGuiMercenaryHire LOTRGuiUnitTrade
client.gui,LOTRGuiHiredDismiss,,missing,
client.gui,LOTRGuiHiredFarmer,,missing,
client.gui,LOTRGuiHiredFarmerInventory,,missing,
client.gui,LOTRGuiHiredInteract,,missing,
client.gui,LOTRGuiHiredNPC,,base,extended by: LOTRGuiHiredFarmer LOTRGuiHiredWarrior
client.gui,LOTRGuiHiredWarrior,,referenced,named in: LOTRHiredNPCInfo
client.gui,LOTRGuiHiredWarriorInventory,,missing,
client.gui,LOTRGuiHobbitOven,LOTRHobbitOvenScreen,ported,
client.gui,LOTRGuiHornSelect,LOTRHornSelectScreen,ported,
client.gui,LOTRGuiMainMenu,,missing,
client.gui,LOTRGuiMap,,missing,
client.gui,LOTRGuiMapWidget,,missing,
client.gui,LOTRGuiMenu,,missing,
client.gui,LOTRGuiMenuBase,,base,extended by: LOTRGuiAchievements LOTRGuiFactions LOTRGuiFellowships LOTRGuiMap LOTRGuiOptions LOTRGuiShields ...
client.gui,LOTRGuiMercenaryHire,,missing,
client.gui,LOTRGuiMercenaryInteract,,missing,
client.gui,LOTRGuiMessage,,missing,
client.gui,LOTRGuiMillstone,LOTRMillstoneScreen,ported,
client.gui,LOTRGuiMiniquestOffer,,missing,
client.gui,LOTRGuiMiniquestTracker,,missing,
client.gui,LOTRGuiMobSpawner,,missing,
client.gui,LOTRGuiMountInventory,,missing,
client.gui,LOTRGuiNPCInteract,,base,extended by: LOTRGuiHiredDismiss LOTRGuiHiredInteract LOTRGuiTradeInteract LOTRGuiUnitTradeInteract
client.gui,LOTRGuiNPCMountInventory,,missing,
client.gui,LOTRGuiNPCRespawner,,missing,
client.gui,LOTRGuiNotificationDisplay,,missing,
client.gui,LOTRGuiOptions,,missing,
client.gui,LOTRGuiPouch,,excluded,
client.gui,LOTRGuiRedBook,,missing,
client.gui,LOTRGuiRendererMap,,missing,
client.gui,LOTRGuiScreenBase,,base,extended by: LOTRGuiAlignmentChoices LOTRGuiBanner LOTRGuiBeacon LOTRGuiBrandingIron LOTRGuiFastTravel LOTRGuiHiredNPC ...
client.gui,LOTRGuiScrollPane,,missing,
client.gui,LOTRGuiShields,,missing,
client.gui,LOTRGuiSlider,,missing,
client.gui,LOTRGuiSquadronItem,,referenced,named in: LOTRCommandSwordItem LOTRHornSelectScreen
client.gui,LOTRGuiTitles,,missing,
client.gui,LOTRGuiTrade,,referenced,named in: LOTRTradeable
client.gui,LOTRGuiTradeButton,,missing,
client.gui,LOTRGuiTradeInteract,,missing,
client.gui,LOTRGuiTradeUnitTradeInteract,,missing,
client.gui,LOTRGuiUnitTrade,,referenced,named in: LOTRUnitTradeable
client.gui,LOTRGuiUnitTradeButton,,missing,
client.gui,LOTRGuiUnitTradeInteract,,missing,
client.gui,LOTRGuiUnsmeltery,LOTRUnsmelteryScreen,ported,
client.gui,LOTRMapLabels,,missing,
client.gui.config,LOTRGuiConfig,,missing,
client.gui.config,LOTRGuiFactory,,missing,
client.model,LOTRArmorModels,,referenced,named in: LOTRArmorRenderers LOTRArnorHelmetModel LOTRBipedRenderer LOTRBlackNumenoreanHelmetModel ...
client.model,LOTRModelAleHorn,,referenced,named in: LOTRVesselModels
client.model,LOTRModelArmorStand,,excluded,
client.model,LOTRModelArnorHelmet,LOTRArnorHelmetModel,ported,
client.model,LOTRModelAurochs,LOTRAurochsModel,ported,
client.model,LOTRModelBalrog,,missing,
client.model,LOTRModelBanner,LOTRBannerModel,ported,
client.model,LOTRModelBannerWall,LOTRWallBannerBlock,ported,
client.model,LOTRModelBarrowWight,,missing,
client.model,LOTRModelBeacon,LOTRBeaconBlock LOTRBeaconBlockEntity LOTRBeaconScreen,ported,
client.model,LOTRModelBear,LOTRBearModel,ported,
client.model,LOTRModelBearRug,LOTRBearRugEntity,ported,
client.model,LOTRModelBiped,LOTRBipedModel,ported,
client.model,LOTRModelBird,LOTRBirdModel,ported,
client.model,LOTRModelBlackNumenoreanHelmet,LOTRBlackNumenoreanHelmetModel,ported,
client.model,LOTRModelBlackUrukHelmet,LOTRBlackUrukHelmetModel,ported,
client.model,LOTRModelBlock,,missing,
client.model,LOTRModelBoar,LOTRBoarModel,ported,
client.model,LOTRModelButterfly,LOTRButterflyModel,ported,
client.model,LOTRModelCamel,LOTRCamelModel,ported,
client.model,LOTRModelCompass,,missing,
client.model,LOTRModelCrocodile,LOTRCrocodileModel,ported,
client.model,LOTRModelDeer,LOTRDeerModel,ported,
client.model,LOTRModelDikDik,LOTRDikDikModel,ported,
client.model,LOTRModelDorwinionElfHelmet,,referenced,named in: LOTRDorwinionElvenHelmetModel
client.model,LOTRModelDwarf,LOTRDwarfModel,ported,
client.model,LOTRModelEasterlingHelmet,LOTREasterlingHelmetModel,ported,
client.model,LOTRModelElf,LOTRElfModel,ported,
client.model,LOTRModelElk,LOTRElkModel,ported,
client.model,LOTRModelEnt,,referenced,named in: LOTREntTrunkModel
client.model,LOTRModelFish,,missing,
client.model,LOTRModelFlamingo,LOTRFlamingoModel,ported,
client.model,LOTRModelGaladhrimHelmet,LOTRGaladhrimHelmetModel,ported,
client.model,LOTRModelGemsbok,LOTRGemsbokModel,ported,
client.model,LOTRModelGemsbokHelmet,LOTRGemsbokHelmetModel,ported,
client.model,LOTRModelGiraffe,LOTRGiraffeModel,ported,
client.model,LOTRModelGiraffeRug,LOTRGiraffeRugEntity,ported,
client.model,LOTRModelGlassBottle,,referenced,named in: LOTRVesselModels
client.model,LOTRModelGoblet,,referenced,named in: LOTRVesselModels
client.model,LOTRModelGollum,,missing,
client.model,LOTRModelGondolinHelmet,LOTRGondolinHelmetModel,ported,
client.model,LOTRModelGondorHelmet,LOTRGondorHelmetModel,ported,
client.model,LOTRModelGulfChestplate,,referenced,named in: LOTRGulfenChestplateModel
client.model,LOTRModelGundabadUrukHelmet,LOTRGundabadUrukHelmetModel,ported,
client.model,LOTRModelHalfTroll,,missing,
client.model,LOTRModelHaradRobes,,missing,
client.model,LOTRModelHaradTurban,,referenced,named in: LOTRDyedHeadModel
client.model,LOTRModelHarnedorChestplate,,referenced,named in: LOTRHarnennorChestplateModel
client.model,LOTRModelHarnedorHelmet,,referenced,named in: LOTRHarnennorHelmetModel
client.model,LOTRModelHeadPlate,LOTRPlateHeadRenderer,ported,
client.model,LOTRModelHighElvenHelmet,,referenced,named in: LOTRArmorRenderers LOTRLindonHelmetModel
client.model,LOTRModelHobbit,LOTRHobbitModel,ported,
client.model,LOTRModelHuman,LOTRHumanModel,ported,
client.model,LOTRModelHuorn,,missing,
client.model,LOTRModelKebabStand,LOTRKebabStandModel,ported,
client.model,LOTRModelLeatherHat,LOTRLeatherHatItem,ported,
client.model,LOTRModelLion,LOTRLionModel,ported,
client.model,LOTRModelLionOld,LOTRLionOldModel,ported,
client.model,LOTRModelLionRug,LOTRLionRugEntity,ported,
client.model,LOTRModelMallornEntTrophy,,missing,
client.model,LOTRModelMarshWraith,,missing,
client.model,LOTRModelMidge,LOTRMidgeModel,ported,
client.model,LOTRModelMoredainLionHelmet,,referenced,named in: LOTRMorwaithChieftainHelmetModel
client.model,LOTRModelMorgulHelmet,LOTRMorgulHelmetModel,ported,
client.model,LOTRModelMug,LOTRMugBlock LOTRMugBlockEntity LOTRMugRenderState LOTRMugRenderer,ported,
client.model,LOTRModelNearHaradWarlordHelmet,,referenced,named in: LOTRSouthronChampionHelmetModel
client.model,LOTRModelOrc,LOTROrcModel,ported,
client.model,LOTRModelPartyHat,,referenced,named in: LOTRDyedHeadModel
client.model,LOTRModelPortal,,missing,
client.model,LOTRModelRabbit,,missing,
client.model,LOTRModelRhino,LOTRRhinoModel,ported,
client.model,LOTRModelRohanMarshalHelmet,,referenced,named in: LOTRRohirricMarshalHelmetModel
client.model,LOTRModelSauron,,missing,
client.model,LOTRModelScorpion,LOTRScorpionModel,ported,
client.model,LOTRModelSkeleton,,missing,
client.model,LOTRModelSkullCup,,referenced,named in: LOTRVesselModels
client.model,LOTRModelSmokeShip,LOTRSmokeShipModel,ported,
client.model,LOTRModelSpider,LOTRSpiderModel,ported,
client.model,LOTRModelSwan,LOTRSwanModel,ported,
client.model,LOTRModelSwanChestplate,LOTRSwanChestplateModel,ported,
client.model,LOTRModelSwanHelmet,LOTRSwanHelmetModel,ported,
client.model,LOTRModelTauredainChieftainHelmet,,referenced,named in: LOTRTaurethrimChieftainHelmetModel
client.model,LOTRModelTauredainGoldHelmet,,referenced,named in: LOTRGoldenTaurethrimHelmetModel
client.model,LOTRModelTermite,LOTRTermiteModel,ported,
client.model,LOTRModelTroll,LOTRTrollModel,ported,
client.model,LOTRModelTrollTotem,LOTRTrollTotemModel,ported,
client.model,LOTRModelUmbarHelmet,,referenced,named in: LOTRUmbaricHelmetModel
client.model,LOTRModelUnsmeltery,LOTRUnsmelteryModel,ported,
client.model,LOTRModelUrukHelmet,LOTRUrukHelmetModel,ported,
client.model,LOTRModelWarg,LOTRWargModel,ported,
client.model,LOTRModelWargskinRug,LOTRWargskinRugEntity,ported,
client.model,LOTRModelWeaponRack,LOTRWeaponRackModel,ported,
client.model,LOTRModelWineGlass,,referenced,named in: LOTRVesselModels
client.model,LOTRModelWingedHelmet,,referenced,named in: LOTRGondorWingedHelmetModel
client.model,LOTRModelWizardHat,,missing,
client.render,LOTRBufferedImageIcon,,missing,
client.render,LOTRCloudRenderer,,missing,
client.render,LOTRConnectedTextures,,referenced,named in: LOTRConnectedBorder LOTRConnectedBorderSpriteSource LOTRGateBorders LOTRGateModel
client.render,LOTRDrinkIcons,,missing,
client.render,LOTRRenderBlocks,LOTRBlocks,ported,
client.render,LOTRRenderNorthernLights,,missing,
client.render,LOTRRenderPlayer,,missing,
client.render,LOTRRenderShield,,missing,
client.render,LOTRSkyRenderer,,missing,
client.render,LOTRWeatherRenderer,,missing,
client.render.entity,LOTRGlowingEyes,LOTRGlowingEyes,ported,
client.render.entity,LOTRHuornTextures,,missing,
client.render.entity,LOTRNPCRendering,,referenced,named in: LOTRBipedRenderer
client.render.entity,LOTRRandomSkins,LOTRRandomSkins,ported,
client.render.entity,LOTRRenderAlignmentBonus,,missing,
client.render.entity,LOTRRenderAngmarHillman,LOTRAngmarHillmanRenderer,ported,
client.render.entity,LOTRRenderArrowPoisoned,LOTRPoisonedArrowRenderer,ported,
client.render.entity,LOTRRenderAurochs,LOTRAurochsRenderer,ported,
client.render.entity,LOTRRenderBalrog,,missing,
client.render.entity,LOTRRenderBandit,,missing,with LOTREntityBandit
client.render.entity,LOTRRenderBanner,LOTRBannerRenderer,ported,
client.render.entity,LOTRRenderBannerWall,LOTRWallBannerBlock,ported,
client.render.entity,LOTRRenderBarrowWight,,missing,
client.render.entity,LOTRRenderBear,LOTRBearRenderer,ported,
client.render.entity,LOTRRenderBearRug,LOTRBearRugEntity,ported,
client.render.entity,LOTRRenderBiped,LOTRBipedRenderer,ported,
client.render.entity,LOTRRenderBird,LOTRBirdRenderer,ported,
client.render.entity,LOTRRenderBlacksmith,,missing,
client.render.entity,LOTRRenderBossTrophy,LOTRBossTrophyRenderer,ported,
client.render.entity,LOTRRenderBreeMan,LOTRBreeManRenderer,ported,
client.render.entity,LOTRRenderBreeRuffian,LOTRBreeManRenderer,merged,LOTRBreeManRenderer.ruffian (D9d-b)
client.render.entity,LOTRRenderBreeTrader,LOTRBreeManRenderer,merged,the trader outfit is LOTRBreeManRenderer.trader(outfit) (D9d)
client.render.entity,LOTRRenderButterfly,LOTRButterflyRenderer,ported,
client.render.entity,LOTRRenderCamel,LOTRCamelEntity LOTRCamelModel,ported,
client.render.entity,LOTRRenderCrocodile,LOTRCrocodileRenderer,ported,
client.render.entity,LOTRRenderCrossbowBolt,LOTRCrossbowBoltRenderer,ported,
client.render.entity,LOTRRenderDaleMan,,missing,
client.render.entity,LOTRRenderDaleTrader,,missing,
client.render.entity,LOTRRenderDart,LOTRDartRenderer,ported,
client.render.entity,LOTRRenderDeadMarshFace,,missing,
client.render.entity,LOTRRenderDeer,LOTRDeerRenderer,ported,
client.render.entity,LOTRRenderDikDik,LOTRDikDikRenderer,ported,
client.render.entity,LOTRRenderDorwinionElfVintner,LOTRElfRenderer,merged,"LOTRElfRenderer.cloaked(""dorwinion_vintner_cloak"") (D9g-d)"
client.render.entity,LOTRRenderDorwinionMan,LOTRDorwinionManRenderer,ported,
client.render.entity,LOTRRenderDunedain,,missing,
client.render.entity,LOTRRenderDunedainTrader,,missing,
client.render.entity,LOTRRenderDunlending,LOTRDunlendingRenderer,ported,
client.render.entity,LOTRRenderDunlendingBase,LOTRDunlendingRenderer,ported,
client.render.entity,LOTRRenderDwarf,LOTRDwarfRenderer,ported,
client.render.entity,LOTRRenderDwarfCommander,LOTRDwarfRenderer,merged,the cloak is LOTRDwarfRenderer.of(Kind.COMMANDER) (D9h)
client.render.entity,LOTRRenderDwarfSmith,LOTRDwarfRenderer,merged,the apron is LOTRDwarfRenderer.of(Kind.SMITH) (D9h)
client.render.entity,LOTRRenderEasterling,,missing,
client.render.entity,LOTRRenderEasterlingTrader,,missing,
client.render.entity,LOTRRenderElf,LOTRElfRenderer,ported,
client.render.entity,LOTRRenderElk,LOTRElkEntity LOTRElkModel,ported,
client.render.entity,LOTRRenderElvenSmith,LOTRElfRenderer,merged,LOTRElfRenderer.cloaked(cloak); the cape waits for NPC capes (D9g-a)
client.render.entity,LOTRRenderElvenTrader,LOTRElfRenderer,merged,LOTRElfRenderer.cloaked(cloak) (D9g-a)
client.render.entity,LOTRRenderEnt,,missing,
client.render.entity,LOTRRenderEntityBarrel,LOTRBarrelItem LOTRBarrelBlock LOTRBarrelMenu LOTRBarrelBlockEntity LOTRBarrelScreen,ported,
client.render.entity,LOTRRenderFallingCoinPile,,missing,
client.render.entity,LOTRRenderFallingFireJar,,missing,
client.render.entity,LOTRRenderFish,,missing,
client.render.entity,LOTRRenderFlamingo,LOTRFlamingoRenderer,ported,
client.render.entity,LOTRRenderGaladhrimWarden,LOTRElfRenderer,merged,the unseen warden in LOTRElfRenderer (D9g-a)
client.render.entity,LOTRRenderGandalf,,missing,
client.render.entity,LOTRRenderGandalfFireball,LOTRGandalfFireballRenderer,ported,
client.render.entity,LOTRRenderGemsbok,LOTRGemsbokRenderer,ported,
client.render.entity,LOTRRenderGiraffe,LOTRGiraffeEntity LOTRGiraffeModel,ported,
client.render.entity,LOTRRenderGiraffeRug,LOTRGiraffeRugEntity,ported,
client.render.entity,LOTRRenderGollum,,missing,
client.render.entity,LOTRRenderGondorMan,LOTRGondorManRenderer,ported,
client.render.entity,LOTRRenderGondorRenegade,LOTRGondorManRenderer,merged,LOTRGondorManRenderer.renegade (D9f-a)
client.render.entity,LOTRRenderGondorTrader,LOTRGondorManRenderer,merged,LOTRGondorManRenderer.trader(outfit) (D9f-a)
client.render.entity,LOTRRenderHalfTroll,,missing,
client.render.entity,LOTRRenderHalfTrollScavenger,,missing,
client.render.entity,LOTRRenderHaradSlave,LOTRHaradSlaveRenderer,ported,
client.render.entity,LOTRRenderHaradrimTrader,LOTRNearHaradrimRenderer,merged,the trader outfit is LOTRNearHaradrimRenderer.trader(outfit) (D9k-a)
client.render.entity,LOTRRenderHobbit,LOTRHobbitRenderer,ported,
client.render.entity,LOTRRenderHobbitTrader,,referenced,named in: LOTRHobbitRenderer
client.render.entity,LOTRRenderHorse,LOTRHorseEntity,ported,
client.render.entity,LOTRRenderHuorn,,missing,
client.render.entity,LOTRRenderInvasionSpawner,,missing,
client.render.entity,LOTRRenderKineAraw,LOTRKineArawEntity,ported,
client.render.entity,LOTRRenderLion,LOTRLionRenderer,ported,
client.render.entity,LOTRRenderLionRug,LOTRLionRugEntity,ported,
client.render.entity,LOTRRenderMallornEnt,,missing,
client.render.entity,LOTRRenderMallornLeafBomb,,missing,
client.render.entity,LOTRRenderMarshWraith,,missing,
client.render.entity,LOTRRenderMidges,LOTRMidgesRenderer,ported,
client.render.entity,LOTRRenderMirkTroll,,missing,
client.render.entity,LOTRRenderMirkwoodSpider,LOTRMirkwoodSpiderEntity,ported,
client.render.entity,LOTRRenderMordorSpider,LOTRMordorSpiderEntity,ported,
client.render.entity,LOTRRenderMoredain,,missing,
client.render.entity,LOTRRenderMountainTroll,,missing,
client.render.entity,LOTRRenderMountainTrollChieftain,,missing,
client.render.entity,LOTRRenderNPCRespawner,,missing,
client.render.entity,LOTRRenderNearHaradTrader,LOTRNearHaradrimRenderer,merged,the trader outfit is LOTRNearHaradrimRenderer.trader(outfit) (D9k-a)
client.render.entity,LOTRRenderNearHaradrim,LOTRNearHaradrimRenderer,ported,
client.render.entity,LOTRRenderNearHaradrimWarlord,LOTRNearHaradrimWarlordEntity,ported,
client.render.entity,LOTRRenderNurnSlave,,missing,
client.render.entity,LOTRRenderOlogHai,,missing,
client.render.entity,LOTRRenderOrc,LOTROrcRenderer,ported,
client.render.entity,LOTRRenderOrcBomb,LOTROrcBombBlock LOTROrcBombEntity,ported,
client.render.entity,LOTRRenderPlate,LOTRPlateEntityRenderer LOTRPlateRenderer,ported,
client.render.entity,LOTRRenderPortal,,missing,
client.render.entity,LOTRRenderRabbit,,missing,
client.render.entity,LOTRRenderRanger,,missing,
client.render.entity,LOTRRenderRhino,LOTRRhinoEntity LOTRRhinoModel,ported,
client.render.entity,LOTRRenderRohanTrader,LOTRRohirrimRenderer,merged,LOTRRohirrimRenderer.trader(outfit) (D9e)
client.render.entity,LOTRRenderRohirrim,LOTRRohirrimRenderer,ported,
client.render.entity,LOTRRenderRugBase,LOTRRugRenderer,ported,
client.render.entity,LOTRRenderSaruman,,missing,
client.render.entity,LOTRRenderSauron,,missing,
client.render.entity,LOTRRenderScorpion,LOTRScorpionRenderer,ported,
client.render.entity,LOTRRenderScrapTrader,,missing,
client.render.entity,LOTRRenderShirePony,LOTRShirePonyEntity,ported,
client.render.entity,LOTRRenderSkeleton,,missing,
client.render.entity,LOTRRenderSmokeRing,LOTRSmokeRingRenderer,ported,
client.render.entity,LOTRRenderSnowTroll,,missing,
client.render.entity,LOTRRenderSpear,,missing,
client.render.entity,LOTRRenderSpiderBase,LOTRSpiderRenderer,ported,
client.render.entity,LOTRRenderStoneTroll,LOTRStoneTrollRenderer,ported,
client.render.entity,LOTRRenderSwan,LOTRSwanRenderer,ported,
client.render.entity,LOTRRenderSwanKnight,LOTRGondorManRenderer,merged,LOTRGondorManRenderer.swanKnight (D9f-b)
client.render.entity,LOTRRenderSwordCommandMarker,,missing,
client.render.entity,LOTRRenderTauredain,,missing,
client.render.entity,LOTRRenderTauredainShaman,,missing,
client.render.entity,LOTRRenderTermite,LOTRTermiteRenderer,ported,
client.render.entity,LOTRRenderThrowingAxe,LOTRThrowingAxeRenderer,ported,
client.render.entity,LOTRRenderThrownRock,,missing,
client.render.entity,LOTRRenderTraderRespawn,LOTRTraderRespawnRenderer,ported,
client.render.entity,LOTRRenderTroll,LOTRTrollModel,ported,
client.render.entity,LOTRRenderUtumnoIceSpider,,missing,
client.render.entity,LOTRRenderUtumnoTroll,,missing,
client.render.entity,LOTRRenderWarg,LOTRWargRenderer,ported,
client.render.entity,LOTRRenderWargskinRug,LOTRWargskinRugEntity,ported,
client.render.entity,LOTRRenderWhiteOryx,LOTRWhiteOryxEntity,ported,
client.render.entity,LOTRRenderWickedDwarf,LOTRDwarfRenderer,merged,skins and apron are LOTRDwarfRenderer.of(Kind.WICKED) (D9h)
client.render.entity,LOTRRenderWildBoar,LOTRWildBoarEntity,ported,
client.render.entity,LOTRRenderWraithBall,,missing,
client.render.entity,LOTRRenderZebra,LOTRZebraEntity,ported,
client.render.entity,LOTRSwingHandler,,missing,
client.render.item,LOTRRenderBannerItem,LOTRBannerRenderer,ported,
client.render.item,LOTRRenderBlownItem,,missing,
client.render.item,LOTRRenderBow,LOTRBowItem,ported,
client.render.item,LOTRRenderCrossbow,LOTRCrossbowItem,ported,
client.render.item,LOTRRenderElvenBlade,LOTRElvenBladeItemModel,ported,
client.render.item,LOTRRenderInvTableCommand,,missing,
client.render.item,LOTRRenderLargeItem,,referenced,named in: LOTRItemModelProperties LOTRTridentItem
client.render.item,LOTRRenderSkullStaff,,missing,
client.render.tileentity,LOTRRenderAnimalJar,LOTRAnimalJarRenderer,ported,
client.render.tileentity,LOTRRenderArmorStand,,excluded,
client.render.tileentity,LOTRRenderBeacon,LOTRBeaconBlock LOTRBeaconBlockEntity LOTRBeaconScreen,ported,
client.render.tileentity,LOTRRenderChest,LOTRChestRenderer,ported,
client.render.tileentity,LOTRRenderCommandTable,,missing,
client.render.tileentity,LOTRRenderDartTrap,LOTRDartTrapBlock LOTRDartTrapBlockEntity,ported,
client.render.tileentity,LOTRRenderDwarvenDoor,LOTRDwarvenDoorBlock LOTRDwarvenDoorBlockEntity,ported,
client.render.tileentity,LOTRRenderDwarvenGlow,,missing,
client.render.tileentity,LOTRRenderElvenPortal,,missing,
client.render.tileentity,LOTRRenderEntJar,LOTREntJarRenderer,ported,
client.render.tileentity,LOTRRenderGuldurilGlow,,missing,
client.render.tileentity,LOTRRenderKebabStand,LOTRKebabStandRenderer,ported,
client.render.tileentity,LOTRRenderMorgulPortal,,missing,
client.render.tileentity,LOTRRenderMug,LOTRMugRenderer,ported,
client.render.tileentity,LOTRRenderPlateFood,,referenced,named in: LOTRPlateRenderer
client.render.tileentity,LOTRRenderSignCarved,LOTRCarvedSignRenderer,ported,
client.render.tileentity,LOTRRenderSignCarvedIthildin,,referenced,named in: LOTRCarvedSignRenderer
client.render.tileentity,LOTRRenderSpawnerChest,,missing,
client.render.tileentity,LOTRRenderTrollTotem,LOTRTrollTotemRenderer,ported,
client.render.tileentity,LOTRRenderUnsmeltery,LOTRUnsmelteryRenderer,ported,
client.render.tileentity,LOTRRenderUtumnoPortal,,missing,
client.render.tileentity,LOTRRenderUtumnoReturnPortal,LOTRUtumnoReturnPortalBaseBlock,ported,
client.render.tileentity,LOTRRenderWeaponRack,LOTRWeaponRackRenderer,ported,
client.render.tileentity,LOTRTileEntityMobSpawnerRenderer,,missing,
client.sound,LOTRAmbience,,missing,
client.sound,LOTRMusic,,missing,
client.sound,LOTRMusicCategory,,missing,
client.sound,LOTRMusicResourceManager,,missing,
client.sound,LOTRMusicTicker,,missing,
client.sound,LOTRMusicTrack,,missing,
client.sound,LOTRRegionTrackPool,,missing,
client.sound,LOTRTrackRegionInfo,,missing,
client.sound,LOTRTrackSorter,,missing,
common,LOTRAchievement,,referenced,named in: LOTRDwarvenDoorBlock
common,LOTRAchievementRank,,missing,
common,LOTRBannerProtection,,referenced,named in: LOTRBalrogWhipItem
common,LOTRCapes,,referenced,named in: LOTRBlackrootCaptainEntity LOTRDolAmrothCaptainEntity LOTRDorwinionCaptainEntity LOTRDorwinionElfCaptainEntity ...
common,LOTRChatEvents,,missing,
common,LOTRCommonProxy,,referenced,named in: LOTRBeaconBlock LOTRDartTrapBlock LOTRDartTrapBlockEntity
common,LOTRConfig,,referenced,named in: LOTRHiredNPCInfo LOTRNPCEntity LOTROrcSkirmishGoal LOTRSpeechClient ...
common,LOTRConfigBiomeID,,missing,
common,LOTRCreativeTabs,LOTRCreativeTabs,ported,
common,LOTRDamage,,referenced,named in: LOTRDamageTypes
common,LOTRDate,,missing,
common,LOTRDimension,LOTRDimension,ported,
common,LOTRDrunkenSpeech,LOTRDrunkenSpeech,ported,
common,LOTREventHandler,,referenced,named in: LOTRArmourSets LOTRAttackRules LOTRBlockBehaviours LOTRCauldronWashing ...
common,LOTRFoods,LOTRFoods,ported,
common,LOTRGreyWandererTracker,,missing,
common,LOTRGuiMessageTypes,,referenced,named in: LOTRAttackRules
common,LOTRInterModComms,,missing,
common,LOTRLevelData,LOTRLevelData,ported,
common,LOTRLore,,missing,
common,LOTRMod,LOTRMod,ported,
common,LOTRModInfo,,missing,
common,LOTRNetHandlerPlayServer,,missing,
common,LOTROptions,,referenced,named in: LOTRPlayerNPCOptions
common,LOTRPatron,,missing,
common,LOTRPlayerData,,referenced,named in: LOTRAlcoholTolerance LOTRPlayerAlignments LOTRPlayerNPCOptions LOTRPledgeCooldowns
common,LOTRPlayerQuestData,,missing,
common,LOTRPotionChanges,,missing,
common,LOTRReflection,,missing,
common,LOTRShields,,referenced,named in: LOTRAngmarHillmanWarriorEntity LOTRBlackUrukEntity LOTRBlackrootSoldierEntity LOTRBlueDwarfWarriorEntity ...
common,LOTRSpawnDamping,,missing,
common,LOTRSquadrons,,referenced,named in: LOTRCommandHornItem LOTRCommandSwordItem LOTRHiredNPCInfo LOTRHornSelectScreen
common,LOTRTickHandlerServer,,missing,
common,LOTRTime,,missing,
common,LOTRTitle,,missing,
common,LOTRTranslatorList,,missing,
common,RenewedBuildContestEntrants,,missing,
common.block,LOTRBlockAleHorn,,absorbed,backs 2 field(s): aleHornBlock aleHornGoldBlock
common.block,LOTRBlockAlloyForge,,absorbed,backs 1 field(s): alloyForge
common.block,LOTRBlockAngmarTable,,absorbed,backs 1 field(s): angmarTable
common.block,LOTRBlockAnimalJar,LOTRAnimalJarBlock,ported,
common.block,LOTRBlockArmorStand,,excluded,
common.block,LOTRBlockBanana,,absorbed,backs 1 field(s): bananaBlock
common.block,LOTRBlockBarrel,LOTRBarrelBlock,ported,
common.block,LOTRBlockBars,,absorbed,backs 11 field(s): blueDwarfBars bronzeBars dwarfBars galadhrimBars goldBars highElfBars ...
common.block,LOTRBlockBeacon,LOTRBeaconBlock,ported,
common.block,LOTRBlockBed,LOTRBedBlock,ported,
common.block,LOTRBlockBerryBush,LOTRBerryBushBlock,ported,
common.block,LOTRBlockBirdCage,,absorbed,backs 1 field(s): birdCage
common.block,LOTRBlockBirdCageWood,,absorbed,backs 1 field(s): birdCageWood
common.block,LOTRBlockBlackroot,,absorbed,backs 1 field(s): blackroot
common.block,LOTRBlockBlueDwarvenTable,,absorbed,backs 1 field(s): blueDwarvenTable
common.block,LOTRBlockBone,,absorbed,backs 1 field(s): boneBlock
common.block,LOTRBlockBookshelfStorage,,missing,backs 1 field(s): bookshelfStorage
common.block,LOTRBlockBreeTable,,absorbed,backs 1 field(s): breeTable
common.block,LOTRBlockBrick,,absorbed,backs 1 field(s): brick
common.block,LOTRBlockBrick2,,absorbed,backs 1 field(s): brick2
common.block,LOTRBlockBrick3,,absorbed,backs 1 field(s): brick3
common.block,LOTRBlockBrick4,,absorbed,backs 1 field(s): brick4
common.block,LOTRBlockBrick5,,absorbed,backs 1 field(s): brick5
common.block,LOTRBlockBrick6,,absorbed,backs 1 field(s): brick6
common.block,LOTRBlockBrickBase,,base,extended by: LOTRBlockBrick LOTRBlockBrick2 LOTRBlockBrick3 LOTRBlockBrick4 LOTRBlockBrick5 LOTRBlockBrick6 ...
common.block,LOTRBlockButterflyJar,,absorbed,backs 1 field(s): butterflyJar
common.block,LOTRBlockButton,,absorbed,backs 6 field(s): buttonBlueRock buttonChalk buttonGondorRock buttonMordorRock buttonRedRock buttonRohanRock
common.block,LOTRBlockChandelier,LOTRChandelierBlock,ported,
common.block,LOTRBlockChest,LOTRChestBlock,ported,
common.block,LOTRBlockClayMug,,absorbed,backs 1 field(s): ceramicMugBlock
common.block,LOTRBlockClayTile,,absorbed,backs 1 field(s): clayTile
common.block,LOTRBlockClayTileDyed,,absorbed,backs 1 field(s): clayTileDyed
common.block,LOTRBlockClover,,absorbed,backs 1 field(s): clover
common.block,LOTRBlockCobblebrick,,absorbed,backs 1 field(s): cobblebrick
common.block,LOTRBlockCommandTable,,absorbed,backs 1 field(s): commandTable
common.block,LOTRBlockCoralReef,,missing,backs 1 field(s): coralReef
common.block,LOTRBlockCorn,LOTRCornBlock,ported,
common.block,LOTRBlockCorruptMallorn,,absorbed,backs 1 field(s): corruptMallorn
common.block,LOTRBlockCraftingTable,LOTRCraftingTableBlock,ported,
common.block,LOTRBlockDaleTable,,absorbed,backs 1 field(s): daleTable
common.block,LOTRBlockDartTrap,LOTRDartTrapBlock,ported,
common.block,LOTRBlockDate,,absorbed,backs 1 field(s): dateBlock
common.block,LOTRBlockDaub,,absorbed,backs 1 field(s): daub
common.block,LOTRBlockDeadPlant,,absorbed,backs 1 field(s): deadPlant
common.block,LOTRBlockDirtPath,,absorbed,backs 1 field(s): dirtPath
common.block,LOTRBlockDolAmrothTable,,absorbed,backs 1 field(s): dolAmrothTable
common.block,LOTRBlockDolGuldurTable,,absorbed,backs 1 field(s): dolGuldurTable
common.block,LOTRBlockDoor,,absorbed,backs 44 field(s): doorAcacia doorAlmond doorApple doorAspen doorBanana doorBaobab ...
common.block,LOTRBlockDorwinionTable,,absorbed,backs 1 field(s): dorwinionTable
common.block,LOTRBlockDoubleFlower,,absorbed,backs 1 field(s): doubleFlower
common.block,LOTRBlockDoubleTorch,LOTRDoubleTorchBlock,ported,
common.block,LOTRBlockDunlendingTable,,absorbed,backs 1 field(s): dunlendingTable
common.block,LOTRBlockDwarvenForge,,absorbed,backs 1 field(s): dwarvenForge
common.block,LOTRBlockDwarvenTable,,absorbed,backs 1 field(s): dwarvenTable
common.block,LOTRBlockElvenForge,,absorbed,backs 1 field(s): elvenForge
common.block,LOTRBlockElvenPortal,,missing,backs 1 field(s): elvenPortal
common.block,LOTRBlockElvenTable,,absorbed,backs 1 field(s): elvenTable
common.block,LOTRBlockElvenTorch,,absorbed,backs 1 field(s): highElvenTorch
common.block,LOTRBlockEntJar,LOTREntJarBlock,ported,
common.block,LOTRBlockFallenLeaves,LOTRFallenLeavesBlock,ported,
common.block,LOTRBlockFangornPlant,,absorbed,backs 1 field(s): fangornPlant
common.block,LOTRBlockFangornRiverweed,,absorbed,backs 1 field(s): fangornRiverweed
common.block,LOTRBlockFence,,absorbed,backs 4 field(s): fence fence2 fence3 fenceRotten
common.block,LOTRBlockFenceGate,,absorbed,backs 44 field(s): fenceGateAcacia fenceGateAlmond fenceGateApple fenceGateAspen fenceGateBanana fenceGateBaobab ...
common.block,LOTRBlockFenceVanilla,,missing,
common.block,LOTRBlockFlaxCrop,,absorbed,backs 1 field(s): flaxCrop
common.block,LOTRBlockFlower,,absorbed,backs 11 field(s): asphodel athelas bluebell dwarfHerb elanor flaxPlant ...
common.block,LOTRBlockFlowerPot,,absorbed,backs 1 field(s): flowerPot
common.block,LOTRBlockForgeBase,LOTRForgeBlock,ported,
common.block,LOTRBlockFruitLeaves,,absorbed,backs 1 field(s): fruitLeaves
common.block,LOTRBlockFruitSapling,,absorbed,backs 1 field(s): fruitSapling
common.block,LOTRBlockFruitWood,,absorbed,backs 1 field(s): fruitWood
common.block,LOTRBlockGate,LOTRGateBlock,ported,
common.block,LOTRBlockGateDwarven,,absorbed,backs 1 field(s): dwarvenDoor
common.block,LOTRBlockGateDwarvenIthildin,,absorbed,backs 1 field(s): dwarvenDoorIthildin
common.block,LOTRBlockGemStorage,,absorbed,backs 1 field(s): blockGem
common.block,LOTRBlockGlass,,absorbed,backs 1 field(s): glass
common.block,LOTRBlockGlassBottle,,absorbed,backs 1 field(s): glassBottleBlock
common.block,LOTRBlockGlassPane,,absorbed,backs 1 field(s): glassPane
common.block,LOTRBlockGoblet,,absorbed,backs 4 field(s): gobletCopperBlock gobletGoldBlock gobletSilverBlock gobletWoodBlock
common.block,LOTRBlockGondorianTable,,absorbed,backs 1 field(s): gondorianTable
common.block,LOTRBlockGoran,LOTRGoranBlock,ported,
common.block,LOTRBlockGrapevine,LOTRGrapevineBlock,ported,
common.block,LOTRBlockGrapevineRed,,absorbed,backs 1 field(s): grapevineRed
common.block,LOTRBlockGrapevineWhite,,absorbed,backs 1 field(s): grapevineWhite
common.block,LOTRBlockGrass,,absorbed,backs 1 field(s): aridGrass
common.block,LOTRBlockGravel,,excluded,
common.block,LOTRBlockGuldurilBrick,,absorbed,backs 1 field(s): guldurilBrick
common.block,LOTRBlockGulfTable,,absorbed,backs 1 field(s): gulfTable
common.block,LOTRBlockGundabadTable,,absorbed,backs 1 field(s): gundabadTable
common.block,LOTRBlockHalfTrollTable,,absorbed,backs 1 field(s): halfTrollTable
common.block,LOTRBlockHangingFruit,LOTRHangingFruitBlock,ported,
common.block,LOTRBlockHaradFlower,,absorbed,backs 1 field(s): haradFlower
common.block,LOTRBlockHearth,,absorbed,backs 1 field(s): hearth
common.block,LOTRBlockHighElvenTable,,absorbed,backs 1 field(s): highElvenTable
common.block,LOTRBlockHithlainRope,,absorbed,backs 1 field(s): hithlainLadder
common.block,LOTRBlockHobbitOven,LOTRHobbitOvenBlock,ported,
common.block,LOTRBlockHobbitTable,,absorbed,backs 1 field(s): hobbitTable
common.block,LOTRBlockKebab,LOTRKebabItem,ported,
common.block,LOTRBlockKebabStand,LOTRKebabStandBlock,ported,
common.block,LOTRBlockLadder,,absorbed,backs 1 field(s): mallornLadder
common.block,LOTRBlockLeaves,,absorbed,backs 1 field(s): leaves
common.block,LOTRBlockLeaves2,,absorbed,backs 1 field(s): leaves2
common.block,LOTRBlockLeaves3,,absorbed,backs 1 field(s): leaves3
common.block,LOTRBlockLeaves4,,absorbed,backs 1 field(s): leaves4
common.block,LOTRBlockLeaves5,,absorbed,backs 1 field(s): leaves5
common.block,LOTRBlockLeaves6,,absorbed,backs 1 field(s): leaves6
common.block,LOTRBlockLeaves7,,absorbed,backs 1 field(s): leaves7
common.block,LOTRBlockLeaves8,,absorbed,backs 1 field(s): leaves8
common.block,LOTRBlockLeaves9,,absorbed,backs 1 field(s): leaves9
common.block,LOTRBlockLeavesBase,,referenced,named in: LOTRBlockLootProvider LOTRBlocks LOTRCreativeTabs LOTRFallenLeavesPlugin ...
common.block,LOTRBlockLeavesVanilla1,,missing,
common.block,LOTRBlockLeavesVanilla2,,missing,
common.block,LOTRBlockLeekCrop,,absorbed,backs 1 field(s): leekCrop
common.block,LOTRBlockLettuceCrop,,absorbed,backs 1 field(s): lettuceCrop
common.block,LOTRBlockMallornTorch,,absorbed,backs 4 field(s): mallornTorchBlue mallornTorchGold mallornTorchGreen mallornTorchSilver
common.block,LOTRBlockMarshLights,LOTRMarshLightsBlock,ported,
common.block,LOTRBlockMechanisedRail,LOTRMechanisedRailBlock,ported,
common.block,LOTRBlockMillstone,LOTRMillstoneBlock,ported,
common.block,LOTRBlockMobSpawner,,absorbed,backs 1 field(s): mobSpawner
common.block,LOTRBlockMordorDirt,,absorbed,backs 1 field(s): mordorDirt
common.block,LOTRBlockMordorGrass,,absorbed,backs 1 field(s): mordorGrass
common.block,LOTRBlockMordorMoss,,absorbed,backs 1 field(s): mordorMoss
common.block,LOTRBlockMordorPlant,,referenced,named in: LOTRPlantBlock
common.block,LOTRBlockMordorThorn,,absorbed,backs 1 field(s): mordorThorn
common.block,LOTRBlockMoredainTable,,absorbed,backs 1 field(s): moredainTable
common.block,LOTRBlockMorgulFlower,,absorbed,backs 1 field(s): morgulFlower
common.block,LOTRBlockMorgulPortal,,missing,backs 1 field(s): morgulPortal
common.block,LOTRBlockMorgulShroom,LOTRMorgulShroomBlock,ported,
common.block,LOTRBlockMorgulTable,,absorbed,backs 1 field(s): morgulTable
common.block,LOTRBlockMorgulTorch,,absorbed,backs 1 field(s): morgulTorch
common.block,LOTRBlockMud,,absorbed,backs 1 field(s): mud
common.block,LOTRBlockMudFarmland,,absorbed,backs 1 field(s): mudFarmland
common.block,LOTRBlockMudGrass,,absorbed,backs 1 field(s): mudGrass
common.block,LOTRBlockMug,LOTRMugBlock,ported,
common.block,LOTRBlockNearHaradTable,,absorbed,backs 1 field(s): nearHaradTable
common.block,LOTRBlockObsidianGravel,,absorbed,backs 1 field(s): obsidianGravel
common.block,LOTRBlockOrcBomb,LOTROrcBombBlock,ported,
common.block,LOTRBlockOrcChain,LOTROrcChainBlock,ported,
common.block,LOTRBlockOrcForge,,absorbed,backs 1 field(s): orcForge
common.block,LOTRBlockOrcPlating,,absorbed,backs 1 field(s): orcPlating
common.block,LOTRBlockOre,,absorbed,backs 10 field(s): oreCopper oreGlowstone oreMithril oreNaurite oreQuendite oreSalt ...
common.block,LOTRBlockOreGem,,absorbed,backs 1 field(s): oreGem
common.block,LOTRBlockOreMordorVariant,,absorbed,backs 2 field(s): oreGulduril oreMorgulIron
common.block,LOTRBlockOreStorage,,absorbed,backs 1 field(s): blockOreStorage
common.block,LOTRBlockOreStorage2,,absorbed,backs 1 field(s): blockOreStorage2
common.block,LOTRBlockOreStorageBase,,referenced,named in: LOTRBlocks
common.block,LOTRBlockPane,,referenced,named in: LOTRCreativeTabs
common.block,LOTRBlockPillar,LOTRPillarBlock,ported,
common.block,LOTRBlockPillar2,,absorbed,backs 1 field(s): pillar2
common.block,LOTRBlockPillar3,,absorbed,backs 1 field(s): pillar3
common.block,LOTRBlockPillarBase,LOTRPillarBlock,ported,
common.block,LOTRBlockPipeweedCrop,,absorbed,backs 1 field(s): pipeweedCrop
common.block,LOTRBlockPipeweedPlant,,absorbed,backs 1 field(s): pipeweedPlant
common.block,LOTRBlockPlaceableFood,LOTRPlaceableFoodBlock,ported,
common.block,LOTRBlockPlanks,,absorbed,backs 1 field(s): planks
common.block,LOTRBlockPlanks2,,absorbed,backs 1 field(s): planks2
common.block,LOTRBlockPlanks3,,absorbed,backs 1 field(s): planks3
common.block,LOTRBlockPlanksBase,,base,extended by: LOTRBlockPlanks LOTRBlockPlanks2 LOTRBlockPlanks3 LOTRBlockPlanksRotten
common.block,LOTRBlockPlanksRotten,,absorbed,backs 1 field(s): planksRotten
common.block,LOTRBlockPlate,LOTRPlateBlock,ported,
common.block,LOTRBlockPortal,,base,extended by: LOTRBlockElvenPortal LOTRBlockMorgulPortal
common.block,LOTRBlockPressurePlate,,absorbed,backs 6 field(s): pressurePlateBlueRock pressurePlateChalk pressurePlateGondorRock pressurePlateMordorRock pressurePlateRedRock pressurePlateRohanRock
common.block,LOTRBlockQuagmire,LOTRQuagmireBlock,ported,
common.block,LOTRBlockQuenditeGrass,,absorbed,backs 1 field(s): quenditeGrass
common.block,LOTRBlockRangerTable,,absorbed,backs 1 field(s): rangerTable
common.block,LOTRBlockRedBrick,,absorbed,backs 1 field(s): redBrick
common.block,LOTRBlockRedClay,,absorbed,backs 1 field(s): redClay
common.block,LOTRBlockReed,LOTRReedBlock,ported,
common.block,LOTRBlockReedBars,,absorbed,backs 1 field(s): reedBars
common.block,LOTRBlockReedDry,,absorbed,backs 1 field(s): driedReeds
common.block,LOTRBlockRemains,,absorbed,backs 1 field(s): remains
common.block,LOTRBlockReplacement,,missing,
common.block,LOTRBlockRhunFire,,absorbed,backs 1 field(s): rhunFire
common.block,LOTRBlockRhunFireJar,,absorbed,backs 1 field(s): rhunFireJar
common.block,LOTRBlockRhunFlower,,absorbed,backs 1 field(s): rhunFlower
common.block,LOTRBlockRhunTable,,absorbed,backs 1 field(s): rhunTable
common.block,LOTRBlockRivendellTable,,absorbed,backs 1 field(s): rivendellTable
common.block,LOTRBlockRock,,absorbed,backs 1 field(s): rock
common.block,LOTRBlockRohirricTable,,absorbed,backs 1 field(s): rohirricTable
common.block,LOTRBlockRope,LOTRRopeBlock,ported,
common.block,LOTRBlockRottenLog,,absorbed,backs 1 field(s): rottenLog
common.block,LOTRBlockRottenSlab,,absorbed,backs 2 field(s): rottenSlabDouble rottenSlabSingle
common.block,LOTRBlockSand,,absorbed,backs 1 field(s): whiteSand
common.block,LOTRBlockSandstone,,absorbed,backs 2 field(s): redSandstone whiteSandstone
common.block,LOTRBlockSapling,LOTRSaplingBlock,ported,
common.block,LOTRBlockSapling2,,absorbed,backs 1 field(s): sapling2
common.block,LOTRBlockSapling3,,absorbed,backs 1 field(s): sapling3
common.block,LOTRBlockSapling4,,absorbed,backs 1 field(s): sapling4
common.block,LOTRBlockSapling5,,absorbed,backs 1 field(s): sapling5
common.block,LOTRBlockSapling6,,absorbed,backs 1 field(s): sapling6
common.block,LOTRBlockSapling7,,absorbed,backs 1 field(s): sapling7
common.block,LOTRBlockSapling8,,absorbed,backs 1 field(s): sapling8
common.block,LOTRBlockSapling9,,absorbed,backs 1 field(s): sapling9
common.block,LOTRBlockSaplingBase,LOTRSaplingBlock,ported,
common.block,LOTRBlockScorchedSlab,,absorbed,backs 2 field(s): scorchedSlabDouble scorchedSlabSingle
common.block,LOTRBlockScorchedStone,,absorbed,backs 1 field(s): scorchedStone
common.block,LOTRBlockScorchedWall,,absorbed,backs 1 field(s): scorchedWall
common.block,LOTRBlockSignCarved,LOTRCarvedSignBlock,ported,
common.block,LOTRBlockSkullCup,,absorbed,backs 1 field(s): skullCupBlock
common.block,LOTRBlockSlab,,absorbed,backs 2 field(s): slabDouble slabSingle
common.block,LOTRBlockSlab10,,absorbed,backs 2 field(s): slabDouble10 slabSingle10
common.block,LOTRBlockSlab11,,absorbed,backs 2 field(s): slabDouble11 slabSingle11
common.block,LOTRBlockSlab12,,absorbed,backs 2 field(s): slabDouble12 slabSingle12
common.block,LOTRBlockSlab13,,absorbed,backs 2 field(s): slabDouble13 slabSingle13
common.block,LOTRBlockSlab14,,absorbed,backs 2 field(s): slabDouble14 slabSingle14
common.block,LOTRBlockSlab2,,absorbed,backs 2 field(s): slabDouble2 slabSingle2
common.block,LOTRBlockSlab3,,absorbed,backs 2 field(s): slabDouble3 slabSingle3
common.block,LOTRBlockSlab4,,absorbed,backs 2 field(s): slabDouble4 slabSingle4
common.block,LOTRBlockSlab5,,absorbed,backs 2 field(s): slabDouble5 slabSingle5
common.block,LOTRBlockSlab6,,absorbed,backs 2 field(s): slabDouble6 slabSingle6
common.block,LOTRBlockSlab7,,absorbed,backs 2 field(s): slabDouble7 slabSingle7
common.block,LOTRBlockSlab8,,absorbed,backs 2 field(s): slabDouble8 slabSingle8
common.block,LOTRBlockSlab9,,absorbed,backs 2 field(s): slabDouble9 slabSingle9
common.block,LOTRBlockSlabBase,,referenced,named in: LOTRBlockTagProvider
common.block,LOTRBlockSlabBone,,absorbed,backs 2 field(s): slabBoneDouble slabBoneSingle
common.block,LOTRBlockSlabClayTile,,absorbed,backs 2 field(s): slabClayTileDouble slabClayTileSingle
common.block,LOTRBlockSlabClayTileDyed,,absorbed,backs 2 field(s): slabClayTileDyedDouble slabClayTileDyedSingle
common.block,LOTRBlockSlabClayTileDyed2,,absorbed,backs 2 field(s): slabClayTileDyedDouble2 slabClayTileDyedSingle2
common.block,LOTRBlockSlabDirt,,absorbed,backs 2 field(s): slabDoubleDirt slabSingleDirt
common.block,LOTRBlockSlabFalling,,base,extended by: LOTRBlockSlabGravel LOTRBlockSlabSand
common.block,LOTRBlockSlabGravel,,absorbed,backs 2 field(s): slabDoubleGravel slabSingleGravel
common.block,LOTRBlockSlabSand,,absorbed,backs 2 field(s): slabDoubleSand slabSingleSand
common.block,LOTRBlockSlabThatch,,absorbed,backs 2 field(s): slabDoubleThatch slabSingleThatch
common.block,LOTRBlockSlabV,,absorbed,backs 2 field(s): slabDoubleV slabSingleV
common.block,LOTRBlockSmoothStone,,absorbed,backs 1 field(s): smoothStone
common.block,LOTRBlockSmoothStoneBase,,base,extended by: LOTRBlockSmoothStone LOTRBlockSmoothStoneV
common.block,LOTRBlockSmoothStoneV,,absorbed,backs 1 field(s): smoothStoneV
common.block,LOTRBlockSpawnerChest,,missing,backs 3 field(s): spawnerChest spawnerChestAncientHarad spawnerChestStone
common.block,LOTRBlockStainedGlass,,absorbed,backs 1 field(s): stainedGlass
common.block,LOTRBlockStainedGlassPane,,absorbed,backs 1 field(s): stainedGlassPane
common.block,LOTRBlockStairs,,absorbed,backs 136 field(s): stairsAlmond stairsAngmarBrick stairsAngmarBrickCracked stairsAngmarBrickSnow stairsApple stairsArnorBrick ...
common.block,LOTRBlockStalactite,LOTRStalactiteBlock,ported,
common.block,LOTRBlockTallGrass,,absorbed,backs 1 field(s): tallGrass
common.block,LOTRBlockTauredainTable,,absorbed,backs 1 field(s): tauredainTable
common.block,LOTRBlockTermite,LOTRTermiteEntity LOTRTermiteRenderer LOTRTermiteModel,ported,
common.block,LOTRBlockThatch,,absorbed,backs 1 field(s): thatch
common.block,LOTRBlockThatchFloor,,absorbed,backs 1 field(s): thatchFloor
common.block,LOTRBlockTorch,LOTRTorchBlock,ported,
common.block,LOTRBlockTrapdoor,,absorbed,backs 44 field(s): trapdoorAcacia trapdoorAlmond trapdoorApple trapdoorAspen trapdoorBanana trapdoorBaobab ...
common.block,LOTRBlockTreasurePile,LOTRTreasurePileBlock,ported,
common.block,LOTRBlockTrollTotem,LOTRTrollTotemBlock,ported,
common.block,LOTRBlockTurnipCrop,,absorbed,backs 1 field(s): turnipCrop
common.block,LOTRBlockUmbarTable,,absorbed,backs 1 field(s): umbarTable
common.block,LOTRBlockUnsmeltery,LOTRUnsmelteryBlock,ported,
common.block,LOTRBlockUrukTable,,absorbed,backs 1 field(s): urukTable
common.block,LOTRBlockUtumnoBrick,,absorbed,backs 1 field(s): utumnoBrick
common.block,LOTRBlockUtumnoBrickEntrance,,missing,backs 1 field(s): utumnoBrickEntrance
common.block,LOTRBlockUtumnoPillar,,absorbed,backs 1 field(s): utumnoPillar
common.block,LOTRBlockUtumnoPortal,,missing,backs 1 field(s): utumnoPortal
common.block,LOTRBlockUtumnoReturnLight,LOTRUtumnoReturnLightBlock,ported,
common.block,LOTRBlockUtumnoReturnPortal,LOTRUtumnoReturnPortalBaseBlock,ported,
common.block,LOTRBlockUtumnoReturnPortalBase,LOTRUtumnoReturnPortalBaseBlock,ported,
common.block,LOTRBlockUtumnoSlab,,absorbed,backs 2 field(s): slabUtumnoDouble slabUtumnoSingle
common.block,LOTRBlockUtumnoSlab2,,absorbed,backs 2 field(s): slabUtumnoDouble2 slabUtumnoSingle2
common.block,LOTRBlockUtumnoSlabBase,,base,extended by: LOTRBlockUtumnoSlab LOTRBlockUtumnoSlab2
common.block,LOTRBlockUtumnoStairs,,absorbed,backs 6 field(s): stairsUtumnoBrickFire stairsUtumnoBrickIce stairsUtumnoBrickObsidian stairsUtumnoTileFire stairsUtumnoTileIce stairsUtumnoTileObsidian
common.block,LOTRBlockUtumnoWall,,absorbed,backs 1 field(s): wallUtumno
common.block,LOTRBlockVine,,absorbed,backs 2 field(s): mirkVines willowVines
common.block,LOTRBlockWall,,absorbed,backs 1 field(s): wall
common.block,LOTRBlockWall2,,absorbed,backs 1 field(s): wall2
common.block,LOTRBlockWall3,,absorbed,backs 1 field(s): wall3
common.block,LOTRBlockWall4,,absorbed,backs 1 field(s): wall4
common.block,LOTRBlockWall5,,absorbed,backs 1 field(s): wall5
common.block,LOTRBlockWallBase,,base,extended by: LOTRBlockScorchedWall LOTRBlockUtumnoWall LOTRBlockWall LOTRBlockWall2 LOTRBlockWall3 LOTRBlockWall4 ...
common.block,LOTRBlockWallBone,,absorbed,backs 1 field(s): wallBone
common.block,LOTRBlockWallClayTile,,absorbed,backs 1 field(s): wallClayTile
common.block,LOTRBlockWallClayTileDyed,,absorbed,backs 1 field(s): wallClayTileDyed
common.block,LOTRBlockWallV,,absorbed,backs 1 field(s): wallStoneV
common.block,LOTRBlockWaste,LOTRWasteBlock,ported,
common.block,LOTRBlockWeaponRack,LOTRWeaponRackBlock,ported,
common.block,LOTRBlockWineGlass,,absorbed,backs 1 field(s): wineGlassBlock
common.block,LOTRBlockWood,,absorbed,backs 1 field(s): wood
common.block,LOTRBlockWood2,,absorbed,backs 1 field(s): wood2
common.block,LOTRBlockWood3,,absorbed,backs 1 field(s): wood3
common.block,LOTRBlockWood4,,absorbed,backs 1 field(s): wood4
common.block,LOTRBlockWood5,,absorbed,backs 1 field(s): wood5
common.block,LOTRBlockWood6,,absorbed,backs 1 field(s): wood6
common.block,LOTRBlockWood7,,absorbed,backs 1 field(s): wood7
common.block,LOTRBlockWood8,,absorbed,backs 1 field(s): wood8
common.block,LOTRBlockWood9,,absorbed,backs 1 field(s): wood9
common.block,LOTRBlockWoodBars,,absorbed,backs 3 field(s): galadhrimWoodBars highElfWoodBars woodElfWoodBars
common.block,LOTRBlockWoodBase,,base,extended by: LOTRBlockFruitWood LOTRBlockRottenLog LOTRBlockWood LOTRBlockWood2 LOTRBlockWood3 LOTRBlockWood4 ...
common.block,LOTRBlockWoodBeam,,base,extended by: LOTRBlockWoodBeam1 LOTRBlockWoodBeam2 LOTRBlockWoodBeam3 LOTRBlockWoodBeam4 LOTRBlockWoodBeam5 LOTRBlockWoodBeam6 ...
common.block,LOTRBlockWoodBeam1,,absorbed,backs 1 field(s): woodBeam1
common.block,LOTRBlockWoodBeam2,,absorbed,backs 1 field(s): woodBeam2
common.block,LOTRBlockWoodBeam3,,absorbed,backs 1 field(s): woodBeam3
common.block,LOTRBlockWoodBeam4,,absorbed,backs 1 field(s): woodBeam4
common.block,LOTRBlockWoodBeam5,,absorbed,backs 1 field(s): woodBeam5
common.block,LOTRBlockWoodBeam6,,absorbed,backs 1 field(s): woodBeam6
common.block,LOTRBlockWoodBeam7,,absorbed,backs 1 field(s): woodBeam7
common.block,LOTRBlockWoodBeam8,,absorbed,backs 1 field(s): woodBeam8
common.block,LOTRBlockWoodBeam9,,absorbed,backs 1 field(s): woodBeam9
common.block,LOTRBlockWoodBeamFruit,,absorbed,backs 1 field(s): woodBeamFruit
common.block,LOTRBlockWoodBeamRotten,,absorbed,backs 1 field(s): woodBeamRotten
common.block,LOTRBlockWoodBeamS,,absorbed,backs 1 field(s): woodBeamS
common.block,LOTRBlockWoodBeamV1,,absorbed,backs 1 field(s): woodBeamV1
common.block,LOTRBlockWoodBeamV2,,absorbed,backs 1 field(s): woodBeamV2
common.block,LOTRBlockWoodElvenTable,,absorbed,backs 1 field(s): woodElvenTable
common.block,LOTRBlockWoodElvenTorch,,absorbed,backs 1 field(s): woodElvenTorch
common.block,LOTRBlockWoodSlab,,absorbed,backs 2 field(s): woodSlabDouble woodSlabSingle
common.block,LOTRBlockWoodSlab2,,absorbed,backs 2 field(s): woodSlabDouble2 woodSlabSingle2
common.block,LOTRBlockWoodSlab3,,absorbed,backs 2 field(s): woodSlabDouble3 woodSlabSingle3
common.block,LOTRBlockWoodSlab4,,absorbed,backs 2 field(s): woodSlabDouble4 woodSlabSingle4
common.block,LOTRBlockWoodSlab5,,absorbed,backs 2 field(s): woodSlabDouble5 woodSlabSingle5
common.block,LOTRBlockYamCrop,,absorbed,backs 1 field(s): yamCrop
common.block,LOTRConnectedBlock,,missing,
common.block,LOTRItemBlockWeaponRack,LOTRWeaponRackBlock LOTRWeaponRackBlockEntity LOTRWeaponRackRenderState LOTRWeaponRackRenderer LOTRWeaponRackModel,ported,
common.block,LOTRItemPlantableBlock,,missing,
common.block,LOTRMaterialRemains,,missing,
common.block,LOTRVanillaSaplings,,missing,
common.command,LOTRCommandAchievement,,missing,
common.command,LOTRCommandAdminHideMap,,missing,
common.command,LOTRCommandAlignment,LOTRAlignmentCommand,ported,
common.command,LOTRCommandAlignmentSee,,missing,
common.command,LOTRCommandAllowStructures,,missing,
common.command,LOTRCommandBanStructures,,missing,
common.command,LOTRCommandConquest,,missing,
common.command,LOTRCommandDate,,missing,
common.command,LOTRCommandEnableAlignmentZones,,referenced,named in: LOTRAlignmentCommand
common.command,LOTRCommandEnchant,,missing,
common.command,LOTRCommandFactionRelations,,referenced,named in: LOTRAlignmentCommand
common.command,LOTRCommandFastTravelClock,,missing,
common.command,LOTRCommandFellowship,,missing,
common.command,LOTRCommandFellowshipMessage,,missing,
common.command,LOTRCommandInvasion,,missing,
common.command,LOTRCommandMessageFixed,,missing,
common.command,LOTRCommandPledgeCooldown,,missing,
common.command,LOTRCommandSpawnDamping,,missing,
common.command,LOTRCommandStrScan,,missing,
common.command,LOTRCommandStructureTimelapse,,missing,
common.command,LOTRCommandSummon,,missing,
common.command,LOTRCommandTime,,missing,
common.command,LOTRCommandTimeVanilla,,missing,
common.command,LOTRCommandWaypointCooldown,,missing,
common.command,LOTRCommandWaypoints,,missing,
common.coremod,LOTRClassTransformer,,referenced,named in: LOTROldMinecartBehaviorMixin
common.coremod,LOTRLoadingPlugin,,missing,
common.coremod,LOTRReplacedMethods,,referenced,named in: LOTREnchantmentHelperMixin LOTRMechanisedRailBlock
common.coremod,RandomTexturePatchCheck,,missing,
common.dispenser,LOTRDispenseArrowPoisoned,,referenced,named in: LOTRPoisonedArrowItem
common.dispenser,LOTRDispenseConker,,referenced,named in: LOTRThrownMiscItem
common.dispenser,LOTRDispenseCrossbowBolt,,referenced,named in: LOTRCrossbowBoltItem
common.dispenser,LOTRDispenseDart,,missing,
common.dispenser,LOTRDispenseFirePot,,referenced,named in: LOTRFirePotItem
common.dispenser,LOTRDispenseMysteryWeb,,referenced,named in: LOTRThrownMiscItem
common.dispenser,LOTRDispenseOrcBomb,,referenced,named in: LOTRDispenserBehaviours
common.dispenser,LOTRDispensePebble,,referenced,named in: LOTRPebbleItem
common.dispenser,LOTRDispensePlate,,referenced,named in: LOTRPlateItem
common.dispenser,LOTRDispenseRhunFireJar,,referenced,named in: LOTRDispenserBehaviours
common.dispenser,LOTRDispenseSpawnEgg,,referenced,named in: LOTRSpawnEggItem
common.dispenser,LOTRDispenseSpear,,missing,
common.dispenser,LOTRDispenseTermite,,referenced,named in: LOTRThrownMiscItem
common.dispenser,LOTRDispenseThrowingAxe,,referenced,named in: LOTRThrowingAxeEntity LOTRThrowingAxeItem
common.enchant,LOTREnchantment,,referenced,named in: LOTRModifier LOTRModifiers
common.enchant,LOTREnchantmentBane,,referenced,named in: LOTREntityTags LOTRModifier
common.enchant,LOTREnchantmentCombining,,missing,
common.enchant,LOTREnchantmentDamage,,referenced,named in: LOTRModifier
common.enchant,LOTREnchantmentDurability,,referenced,named in: LOTRModifier
common.enchant,LOTREnchantmentHelper,,referenced,named in: LOTREnchantmentHelperMixin LOTRModifiableItem LOTRModifiers
common.enchant,LOTREnchantmentKnockback,,referenced,named in: LOTRModifier
common.enchant,LOTREnchantmentLooting,,referenced,named in: LOTRModifier
common.enchant,LOTREnchantmentMeleeReach,,missing,
common.enchant,LOTREnchantmentMeleeSpeed,,referenced,named in: LOTRModifier
common.enchant,LOTREnchantmentProtection,,referenced,named in: LOTRModifier
common.enchant,LOTREnchantmentProtectionFall,,missing,
common.enchant,LOTREnchantmentProtectionFire,,missing,
common.enchant,LOTREnchantmentProtectionMithril,,referenced,named in: LOTRModifier LOTRModifiers
common.enchant,LOTREnchantmentProtectionRanged,,missing,
common.enchant,LOTREnchantmentProtectionSpecial,,referenced,named in: LOTRModifier
common.enchant,LOTREnchantmentRangedDamage,,referenced,named in: LOTRModifier
common.enchant,LOTREnchantmentRangedKnockback,,missing,
common.enchant,LOTREnchantmentSilkTouch,,referenced,named in: LOTRModifier
common.enchant,LOTREnchantmentToolSpeed,,referenced,named in: LOTRModifier
common.enchant,LOTREnchantmentType,,referenced,named in: LOTRCrossbowItem LOTRModifier LOTRModifiers LOTRThrowingAxeItem
common.enchant,LOTREnchantmentWeaponSpecial,,referenced,named in: LOTRModifier LOTRModifierSpecials
common.entity,AnimalJarUpdater,,missing,
common.entity,LOTRBannerProtectable,,referenced,named in: LOTRRugEntity LOTRStoneTrollEntity
common.entity,LOTREntities,LOTREntities,ported,
common.entity,LOTREntityFallingFireJar,,missing,
common.entity,LOTREntityInvasionSpawner,,referenced,named in: LOTRWarhornItem
common.entity,LOTREntityNPCRespawner,,missing,
common.entity,LOTREntityRegistry,,referenced,named in: LOTRAttackRules LOTRNPCKillEvents
common.entity,LOTREntityUtils,,missing,
common.entity,LOTRInvasionStatus,,missing,
common.entity,LOTRMobSpawnerCondition,,referenced,named in: LOTRScorpionEntity
common.entity,LOTRMountFunctions,,referenced,named in: LOTRNPCMount LOTRNPCRideableEntity
common.entity,LOTRNPCSelectByFaction,,missing,
common.entity,LOTRNPCSelectForInfluence,,missing,
common.entity,LOTRPlateFallingInfo,,referenced,named in: LOTRPlateHeadRenderer
common.entity,LOTRRandomSkinEntity,,referenced,named in: LOTRDeerEntity LOTRRandomSkins
common.entity,LOTRScarecrows,LOTRScarecrows,ported,
common.entity.ai,LOTREntityAIAttackOnCollide,,referenced,named in: LOTRAttackOnCollideGoal
common.entity.ai,LOTREntityAIAvoidHuorn,,missing,
common.entity.ai,LOTREntityAIAvoidWithChance,,referenced,named in: LOTRAvoidWithChanceGoal
common.entity.ai,LOTREntityAIBalrogCharge,,missing,
common.entity.ai,LOTREntityAIBanditFlee,LOTRBanditFleeGoal,ported,(D9d-b)
common.entity.ai,LOTREntityAIBanditSteal,LOTRBanditStealGoal,ported,(D9d-b)
common.entity.ai,LOTREntityAIBossJumpAttack,,missing,
common.entity.ai,LOTREntityAIBreeEat,LOTRBreeEatGoal,ported,(D9d)
common.entity.ai,LOTREntityAIBurningPanic,,referenced,named in: LOTRBurningPanicGoal
common.entity.ai,LOTREntityAIConsumeBase,,referenced,named in: LOTRConsumeGoal
common.entity.ai,LOTREntityAIDrink,,referenced,named in: LOTRDrinkGoal LOTRDrinkItem LOTRFoods
common.entity.ai,LOTREntityAIEat,,referenced,named in: LOTREatGoal LOTRFoods
common.entity.ai,LOTREntityAIEntHealSapling,,missing,
common.entity.ai,LOTREntityAIFarm,,referenced,named in: LOTRFarmGoal
common.entity.ai,LOTREntityAIFarmhandAttackRabbit,,missing,
common.entity.ai,LOTREntityAIFlee,,missing,
common.entity.ai,LOTREntityAIFollowHiringPlayer,,referenced,named in: LOTRFollowHiringPlayerGoal
common.entity.ai,LOTREntityAIGandalfSmoke,,missing,
common.entity.ai,LOTREntityAIGollumAvoidEntity,,missing,
common.entity.ai,LOTREntityAIGollumFishing,,missing,
common.entity.ai,LOTREntityAIGollumFollowOwner,,missing,
common.entity.ai,LOTREntityAIGollumPanic,,missing,
common.entity.ai,LOTREntityAIGollumRemainStill,,missing,
common.entity.ai,LOTREntityAIHiredHorseRemainStill,,referenced,named in: LOTRNPCMount
common.entity.ai,LOTREntityAIHiredRemainStill,,referenced,named in: LOTRHiredRemainStillGoal
common.entity.ai,LOTREntityAIHiringPlayerHurtByTarget,,referenced,named in: LOTRHiringPlayerHurtByTargetGoal
common.entity.ai,LOTREntityAIHiringPlayerHurtTarget,,referenced,named in: LOTRHiringPlayerHurtTargetGoal
common.entity.ai,LOTREntityAIHobbitChildFollowGoodPlayer,,referenced,named in: LOTRHobbitChildFollowGoodPlayerGoal
common.entity.ai,LOTREntityAIHobbitSmoke,,referenced,named in: LOTRHobbitSmokeGoal
common.entity.ai,LOTREntityAIHobbitTargetRuffian,,referenced,named in: LOTRHobbitBounderEntity
common.entity.ai,LOTREntityAIHorseFollowHiringPlayer,,referenced,named in: LOTRFollowHiringPlayerGoal
common.entity.ai,LOTREntityAIHorseMoveToRiderTarget,,referenced,named in: LOTRAttackOnCollideGoal LOTRRangedAttackGoal
common.entity.ai,LOTREntityAILionChase,,referenced,named in: LOTRLionChaseGoal
common.entity.ai,LOTREntityAIMFMate,,referenced,named in: LOTRLionBaseEntity
common.entity.ai,LOTREntityAINPCAvoidEvilPlayer,,referenced,named in: LOTRNPCAvoidEvilPlayerGoal
common.entity.ai,LOTREntityAINPCFollowParent,,referenced,named in: LOTRNPCFollowParentGoal
common.entity.ai,LOTREntityAINPCFollowSpouse,,referenced,named in: LOTRNPCFollowSpouseGoal
common.entity.ai,LOTREntityAINPCHurtByTarget,,referenced,named in: LOTRNPCHurtByTargetGoal
common.entity.ai,LOTREntityAINPCMarry,,referenced,named in: LOTRNPCMarryGoal
common.entity.ai,LOTREntityAINPCMate,,referenced,named in: LOTRNPCMateGoal
common.entity.ai,LOTREntityAINearestAttackableTargetBandit,,missing,
common.entity.ai,LOTREntityAINearestAttackableTargetBasic,,referenced,named in: LOTRNearestAttackableTargetGoal
common.entity.ai,LOTREntityAINearestAttackableTargetHuorn,,missing,
common.entity.ai,LOTREntityAINearestAttackableTargetOrc,LOTROrcTargetGoal,ported,(D9i-a)
common.entity.ai,LOTREntityAINearestAttackableTargetTroll,,missing,
common.entity.ai,LOTREntityAINearestAttackableTargetWoodElf,LOTRWoodElfTargetGoal,ported,(D9g-c)
common.entity.ai,LOTREntityAIOrcAvoidGoodPlayer,LOTROrcAvoidGoodPlayerGoal,ported,(D9i-a)
common.entity.ai,LOTREntityAIOrcPlaceBomb,LOTROrcPlaceBombGoal,ported,(D9i-a)
common.entity.ai,LOTREntityAIOrcSkirmish,LOTROrcSkirmishGoal,ported,(D9i-a)
common.entity.ai,LOTREntityAIRabbitEatCrops,,missing,
common.entity.ai,LOTREntityAIRangedAttack,,referenced,named in: LOTRRangedAttackGoal
common.entity.ai,LOTREntityAISauronUseMace,,missing,
common.entity.ai,LOTREntityAITrollFleeSun,,missing,
common.entity.ai,LOTREntityAIUntamedPanic,,referenced,named in: LOTRUntamedPanicGoal
common.entity.ai,LOTREntityAIWargBombardierAttack,,referenced,named in: LOTRWargBombardierAttackGoal
common.entity.ai,LOTRNPCTargetSelector,,referenced,named in: LOTRNearestAttackableTargetGoal
common.entity.animal,LOTRAmbientCreature,,referenced,named in: LOTRDikDikEntity
common.entity.animal,LOTRAmbientSpawnChecks,,referenced,named in: LOTRBirdEntity LOTRButterflyEntity LOTRDikDikEntity LOTRSwanEntity
common.entity.animal,LOTRAnimalSpawnConditions,,referenced,named in: LOTRBearEntity
common.entity.animal,LOTREntityAnimalMF,LOTRAnimalMF,ported,
common.entity.animal,LOTREntityAurochs,LOTRAurochsEntity,ported,
common.entity.animal,LOTREntityBear,LOTRBearEntity,ported,
common.entity.animal,LOTREntityBird,LOTRBirdEntity,ported,
common.entity.animal,LOTREntityButterfly,LOTRButterflyEntity,ported,
common.entity.animal,LOTREntityCamel,LOTRCamelEntity,ported,
common.entity.animal,LOTREntityCrebain,LOTRCrebainEntity,ported,
common.entity.animal,LOTREntityCrocodile,LOTRCrocodileEntity,ported,
common.entity.animal,LOTREntityDeer,LOTRDeerEntity,ported,
common.entity.animal,LOTREntityDesertScorpion,LOTRDesertScorpionEntity,ported,
common.entity.animal,LOTREntityDikDik,LOTRDikDikEntity,ported,
common.entity.animal,LOTREntityElk,LOTRElkEntity,ported,
common.entity.animal,LOTREntityFish,,missing,
common.entity.animal,LOTREntityFlamingo,LOTRFlamingoEntity,ported,
common.entity.animal,LOTREntityGemsbok,LOTRGemsbokEntity,ported,
common.entity.animal,LOTREntityGiraffe,LOTRGiraffeEntity,ported,
common.entity.animal,LOTREntityGorcrow,LOTRGorcrowEntity,ported,
common.entity.animal,LOTREntityHorse,LOTRHorseEntity,ported,
common.entity.animal,LOTREntityJungleScorpion,LOTRJungleScorpionEntity,ported,
common.entity.animal,LOTREntityKineAraw,LOTRKineArawEntity,ported,
common.entity.animal,LOTREntityLion,LOTRLionBaseEntity LOTRLionEntity,ported,
common.entity.animal,LOTREntityLionBase,LOTRLionBaseEntity LOTRLionEntity,ported,
common.entity.animal,LOTREntityLioness,LOTRLionessEntity,ported,
common.entity.animal,LOTREntityMidges,LOTRMidgesEntity,ported,
common.entity.animal,LOTREntityRabbit,,referenced,named in: LOTROrcEntity
common.entity.animal,LOTREntityRhino,LOTRRhinoEntity,ported,
common.entity.animal,LOTREntityScorpion,LOTRScorpionEntity,ported,
common.entity.animal,LOTREntitySeagull,LOTRSeagullEntity,ported,
common.entity.animal,LOTREntityShirePony,LOTRShirePonyEntity,ported,
common.entity.animal,LOTREntitySwan,LOTRSwanEntity,ported,
common.entity.animal,LOTREntityTermite,LOTRTermiteEntity,ported,
common.entity.animal,LOTREntityWhiteOryx,LOTRWhiteOryxEntity,ported,
common.entity.animal,LOTREntityWildBoar,LOTRWildBoarEntity,ported,
common.entity.animal,LOTREntityZebra,LOTRZebraEntity,ported,
common.entity.item,LOTRBannerWhitelistEntry,,missing,
common.entity.item,LOTREntityArrowPoisoned,LOTRPoisonedArrowEntity,ported,
common.entity.item,LOTREntityBanner,LOTRBannerBlockEntity,ported,
common.entity.item,LOTREntityBannerWall,LOTRWallBannerBlock,ported,
common.entity.item,LOTREntityBarrel,LOTRBarrelBlockEntity,ported,
common.entity.item,LOTREntityBearRug,LOTRBearRugEntity,ported,
common.entity.item,LOTREntityBossTrophy,LOTRBossTrophyEntity,ported,
common.entity.item,LOTREntityFallingTreasure,LOTRFallingTreasureEntity,ported,
common.entity.item,LOTREntityGiraffeRug,LOTRGiraffeRugEntity,ported,
common.entity.item,LOTREntityLionRug,LOTRLionRugEntity,ported,
common.entity.item,LOTREntityOrcBomb,LOTROrcBombEntity,ported,
common.entity.item,LOTREntityPortal,,missing,
common.entity.item,LOTREntityRugBase,LOTRRugEntity,ported,
common.entity.item,LOTREntityStoneTroll,LOTRStoneTrollEntity,ported,
common.entity.item,LOTREntityTraderRespawn,LOTRTraderRespawnEntity,ported,
common.entity.item,LOTREntityWargskinRug,LOTRWargskinRugEntity,ported,
common.entity.npc,IBandit,LOTRBandit,ported,(D9d-b)
common.entity.npc,LOTRBannerBearer,LOTRBannerBearer,ported,
common.entity.npc,LOTRBoss,,missing,
common.entity.npc,LOTRBossInfo,,missing,
common.entity.npc,LOTRCharacter,,missing,
common.entity.npc,LOTREntityAngmarBannerBearer,LOTRAngmarBannerBearerEntity,ported,
common.entity.npc,LOTREntityAngmarHillman,LOTRAngmarHillmanEntity,ported,
common.entity.npc,LOTREntityAngmarHillmanAxeThrower,LOTRAngmarHillmanAxeThrowerEntity,ported,
common.entity.npc,LOTREntityAngmarHillmanBannerBearer,LOTRAngmarHillmanBannerBearerEntity,ported,
common.entity.npc,LOTREntityAngmarHillmanChieftain,LOTRAngmarHillmanChieftainEntity,ported,
common.entity.npc,LOTREntityAngmarHillmanWarrior,LOTRAngmarHillmanWarriorEntity,ported,
common.entity.npc,LOTREntityAngmarOrc,LOTRAngmarOrcEntity,ported,
common.entity.npc,LOTREntityAngmarOrcArcher,LOTRAngmarOrcArcherEntity,ported,
common.entity.npc,LOTREntityAngmarOrcBombardier,LOTRAngmarOrcBombardierEntity,ported,
common.entity.npc,LOTREntityAngmarOrcMercenaryCaptain,LOTRAngmarOrcMercenaryCaptainEntity,ported,
common.entity.npc,LOTREntityAngmarOrcTrader,LOTRAngmarOrcTraderEntity,ported,
common.entity.npc,LOTREntityAngmarWarg,LOTRAngmarWargEntity,ported,
common.entity.npc,LOTREntityAngmarWargBombardier,LOTRAngmarWargBombardierEntity,ported,
common.entity.npc,LOTREntityBalrog,,missing,
common.entity.npc,LOTREntityBandit,,missing,the bandit NPC; its theft AI is LOTRBandit/LOTRBanditStealGoal (D9d-b)
common.entity.npc,LOTREntityBanditHarad,,missing,
common.entity.npc,LOTREntityBarrowWight,,missing,
common.entity.npc,LOTREntityBlackUruk,LOTRBlackUrukEntity,ported,
common.entity.npc,LOTREntityBlackUrukArcher,LOTRBlackUrukArcherEntity,ported,
common.entity.npc,LOTREntityBlackUrukBannerBearer,LOTRBlackUrukBannerBearerEntity,ported,
common.entity.npc,LOTREntityBlackUrukCaptain,LOTRBlackUrukCaptainEntity,ported,
common.entity.npc,LOTREntityBlackrootArcher,LOTRBlackrootArcherEntity,ported,
common.entity.npc,LOTREntityBlackrootBannerBearer,LOTRBlackrootBannerBearerEntity,ported,
common.entity.npc,LOTREntityBlackrootCaptain,LOTRBlackrootCaptainEntity,ported,
common.entity.npc,LOTREntityBlackrootSoldier,LOTRBlackrootSoldierEntity,ported,
common.entity.npc,LOTREntityBlueDwarf,LOTRBlueDwarfEntity,ported,
common.entity.npc,LOTREntityBlueDwarfAxeThrower,LOTRBlueDwarfAxeThrowerEntity,ported,
common.entity.npc,LOTREntityBlueDwarfBannerBearer,LOTRBlueDwarfBannerBearerEntity,ported,
common.entity.npc,LOTREntityBlueDwarfCommander,LOTRBlueDwarfCommanderEntity,ported,
common.entity.npc,LOTREntityBlueDwarfMerchant,LOTRBlueDwarfMerchantEntity,ported,
common.entity.npc,LOTREntityBlueDwarfMiner,LOTRBlueDwarfMinerEntity,ported,
common.entity.npc,LOTREntityBlueDwarfWarrior,LOTRBlueDwarfWarriorEntity,ported,
common.entity.npc,LOTREntityBlueMountainsSmith,LOTRBlueMountainsSmithEntity,ported,
common.entity.npc,LOTREntityBreeBaker,LOTRBreeBakerEntity,ported,
common.entity.npc,LOTREntityBreeBannerBearer,LOTRBreeBannerBearerEntity,ported,
common.entity.npc,LOTREntityBreeBlacksmith,LOTRBreeBlacksmithEntity,ported,
common.entity.npc,LOTREntityBreeBrewer,LOTRBreeBrewerEntity,ported,
common.entity.npc,LOTREntityBreeButcher,LOTRBreeButcherEntity,ported,
common.entity.npc,LOTREntityBreeCaptain,LOTRBreeCaptainEntity,ported,
common.entity.npc,LOTREntityBreeFarmer,LOTRBreeFarmerEntity,ported,
common.entity.npc,LOTREntityBreeFarmhand,LOTRBreeFarmhandEntity,ported,
common.entity.npc,LOTREntityBreeFlorist,LOTRBreeFloristEntity,ported,
common.entity.npc,LOTREntityBreeGuard,LOTRBreeGuardEntity,ported,
common.entity.npc,LOTREntityBreeHobbit,LOTRBreeHobbitEntity,ported,
common.entity.npc,LOTREntityBreeHobbitBaker,LOTRBreeHobbitBakerEntity,ported,
common.entity.npc,LOTREntityBreeHobbitBrewer,LOTRBreeHobbitBrewerEntity,ported,
common.entity.npc,LOTREntityBreeHobbitButcher,LOTRBreeHobbitButcherEntity,ported,
common.entity.npc,LOTREntityBreeHobbitFlorist,LOTRBreeHobbitFloristEntity,ported,
common.entity.npc,LOTREntityBreeHobbitInnkeeper,LOTRBreeHobbitInnkeeperEntity,ported,
common.entity.npc,LOTREntityBreeHobbitTrader,LOTRBreeHobbitTraderEntity,ported,
common.entity.npc,LOTREntityBreeInnkeeper,LOTRBreeInnkeeperEntity,ported,
common.entity.npc,LOTREntityBreeLumberman,LOTRBreeLumbermanEntity,ported,
common.entity.npc,LOTREntityBreeMan,LOTRBreeManEntity,ported,
common.entity.npc,LOTREntityBreeMarketTrader,LOTRBreeMarketTraderEntity,ported,
common.entity.npc,LOTREntityBreeMason,LOTRBreeMasonEntity,ported,
common.entity.npc,LOTREntityBreeRuffian,LOTRBreeRuffianEntity,ported,
common.entity.npc,LOTREntityCorsair,LOTRCorsairEntity,ported,
common.entity.npc,LOTREntityCorsairCaptain,LOTRCorsairCaptainEntity,ported,
common.entity.npc,LOTREntityCorsairSlaver,LOTRCorsairSlaverEntity,ported,
common.entity.npc,LOTREntityDaleArcher,,missing,
common.entity.npc,LOTREntityDaleBaker,,missing,
common.entity.npc,LOTREntityDaleBannerBearer,,missing,
common.entity.npc,LOTREntityDaleBlacksmith,,missing,
common.entity.npc,LOTREntityDaleCaptain,,missing,
common.entity.npc,LOTREntityDaleLevyman,,missing,
common.entity.npc,LOTREntityDaleMan,,missing,
common.entity.npc,LOTREntityDaleMerchant,,missing,
common.entity.npc,LOTREntityDaleSoldier,,missing,
common.entity.npc,LOTREntityDarkHuorn,,missing,
common.entity.npc,LOTREntityDolAmrothArcher,LOTRDolAmrothArcherEntity,ported,
common.entity.npc,LOTREntityDolAmrothBannerBearer,LOTRDolAmrothBannerBearerEntity,ported,
common.entity.npc,LOTREntityDolAmrothCaptain,LOTRDolAmrothCaptainEntity,ported,
common.entity.npc,LOTREntityDolAmrothSoldier,LOTRDolAmrothSoldierEntity,ported,
common.entity.npc,LOTREntityDolGuldurBannerBearer,LOTRDolGuldurBannerBearerEntity,ported,
common.entity.npc,LOTREntityDolGuldurOrc,LOTRDolGuldurOrcEntity,ported,
common.entity.npc,LOTREntityDolGuldurOrcArcher,LOTRDolGuldurOrcArcherEntity,ported,
common.entity.npc,LOTREntityDolGuldurOrcChieftain,LOTRDolGuldurOrcChieftainEntity,ported,
common.entity.npc,LOTREntityDolGuldurOrcTrader,LOTRDolGuldurOrcTraderEntity,ported,
common.entity.npc,LOTREntityDorwinionBannerBearer,LOTRDorwinionBannerBearerEntity,ported,
common.entity.npc,LOTREntityDorwinionCaptain,LOTRDorwinionCaptainEntity,ported,
common.entity.npc,LOTREntityDorwinionCrossbower,LOTRDorwinionCrossbowerEntity,ported,
common.entity.npc,LOTREntityDorwinionElf,LOTRDorwinionElfEntity,ported,
common.entity.npc,LOTREntityDorwinionElfArcher,LOTRDorwinionElfArcherEntity,ported,
common.entity.npc,LOTREntityDorwinionElfBannerBearer,LOTRDorwinionElfBannerBearerEntity,ported,
common.entity.npc,LOTREntityDorwinionElfCaptain,LOTRDorwinionElfCaptainEntity,ported,
common.entity.npc,LOTREntityDorwinionElfVintner,LOTRDorwinionElfVintnerEntity,ported,
common.entity.npc,LOTREntityDorwinionElfWarrior,LOTRDorwinionElfWarriorEntity,ported,
common.entity.npc,LOTREntityDorwinionGuard,LOTRDorwinionGuardEntity,ported,
common.entity.npc,LOTREntityDorwinionMan,LOTRDorwinionManEntity,ported,
common.entity.npc,LOTREntityDorwinionMerchantElf,LOTRDorwinionMerchantElfEntity,ported,
common.entity.npc,LOTREntityDorwinionMerchantMan,LOTRDorwinionMerchantManEntity,ported,
common.entity.npc,LOTREntityDorwinionVinehand,LOTRDorwinionVinehandEntity,ported,
common.entity.npc,LOTREntityDorwinionVinekeeper,LOTRDorwinionVinekeeperEntity,ported,
common.entity.npc,LOTREntityDunedain,,missing,
common.entity.npc,LOTREntityDunedainBlacksmith,,missing,
common.entity.npc,LOTREntityDunlending,LOTRDunlendingEntity,ported,
common.entity.npc,LOTREntityDunlendingArcher,LOTRDunlendingArcherEntity,ported,
common.entity.npc,LOTREntityDunlendingAxeThrower,LOTRDunlendingAxeThrowerEntity,ported,
common.entity.npc,LOTREntityDunlendingBannerBearer,LOTRDunlendingBannerBearerEntity,ported,
common.entity.npc,LOTREntityDunlendingBartender,LOTRDunlendingBartenderEntity,ported,
common.entity.npc,LOTREntityDunlendingBerserker,LOTRDunlendingBerserkerEntity,ported,
common.entity.npc,LOTREntityDunlendingWarlord,LOTRDunlendingWarlordEntity,ported,
common.entity.npc,LOTREntityDunlendingWarrior,LOTRDunlendingWarriorEntity,ported,
common.entity.npc,LOTREntityDwarf,LOTRDwarfEntity,ported,
common.entity.npc,LOTREntityDwarfAxeThrower,LOTRDwarfAxeThrowerEntity,ported,
common.entity.npc,LOTREntityDwarfBannerBearer,LOTRDwarfBannerBearerEntity,ported,
common.entity.npc,LOTREntityDwarfCommander,LOTRDwarfCommanderEntity,ported,
common.entity.npc,LOTREntityDwarfMiner,LOTRDwarfMinerEntity,ported,
common.entity.npc,LOTREntityDwarfSmith,LOTRDwarfSmithEntity,ported,
common.entity.npc,LOTREntityDwarfWarrior,LOTRDwarfWarriorEntity,ported,
common.entity.npc,LOTREntityEasterling,,missing,
common.entity.npc,LOTREntityEasterlingArcher,,missing,
common.entity.npc,LOTREntityEasterlingBaker,,missing,
common.entity.npc,LOTREntityEasterlingBannerBearer,,missing,
common.entity.npc,LOTREntityEasterlingBartender,,missing,
common.entity.npc,LOTREntityEasterlingBlacksmith,,missing,
common.entity.npc,LOTREntityEasterlingBrewer,,missing,
common.entity.npc,LOTREntityEasterlingButcher,,missing,
common.entity.npc,LOTREntityEasterlingFarmer,,missing,
common.entity.npc,LOTREntityEasterlingFarmhand,,missing,
common.entity.npc,LOTREntityEasterlingFireThrower,,missing,
common.entity.npc,LOTREntityEasterlingFishmonger,,missing,
common.entity.npc,LOTREntityEasterlingGoldWarrior,,missing,
common.entity.npc,LOTREntityEasterlingGoldsmith,,missing,
common.entity.npc,LOTREntityEasterlingHunter,,missing,
common.entity.npc,LOTREntityEasterlingLevyman,,missing,
common.entity.npc,LOTREntityEasterlingLumberman,,missing,
common.entity.npc,LOTREntityEasterlingMarketTrader,,base,extended by: LOTREntityEasterlingBaker LOTREntityEasterlingBrewer LOTREntityEasterlingButcher LOTREntityEasterlingFishmonger LOTREntityEasterlingGoldsmith LOTREntityEasterlingHunter ...
common.entity.npc,LOTREntityEasterlingMason,,missing,
common.entity.npc,LOTREntityEasterlingWarlord,,missing,
common.entity.npc,LOTREntityEasterlingWarrior,,missing,
common.entity.npc,LOTREntityElf,LOTRElfEntity,ported,
common.entity.npc,LOTREntityEnt,,missing,
common.entity.npc,LOTREntityEsgarothBannerBearer,,missing,
common.entity.npc,LOTREntityGaladhrimBannerBearer,LOTRGaladhrimBannerBearerEntity,ported,
common.entity.npc,LOTREntityGaladhrimElf,LOTRGaladhrimElfEntity,ported,
common.entity.npc,LOTREntityGaladhrimLord,LOTRGaladhrimLordEntity,ported,
common.entity.npc,LOTREntityGaladhrimSmith,LOTRGaladhrimSmithEntity,ported,
common.entity.npc,LOTREntityGaladhrimTrader,LOTRGaladhrimTraderEntity,ported,
common.entity.npc,LOTREntityGaladhrimWarden,LOTRGaladhrimWardenEntity,ported,
common.entity.npc,LOTREntityGaladhrimWarrior,LOTRGaladhrimWarriorEntity,ported,
common.entity.npc,LOTREntityGandalf,,missing,
common.entity.npc,LOTREntityGollum,,missing,
common.entity.npc,LOTREntityGondorArcher,LOTRGondorArcherEntity,ported,
common.entity.npc,LOTREntityGondorBaker,LOTRGondorBakerEntity,ported,
common.entity.npc,LOTREntityGondorBannerBearer,LOTRGondorBannerBearerEntity,ported,
common.entity.npc,LOTREntityGondorBartender,LOTRGondorBartenderEntity,ported,
common.entity.npc,LOTREntityGondorBlacksmith,LOTRGondorBlacksmithEntity,ported,
common.entity.npc,LOTREntityGondorBrewer,LOTRGondorBrewerEntity,ported,
common.entity.npc,LOTREntityGondorButcher,LOTRGondorButcherEntity,ported,
common.entity.npc,LOTREntityGondorFarmer,LOTRGondorFarmerEntity,ported,
common.entity.npc,LOTREntityGondorFarmhand,LOTRGondorFarmhandEntity,ported,
common.entity.npc,LOTREntityGondorFishmonger,LOTRGondorFishmongerEntity,ported,
common.entity.npc,LOTREntityGondorFlorist,LOTRGondorFloristEntity,ported,
common.entity.npc,LOTREntityGondorGreengrocer,LOTRGondorGreengrocerEntity,ported,
common.entity.npc,LOTREntityGondorLevyman,LOTRGondorLevymanEntity,ported,
common.entity.npc,LOTREntityGondorLumberman,LOTRGondorLumbermanEntity,ported,
common.entity.npc,LOTREntityGondorMan,LOTRGondorManEntity,ported,
common.entity.npc,LOTREntityGondorMarketTrader,LOTRGondorMarketTraderEntity,ported,
common.entity.npc,LOTREntityGondorMason,LOTRGondorMasonEntity,ported,
common.entity.npc,LOTREntityGondorRenegade,LOTRGondorRenegadeEntity,ported,
common.entity.npc,LOTREntityGondorRuinsWraith,,missing,
common.entity.npc,LOTREntityGondorSoldier,LOTRGondorSoldierEntity,ported,
common.entity.npc,LOTREntityGondorTowerGuard,LOTRGondorTowerGuardEntity,ported,
common.entity.npc,LOTREntityGondorianCaptain,LOTRGondorianCaptainEntity,ported,
common.entity.npc,LOTREntityGulfBaker,,missing,
common.entity.npc,LOTREntityGulfBartender,,missing,
common.entity.npc,LOTREntityGulfBlacksmith,,missing,
common.entity.npc,LOTREntityGulfBrewer,,missing,
common.entity.npc,LOTREntityGulfButcher,,missing,
common.entity.npc,LOTREntityGulfFarmer,,missing,
common.entity.npc,LOTREntityGulfFishmonger,,missing,
common.entity.npc,LOTREntityGulfGoldsmith,,missing,
common.entity.npc,LOTREntityGulfHaradArcher,,missing,
common.entity.npc,LOTREntityGulfHaradBannerBearer,,missing,
common.entity.npc,LOTREntityGulfHaradWarlord,,missing,
common.entity.npc,LOTREntityGulfHaradWarrior,,missing,
common.entity.npc,LOTREntityGulfHaradrim,,missing,
common.entity.npc,LOTREntityGulfHunter,,missing,
common.entity.npc,LOTREntityGulfLumberman,,missing,
common.entity.npc,LOTREntityGulfMason,,missing,
common.entity.npc,LOTREntityGulfMiner,,missing,
common.entity.npc,LOTREntityGulfTrader,,base,extended by: LOTREntityGulfBaker LOTREntityGulfBrewer LOTREntityGulfButcher LOTREntityGulfFishmonger LOTREntityGulfGoldsmith LOTREntityGulfHunter ...
common.entity.npc,LOTREntityGundabadBannerBearer,LOTRGundabadBannerBearerEntity,ported,
common.entity.npc,LOTREntityGundabadOrc,LOTRGundabadOrcEntity,ported,
common.entity.npc,LOTREntityGundabadOrcArcher,LOTRGundabadOrcArcherEntity,ported,
common.entity.npc,LOTREntityGundabadOrcMercenaryCaptain,LOTRGundabadOrcMercenaryCaptainEntity,ported,
common.entity.npc,LOTREntityGundabadOrcTrader,LOTRGundabadOrcTraderEntity,ported,
common.entity.npc,LOTREntityGundabadUruk,LOTRGundabadUrukEntity,ported,
common.entity.npc,LOTREntityGundabadUrukArcher,LOTRGundabadUrukArcherEntity,ported,
common.entity.npc,LOTREntityGundabadWarg,LOTRGundabadWargEntity,ported,
common.entity.npc,LOTREntityHalfTroll,,missing,
common.entity.npc,LOTREntityHalfTrollBannerBearer,,missing,
common.entity.npc,LOTREntityHalfTrollScavenger,,missing,
common.entity.npc,LOTREntityHalfTrollWarlord,,missing,
common.entity.npc,LOTREntityHalfTrollWarrior,,missing,
common.entity.npc,LOTREntityHaradPyramidWraith,,missing,
common.entity.npc,LOTREntityHaradSlave,LOTRHaradSlaveEntity,ported,
common.entity.npc,LOTREntityHarnedhrim,LOTRHarnedhrimEntity,ported,
common.entity.npc,LOTREntityHarnedorArcher,LOTRHarnedorArcherEntity,ported,
common.entity.npc,LOTREntityHarnedorBaker,LOTRHarnedorBakerEntity,ported,
common.entity.npc,LOTREntityHarnedorBannerBearer,LOTRHarnedorBannerBearerEntity,ported,
common.entity.npc,LOTREntityHarnedorBartender,LOTRHarnedorBartenderEntity,ported,
common.entity.npc,LOTREntityHarnedorBlacksmith,LOTRHarnedorBlacksmithEntity,ported,
common.entity.npc,LOTREntityHarnedorBrewer,LOTRHarnedorBrewerEntity,ported,
common.entity.npc,LOTREntityHarnedorButcher,LOTRHarnedorButcherEntity,ported,
common.entity.npc,LOTREntityHarnedorFarmer,LOTRHarnedorFarmerEntity,ported,
common.entity.npc,LOTREntityHarnedorFarmhand,LOTRHarnedorFarmhandEntity,ported,
common.entity.npc,LOTREntityHarnedorFishmonger,LOTRHarnedorFishmongerEntity,ported,
common.entity.npc,LOTREntityHarnedorHunter,LOTRHarnedorHunterEntity,ported,
common.entity.npc,LOTREntityHarnedorLumberman,LOTRHarnedorLumbermanEntity,ported,
common.entity.npc,LOTREntityHarnedorMason,LOTRHarnedorMasonEntity,ported,
common.entity.npc,LOTREntityHarnedorMiner,LOTRHarnedorMinerEntity,ported,
common.entity.npc,LOTREntityHarnedorTrader,LOTRHarnedorTraderEntity,ported,
common.entity.npc,LOTREntityHarnedorWarlord,LOTRHarnedorWarlordEntity,ported,
common.entity.npc,LOTREntityHarnedorWarrior,LOTRHarnedorWarriorEntity,ported,
common.entity.npc,LOTREntityHighElf,LOTRHighElfBaseEntity LOTRHighElfEntity,ported,
common.entity.npc,LOTREntityHighElfBannerBearer,LOTRHighElfBannerBearerEntity,ported,
common.entity.npc,LOTREntityHighElfBase,LOTRHighElfBaseEntity LOTRHighElfEntity,ported,
common.entity.npc,LOTREntityHighElfLord,LOTRHighElfLordEntity,ported,
common.entity.npc,LOTREntityHighElfSmith,LOTRHighElfSmithEntity,ported,
common.entity.npc,LOTREntityHighElfWarrior,LOTRHighElfWarriorEntity,ported,
common.entity.npc,LOTREntityHobbit,LOTRHobbitEntity,ported,
common.entity.npc,LOTREntityHobbitBartender,LOTRHobbitBartenderEntity,ported,
common.entity.npc,LOTREntityHobbitBounder,LOTRHobbitBounderEntity,ported,
common.entity.npc,LOTREntityHobbitFarmer,LOTRHobbitFarmerEntity,ported,
common.entity.npc,LOTREntityHobbitFarmhand,LOTRHobbitFarmhandEntity,ported,
common.entity.npc,LOTREntityHobbitOrcharder,LOTRHobbitOrcharderEntity,ported,
common.entity.npc,LOTREntityHobbitShirriff,LOTRHobbitShirriffEntity,ported,
common.entity.npc,LOTREntityHuorn,,missing,
common.entity.npc,LOTREntityHuornBase,,base,extended by: LOTREntityDarkHuorn LOTREntityHuorn
common.entity.npc,LOTREntityIronHillsMerchant,LOTRIronHillsMerchantEntity,ported,
common.entity.npc,LOTREntityIsengardSnaga,LOTRIsengardSnagaEntity,ported,
common.entity.npc,LOTREntityIsengardSnagaArcher,LOTRIsengardSnagaArcherEntity,ported,
common.entity.npc,LOTREntityLamedonArcher,LOTRLamedonArcherEntity,ported,
common.entity.npc,LOTREntityLamedonBannerBearer,LOTRLamedonBannerBearerEntity,ported,
common.entity.npc,LOTREntityLamedonCaptain,LOTRLamedonCaptainEntity,ported,
common.entity.npc,LOTREntityLamedonHillman,LOTRLamedonHillmanEntity,ported,
common.entity.npc,LOTREntityLamedonSoldier,LOTRLamedonSoldierEntity,ported,
common.entity.npc,LOTREntityLebenninBannerBearer,LOTRLebenninBannerBearerEntity,ported,
common.entity.npc,LOTREntityLebenninCaptain,LOTRLebenninCaptainEntity,ported,
common.entity.npc,LOTREntityLebenninLevyman,LOTRLebenninLevymanEntity,ported,
common.entity.npc,LOTREntityLossarnachAxeman,LOTRLossarnachAxemanEntity,ported,
common.entity.npc,LOTREntityLossarnachBannerBearer,LOTRLossarnachBannerBearerEntity,ported,
common.entity.npc,LOTREntityLossarnachCaptain,LOTRLossarnachCaptainEntity,ported,
common.entity.npc,LOTREntityMallornEnt,,missing,
common.entity.npc,LOTREntityMan,LOTRManEntity,ported,
common.entity.npc,LOTREntityMarshWraith,,missing,
common.entity.npc,LOTREntityMinasMorgulBannerBearer,LOTRMinasMorgulBannerBearerEntity,ported,
common.entity.npc,LOTREntityMirkTroll,,missing,
common.entity.npc,LOTREntityMirkwoodSpider,LOTRMirkwoodSpiderEntity,ported,
common.entity.npc,LOTREntityMordorBannerBearer,LOTRMordorBannerBearerEntity,ported,
common.entity.npc,LOTREntityMordorOrc,LOTRMordorOrcEntity,ported,
common.entity.npc,LOTREntityMordorOrcArcher,LOTRMordorOrcArcherEntity,ported,
common.entity.npc,LOTREntityMordorOrcBombardier,LOTRMordorOrcBombardierEntity,ported,
common.entity.npc,LOTREntityMordorOrcMercenaryCaptain,LOTRMordorOrcMercenaryCaptainEntity,ported,
common.entity.npc,LOTREntityMordorOrcSlaver,,missing,
common.entity.npc,LOTREntityMordorOrcSpiderKeeper,LOTRMordorOrcSpiderKeeperEntity,ported,
common.entity.npc,LOTREntityMordorOrcTrader,LOTRMordorOrcTraderEntity,ported,
common.entity.npc,LOTREntityMordorSpider,LOTRMordorSpiderEntity,ported,
common.entity.npc,LOTREntityMordorWarg,LOTRMordorWargEntity,ported,
common.entity.npc,LOTREntityMordorWargBombardier,LOTRMordorWargBombardierEntity,ported,
common.entity.npc,LOTREntityMoredain,,missing,
common.entity.npc,LOTREntityMoredainBannerBearer,,missing,
common.entity.npc,LOTREntityMoredainChieftain,,missing,
common.entity.npc,LOTREntityMoredainHuntsman,,missing,
common.entity.npc,LOTREntityMoredainHutmaker,,missing,
common.entity.npc,LOTREntityMoredainMercenary,,missing,
common.entity.npc,LOTREntityMoredainVillageTrader,,base,extended by: LOTREntityMoredainHuntsman LOTREntityMoredainHutmaker
common.entity.npc,LOTREntityMoredainWarrior,,missing,
common.entity.npc,LOTREntityMountainTroll,,missing,
common.entity.npc,LOTREntityMountainTrollChieftain,,referenced,named in: LOTRTrollTotemBlockEntity
common.entity.npc,LOTREntityNPC,,referenced,named in: LOTRBannerBearer LOTRBreeManEntity LOTRDorwinionManEntity LOTRElfEntity ...
common.entity.npc,LOTREntityNPCRideable,,referenced,named in: LOTRNPCRideableEntity
common.entity.npc,LOTREntityNanUngolBannerBearer,LOTRNanUngolBannerBearerEntity,ported,
common.entity.npc,LOTREntityNearHaradBannerBearer,LOTRNearHaradBannerBearerEntity,ported,
common.entity.npc,LOTREntityNearHaradBlacksmith,LOTRNearHaradBlacksmithEntity,ported,
common.entity.npc,LOTREntityNearHaradMerchant,LOTRNearHaradMerchantEntity,ported,
common.entity.npc,LOTREntityNearHaradrim,LOTRNearHaradrimBaseEntity LOTRNearHaradrimEntity,ported,
common.entity.npc,LOTREntityNearHaradrimArcher,LOTRNearHaradrimArcherEntity,ported,
common.entity.npc,LOTREntityNearHaradrimBase,LOTRNearHaradrimBaseEntity LOTRNearHaradrimEntity,ported,
common.entity.npc,LOTREntityNearHaradrimWarlord,LOTRNearHaradrimWarlordEntity,ported,
common.entity.npc,LOTREntityNearHaradrimWarrior,LOTRNearHaradrimWarriorEntity,ported,
common.entity.npc,LOTREntityNomad,,missing,
common.entity.npc,LOTREntityNomadArcher,,missing,
common.entity.npc,LOTREntityNomadArmourer,,missing,
common.entity.npc,LOTREntityNomadBannerBearer,,missing,
common.entity.npc,LOTREntityNomadBrewer,,missing,
common.entity.npc,LOTREntityNomadChieftain,,missing,
common.entity.npc,LOTREntityNomadMason,,missing,
common.entity.npc,LOTREntityNomadMerchant,,missing,
common.entity.npc,LOTREntityNomadMiner,,missing,
common.entity.npc,LOTREntityNomadTrader,,base,extended by: LOTREntityNomadBrewer LOTREntityNomadMason LOTREntityNomadMiner
common.entity.npc,LOTREntityNomadWarrior,,missing,
common.entity.npc,LOTREntityNurnSlave,,missing,
common.entity.npc,LOTREntityOlogHai,,missing,
common.entity.npc,LOTREntityOrc,LOTROrcEntity,ported,
common.entity.npc,LOTREntityPelargirBannerBearer,LOTRPelargirBannerBearerEntity,ported,
common.entity.npc,LOTREntityPelargirCaptain,LOTRPelargirCaptainEntity,ported,
common.entity.npc,LOTREntityPelargirMarine,LOTRPelargirMarineEntity,ported,
common.entity.npc,LOTREntityPinnathGelinBannerBearer,LOTRPinnathGelinBannerBearerEntity,ported,
common.entity.npc,LOTREntityPinnathGelinCaptain,LOTRPinnathGelinCaptainEntity,ported,
common.entity.npc,LOTREntityPinnathGelinSoldier,LOTRPinnathGelinSoldierEntity,ported,
common.entity.npc,LOTREntityQuestInfo,,referenced,named in: LOTRNPCEntity
common.entity.npc,LOTREntityRanger,,base,extended by: LOTREntityRangerIthilien LOTREntityRangerNorth
common.entity.npc,LOTREntityRangerIthilien,,missing,
common.entity.npc,LOTREntityRangerIthilienBannerBearer,,missing,
common.entity.npc,LOTREntityRangerIthilienCaptain,,missing,
common.entity.npc,LOTREntityRangerNorth,,missing,
common.entity.npc,LOTREntityRangerNorthBannerBearer,,missing,
common.entity.npc,LOTREntityRangerNorthCaptain,,missing,
common.entity.npc,LOTREntityRivendellBannerBearer,LOTRRivendellBannerBearerEntity,ported,
common.entity.npc,LOTREntityRivendellElf,LOTRRivendellElfEntity,ported,
common.entity.npc,LOTREntityRivendellLord,LOTRRivendellLordEntity,ported,
common.entity.npc,LOTREntityRivendellSmith,LOTRRivendellSmithEntity,ported,
common.entity.npc,LOTREntityRivendellTrader,LOTRRivendellTraderEntity,ported,
common.entity.npc,LOTREntityRivendellWarrior,LOTRRivendellWarriorEntity,ported,
common.entity.npc,LOTREntityRohanBaker,LOTRRohanBakerEntity,ported,
common.entity.npc,LOTREntityRohanBannerBearer,LOTRRohanBannerBearerEntity,ported,
common.entity.npc,LOTREntityRohanBarrowWraith,,missing,
common.entity.npc,LOTREntityRohanBlacksmith,LOTRRohanBlacksmithEntity,ported,
common.entity.npc,LOTREntityRohanBrewer,LOTRRohanBrewerEntity,ported,
common.entity.npc,LOTREntityRohanBuilder,LOTRRohanBuilderEntity,ported,
common.entity.npc,LOTREntityRohanButcher,LOTRRohanButcherEntity,ported,
common.entity.npc,LOTREntityRohanFarmer,LOTRRohanFarmerEntity,ported,
common.entity.npc,LOTREntityRohanFarmhand,LOTRRohanFarmhandEntity,ported,
common.entity.npc,LOTREntityRohanFishmonger,LOTRRohanFishmongerEntity,ported,
common.entity.npc,LOTREntityRohanLumberman,LOTRRohanLumbermanEntity,ported,
common.entity.npc,LOTREntityRohanMan,LOTRRohanManEntity,ported,
common.entity.npc,LOTREntityRohanMarketTrader,LOTRRohanMarketTraderEntity,ported,
common.entity.npc,LOTREntityRohanMeadhost,LOTRRohanMeadhostEntity,ported,
common.entity.npc,LOTREntityRohanOrcharder,LOTRRohanOrcharderEntity,ported,
common.entity.npc,LOTREntityRohanShieldmaiden,LOTRRohanShieldmaidenEntity,ported,
common.entity.npc,LOTREntityRohanStablemaster,LOTRRohanStablemasterEntity,ported,
common.entity.npc,LOTREntityRohirrimArcher,LOTRRohirrimArcherEntity,ported,
common.entity.npc,LOTREntityRohirrimMarshal,LOTRRohirrimMarshalEntity,ported,
common.entity.npc,LOTREntityRohirrimWarrior,LOTRRohirrimWarriorEntity,ported,
common.entity.npc,LOTREntityRuffianBrute,LOTRRuffianBruteEntity,ported,
common.entity.npc,LOTREntityRuffianSpy,LOTRRuffianSpyEntity,ported,
common.entity.npc,LOTREntitySaruman,,missing,
common.entity.npc,LOTREntitySauron,,missing,
common.entity.npc,LOTREntityScrapTrader,,missing,
common.entity.npc,LOTREntitySkeletalWraith,,base,extended by: LOTREntityGondorRuinsWraith LOTREntityHaradPyramidWraith LOTREntityRohanBarrowWraith LOTREntityTauredainPyramidWraith
common.entity.npc,LOTREntitySnowTroll,,missing,
common.entity.npc,LOTREntitySouthronBaker,LOTRSouthronBakerEntity,ported,
common.entity.npc,LOTREntitySouthronBartender,LOTRSouthronBartenderEntity,ported,
common.entity.npc,LOTREntitySouthronBrewer,LOTRSouthronBrewerEntity,ported,
common.entity.npc,LOTREntitySouthronButcher,LOTRSouthronButcherEntity,ported,
common.entity.npc,LOTREntitySouthronChampion,LOTRSouthronChampionEntity,ported,
common.entity.npc,LOTREntitySouthronFarmer,LOTRSouthronFarmerEntity,ported,
common.entity.npc,LOTREntitySouthronFishmonger,LOTRSouthronFishmongerEntity,ported,
common.entity.npc,LOTREntitySouthronFlorist,LOTRSouthronFloristEntity,ported,
common.entity.npc,LOTREntitySouthronGoldsmith,LOTRSouthronGoldsmithEntity,ported,
common.entity.npc,LOTREntitySouthronLumberman,LOTRSouthronLumbermanEntity,ported,
common.entity.npc,LOTREntitySouthronMason,LOTRSouthronMasonEntity,ported,
common.entity.npc,LOTREntitySouthronMiner,LOTRSouthronMinerEntity,ported,
common.entity.npc,LOTREntitySouthronTrader,LOTRSouthronTraderEntity,ported,
common.entity.npc,LOTREntitySpiderBase,LOTRSpiderEntity,ported,
common.entity.npc,LOTREntitySwanKnight,LOTRSwanKnightEntity,ported,
common.entity.npc,LOTREntityTauredain,,missing,
common.entity.npc,LOTREntityTauredainBannerBearer,,missing,
common.entity.npc,LOTREntityTauredainBlowgunner,,missing,
common.entity.npc,LOTREntityTauredainChieftain,,missing,
common.entity.npc,LOTREntityTauredainFarmer,,missing,
common.entity.npc,LOTREntityTauredainFarmhand,,missing,
common.entity.npc,LOTREntityTauredainPyramidWraith,,missing,
common.entity.npc,LOTREntityTauredainShaman,,missing,
common.entity.npc,LOTREntityTauredainSmith,,missing,
common.entity.npc,LOTREntityTauredainWarrior,,missing,
common.entity.npc,LOTREntityTormentedElf,,missing,
common.entity.npc,LOTREntityTree,,base,extended by: LOTREntityEnt LOTREntityHuornBase
common.entity.npc,LOTREntityTroll,LOTRTrollModel,ported,
common.entity.npc,LOTREntityUmbarArcher,LOTRUmbarArcherEntity,ported,
common.entity.npc,LOTREntityUmbarBaker,LOTRUmbarBakerEntity,ported,
common.entity.npc,LOTREntityUmbarBannerBearer,LOTRUmbarBannerBearerEntity,ported,
common.entity.npc,LOTREntityUmbarBartender,LOTRUmbarBartenderEntity,ported,
common.entity.npc,LOTREntityUmbarBlacksmith,LOTRUmbarBlacksmithEntity,ported,
common.entity.npc,LOTREntityUmbarBrewer,LOTRUmbarBrewerEntity,ported,
common.entity.npc,LOTREntityUmbarButcher,LOTRUmbarButcherEntity,ported,
common.entity.npc,LOTREntityUmbarCaptain,LOTRUmbarCaptainEntity,ported,
common.entity.npc,LOTREntityUmbarFarmer,LOTRUmbarFarmerEntity,ported,
common.entity.npc,LOTREntityUmbarFishmonger,LOTRUmbarFishmongerEntity,ported,
common.entity.npc,LOTREntityUmbarFlorist,LOTRUmbarFloristEntity,ported,
common.entity.npc,LOTREntityUmbarGoldsmith,LOTRUmbarGoldsmithEntity,ported,
common.entity.npc,LOTREntityUmbarLumberman,LOTRUmbarLumbermanEntity,ported,
common.entity.npc,LOTREntityUmbarMason,LOTRUmbarMasonEntity,ported,
common.entity.npc,LOTREntityUmbarMiner,LOTRUmbarMinerEntity,ported,
common.entity.npc,LOTREntityUmbarTrader,LOTRUmbarTraderEntity,ported,
common.entity.npc,LOTREntityUmbarWarrior,LOTRUmbarWarriorEntity,ported,
common.entity.npc,LOTREntityUmbarian,LOTRUmbarianEntity,ported,
common.entity.npc,LOTREntityUrukHai,LOTRUrukHaiEntity,ported,
common.entity.npc,LOTREntityUrukHaiBannerBearer,LOTRUrukHaiBannerBearerEntity,ported,
common.entity.npc,LOTREntityUrukHaiBerserker,LOTRUrukHaiBerserkerEntity,ported,
common.entity.npc,LOTREntityUrukHaiCrossbower,LOTRUrukHaiCrossbowerEntity,ported,
common.entity.npc,LOTREntityUrukHaiMercenaryCaptain,LOTRUrukHaiMercenaryCaptainEntity,ported,
common.entity.npc,LOTREntityUrukHaiSapper,LOTRUrukHaiSapperEntity,ported,
common.entity.npc,LOTREntityUrukHaiTrader,LOTRUrukHaiTraderEntity,ported,
common.entity.npc,LOTREntityUrukWarg,LOTRUrukWargEntity,ported,
common.entity.npc,LOTREntityUrukWargBombardier,LOTRUrukWargBombardierEntity,ported,
common.entity.npc,LOTREntityUtumnoFireWarg,,missing,
common.entity.npc,LOTREntityUtumnoIceSpider,,missing,
common.entity.npc,LOTREntityUtumnoIceWarg,,missing,
common.entity.npc,LOTREntityUtumnoObsidianWarg,,missing,
common.entity.npc,LOTREntityUtumnoOrc,,missing,
common.entity.npc,LOTREntityUtumnoOrcArcher,,missing,
common.entity.npc,LOTREntityUtumnoSnowTroll,,missing,
common.entity.npc,LOTREntityUtumnoTroll,,missing,
common.entity.npc,LOTREntityUtumnoWarg,,missing,
common.entity.npc,LOTREntityWarg,LOTRWargEntity,ported,
common.entity.npc,LOTREntityWargBombardier,LOTRWargBombardierEntity,ported,
common.entity.npc,LOTREntityWickedDwarf,LOTRWickedDwarfEntity,ported,
common.entity.npc,LOTREntityWoodElf,LOTRWoodElfEntity,ported,
common.entity.npc,LOTREntityWoodElfBannerBearer,LOTRWoodElfBannerBearerEntity,ported,
common.entity.npc,LOTREntityWoodElfCaptain,LOTRWoodElfCaptainEntity,ported,
common.entity.npc,LOTREntityWoodElfScout,LOTRWoodElfScoutEntity,ported,
common.entity.npc,LOTREntityWoodElfSmith,LOTRWoodElfSmithEntity,ported,
common.entity.npc,LOTREntityWoodElfWarrior,LOTRWoodElfWarriorEntity,ported,
common.entity.npc,LOTRFamilyInfo,LOTRFamilyInfo,ported,
common.entity.npc,LOTRFarmhand,LOTRFarmhand,ported,
common.entity.npc,LOTRHireableBase,LOTRHireableBase,ported,
common.entity.npc,LOTRHiredNPCInfo,LOTRHiredNPCInfo,ported,
common.entity.npc,LOTRInventoryHiredReplacedItems,,missing,
common.entity.npc,LOTRInventoryNPCItems,LOTRInventoryNPCItems,ported,
common.entity.npc,LOTRMercenary,,referenced,named in: LOTRNPCEntity
common.entity.npc,LOTRMercenaryTradeEntry,,missing,
common.entity.npc,LOTRNPCMount,LOTRNPCMount,ported,
common.entity.npc,LOTRNames,LOTRNames,ported,
common.entity.npc,LOTRSpeech,LOTRSpeech,ported,
common.entity.npc,LOTRTradeEntries,LOTRTradeEntries,ported,
common.entity.npc,LOTRTradeEntry,LOTRTradeEntry,ported,
common.entity.npc,LOTRTradeEntryBarrel,LOTRTradeEntries,merged,a barrel(...) pool entry built by LOTRTradeEntries.barrelOf (D9d)
common.entity.npc,LOTRTradeSellResult,LOTRTradeSellResult,ported,
common.entity.npc,LOTRTradeable,LOTRTradeable,ported,
common.entity.npc,LOTRTraderNPCInfo,LOTRTraderNPCInfo,ported,
common.entity.npc,LOTRTravellingTrader,LOTRTravellingTrader,ported,
common.entity.npc,LOTRTravellingTraderInfo,LOTRTravellingTraderInfo,ported,
common.entity.npc,LOTRUnitTradeEntries,LOTRUnitTradeEntries,ported,
common.entity.npc,LOTRUnitTradeEntry,LOTRUnitTradeEntry,ported,
common.entity.npc,LOTRUnitTradeable,LOTRUnitTradeable,ported,
common.entity.projectile,LOTREntityConker,LOTRConkerEntity,ported,
common.entity.projectile,LOTREntityCrossbowBolt,LOTRCrossbowBoltEntity,ported,
common.entity.projectile,LOTREntityDart,LOTRDartEntity,ported,
common.entity.projectile,LOTREntityFirePot,LOTRFirePotEntity,ported,
common.entity.projectile,LOTREntityFishHook,,missing,
common.entity.projectile,LOTREntityGandalfFireball,LOTRGandalfFireballEntity,ported,
common.entity.projectile,LOTREntityMallornLeafBomb,,missing,
common.entity.projectile,LOTREntityMarshWraithBall,,missing,
common.entity.projectile,LOTREntityMysteryWeb,LOTRMysteryWebEntity,ported,
common.entity.projectile,LOTREntityPebble,LOTRPebbleEntity,ported,
common.entity.projectile,LOTREntityPlate,LOTRPlateBlockEntity LOTRPlateEntity,ported,
common.entity.projectile,LOTREntityProjectileBase,,referenced,named in: LOTRCrossbowBoltEntity LOTRThrowingAxeEntity LOTRThrowingAxeItem
common.entity.projectile,LOTREntitySmokeRing,LOTRSmokeRingEntity,ported,
common.entity.projectile,LOTREntitySpear,,referenced,named in: LOTRAttackOnCollideGoal
common.entity.projectile,LOTREntityThrowingAxe,LOTRThrowingAxeEntity,ported,
common.entity.projectile,LOTREntityThrownRock,,missing,
common.entity.projectile,LOTREntityThrownTermite,,referenced,named in: LOTREntities
common.entity.projectile,LOTREntityTrollSnowball,,missing,
common.entity.projectile,LOTRFishing,,missing,
common.fac,LOTRAlignmentBonusMap,LOTRAlignmentBonusMap,ported,
common.fac,LOTRAlignmentValues,LOTRAlignmentValues,ported,
common.fac,LOTRControlZone,LOTRControlZone,ported,
common.fac,LOTRFaction,LOTRFaction,ported,
common.fac,LOTRFactionBounties,,referenced,named in: LOTRNPCKillEvents
common.fac,LOTRFactionData,,referenced,named in: LOTRHiredNPCInfo LOTRNPCKillEvents LOTRTraderNPCInfo
common.fac,LOTRFactionRank,LOTRFactionRank,ported,
common.fac,LOTRFactionRelations,LOTRFactionRelations,ported,
common.fac,LOTRMapRegion,LOTRMapRegion,ported,
common.fellowship,FellowshipUpdateType,,missing,
common.fellowship,LOTRFellowship,,missing,
common.fellowship,LOTRFellowshipClient,,missing,
common.fellowship,LOTRFellowshipData,,missing,
common.fellowship,LOTRFellowshipInvite,,missing,
common.fellowship,LOTRFellowshipProfile,,missing,
common.inventory,LOTRContainerAlloyForge,,referenced,named in: LOTRForgeMenu
common.inventory,LOTRContainerAnvil,LOTRAnvilMenu,ported,
common.inventory,LOTRContainerArmorStand,,excluded,
common.inventory,LOTRContainerBarrel,LOTRBarrelMenu,ported,
common.inventory,LOTRContainerBookshelf,,missing,
common.inventory,LOTRContainerChestWithPouch,,missing,
common.inventory,LOTRContainerCoinExchange,,missing,
common.inventory,LOTRContainerCraftingTable,LOTRCraftingTableBlock LOTRCraftingTable,ported,
common.inventory,LOTRContainerDaleCracker,LOTRDaleCrackerMenu,ported,
common.inventory,LOTRContainerGollum,,missing,
common.inventory,LOTRContainerHiredFarmerInventory,,missing,
common.inventory,LOTRContainerHiredWarriorInventory,,missing,
common.inventory,LOTRContainerHobbitOven,LOTRHobbitOvenMenu,ported,
common.inventory,LOTRContainerMillstone,LOTRMillstoneMenu,ported,
common.inventory,LOTRContainerMountInventory,,missing,
common.inventory,LOTRContainerNPCMountInventory,,missing,
common.inventory,LOTRContainerPouch,,excluded,
common.inventory,LOTRContainerTrade,,referenced,named in: LOTRTradeable
common.inventory,LOTRContainerUnitTrade,,referenced,named in: LOTRUnitTradeable
common.inventory,LOTRContainerUnsmeltery,LOTRUnsmelteryMenu,ported,
common.inventory,LOTREntityInventory,,referenced,named in: LOTRInventoryNPC LOTRInventoryNPCItems
common.inventory,LOTRInventoryGollum,,missing,
common.inventory,LOTRInventoryNPC,LOTRInventoryNPC,ported,
common.inventory,LOTRInventoryPouch,,excluded,
common.inventory,LOTRSlotAlignmentReward,,missing,
common.inventory,LOTRSlotAnvilOutput,,referenced,named in: LOTRAnvilMenu
common.inventory,LOTRSlotArmorStand,,missing,
common.inventory,LOTRSlotBarrel,,referenced,named in: LOTRBarrelMenu
common.inventory,LOTRSlotBarrelResult,,referenced,named in: LOTRBarrelMenu
common.inventory,LOTRSlotBomb,,missing,
common.inventory,LOTRSlotBonemeal,,missing,
common.inventory,LOTRSlotCoinResult,,missing,
common.inventory,LOTRSlotDaleCracker,,missing,
common.inventory,LOTRSlotHiredReplaceItem,,missing,
common.inventory,LOTRSlotImmutable,,missing,
common.inventory,LOTRSlotMeleeWeapon,,missing,
common.inventory,LOTRSlotMillstone,,referenced,named in: LOTRMillstoneMenu
common.inventory,LOTRSlotPouch,,missing,
common.inventory,LOTRSlotProtected,,missing,
common.inventory,LOTRSlotSaddle,,missing,
common.inventory,LOTRSlotSeeds,,missing,
common.inventory,LOTRSlotStackSize,,referenced,named in: LOTRForgeBlockEntity LOTRHobbitOvenBlockEntity
common.inventory,LOTRSlotTrade,,missing,
common.inventory,LOTRSlotUnsmeltResult,,referenced,named in: LOTRUnsmelteryMenu
common.inventory,OddmentCollectorNameMischief,,missing,
common.item,AnvilNameColorProvider,,missing,
common.item,LOTRItemAncientItem,LOTRAncientItem,ported,
common.item,LOTRItemAncientItemParts,,absorbed,backs 1 field(s): ancientItemParts
common.item,LOTRItemAnduril,,absorbed,backs 1 field(s): anduril
common.item,LOTRItemAnimalJar,LOTRAnimalJarItem,ported,
common.item,LOTRItemArmor,,absorbed,backs 235 field(s): bodyAngmar bodyArnor bodyBlackNumenorean bodyBlackUruk bodyBlackroot bodyBlueDwarven ...
common.item,LOTRItemArmorStand,,excluded,
common.item,LOTRItemArrowPoisoned,LOTRPoisonedArrowItem,ported,
common.item,LOTRItemAxe,LOTRAxeItem,ported,
common.item,LOTRItemBalrogWhip,LOTRBalrogWhipItem,ported,
common.item,LOTRItemBanner,LOTRBannerBlock LOTRBannerBlockEntity LOTRBannerRenderState LOTRBannerRenderer LOTRBannerModel,ported,
common.item,LOTRItemBarrel,LOTRBarrelItem,ported,
common.item,LOTRItemBattleaxe,,absorbed,backs 20 field(s): battleaxeAngmar battleaxeBlackUruk battleaxeBlueDwarven battleaxeBronze battleaxeCorsair battleaxeDale ...
common.item,LOTRItemBearRug,LOTRBearRugEntity,ported,
common.item,LOTRItemBed,LOTRBedBlock,ported,
common.item,LOTRItemBerry,,absorbed,backs 6 field(s): blackberry blueberry cranberry elderberry raspberry wildberry
common.item,LOTRItemBlockGoran,LOTRGoranBlock,ported,
common.item,LOTRItemBlockMetadata,,missing,
common.item,LOTRItemBlowgun,LOTRBlowgunItem,ported,
common.item,LOTRItemBone,,absorbed,backs 6 field(s): dwarfBone elfBone hobbitBone orcBone trollBone wargBone
common.item,LOTRItemBossTrophy,LOTRBossTrophyItem,ported,
common.item,LOTRItemBottlePoison,,absorbed,backs 1 field(s): bottlePoison
common.item,LOTRItemBow,LOTRBowItem,ported,
common.item,LOTRItemBrandingIron,,missing,backs 1 field(s): brandingIron
common.item,LOTRItemChisel,LOTRChiselItem,ported,
common.item,LOTRItemCoin,,absorbed,backs 1 field(s): silverCoin
common.item,LOTRItemCommandHorn,LOTRCommandHornItem,ported,
common.item,LOTRItemCommandSword,LOTRCommandSwordItem,ported,
common.item,LOTRItemConker,LOTRConkerEntity,ported,
common.item,LOTRItemConquestHorn,,absorbed,backs 1 field(s): conquestHorn
common.item,LOTRItemCrossbow,LOTRCrossbowItem,ported,
common.item,LOTRItemCrossbowBolt,LOTRCrossbowBoltItem,ported,
common.item,LOTRItemDagger,,absorbed,backs 63 field(s): daggerAncientHarad daggerAngmar daggerAngmarPoisoned daggerArnor daggerArnorPoisoned daggerBarrow ...
common.item,LOTRItemDaleCracker,LOTRDaleCrackerItem,ported,
common.item,LOTRItemDart,LOTRDartItem,ported,
common.item,LOTRItemDoor,,missing,
common.item,LOTRItemDoubleFlower,,referenced,named in: LOTRModelProvider
common.item,LOTRItemDoubleTorch,LOTRDoubleTorchBlock,ported,
common.item,LOTRItemDye,,absorbed,backs 1 field(s): dye
common.item,LOTRItemEnchantment,,absorbed,backs 4 field(s): balrogFire bountyTrophy chilling mithrilBook
common.item,LOTRItemEntDraught,LOTREntDraughtItem,ported,
common.item,LOTRItemFallenLeaves,LOTRFallenLeavesItem,ported,
common.item,LOTRItemFeatherDyed,,absorbed,backs 1 field(s): featherDyed
common.item,LOTRItemFenceVanilla,,missing,
common.item,LOTRItemFirePot,LOTRFirePotItem,ported,
common.item,LOTRItemFood,,absorbed,backs 47 field(s): almond appleGreen bananaBread camelCooked camelRaw cherry ...
common.item,LOTRItemGandalfStaffGrey,,absorbed,backs 1 field(s): gandalfStaffGrey
common.item,LOTRItemGandalfStaffWhite,LOTRGandalfStaffWhiteItem,ported,
common.item,LOTRItemGate,LOTRGateBlock LOTRGateModel,ported,
common.item,LOTRItemGem,,absorbed,backs 2 field(s): coral pearl
common.item,LOTRItemGemWithAnvilNameColor,,absorbed,backs 8 field(s): amber amethyst diamond emerald opal ruby ...
common.item,LOTRItemGiraffeRug,LOTRGiraffeRugEntity,ported,
common.item,LOTRItemGlamdring,,absorbed,backs 1 field(s): glamdring
common.item,LOTRItemGlassBottle,,referenced,named in: LOTRVanillaVessels
common.item,LOTRItemGrapeSeeds,LOTRGrapeSeedsItem,ported,
common.item,LOTRItemGuldurilCrystal,LOTRGuldurilCrystalItem,ported,
common.item,LOTRItemHammer,,absorbed,backs 20 field(s): blacksmithHammer clubMoredain dunlendingClub hammerAngmar hammerBlackUruk hammerBlueDwarven ...
common.item,LOTRItemHangingFruit,LOTRHangingFruitItem,ported,
common.item,LOTRItemHaradRobes,,absorbed,backs 3 field(s): bodyHaradRobes bootsHaradRobes legsHaradRobes
common.item,LOTRItemHaradTurban,,absorbed,backs 1 field(s): helmetHaradRobes
common.item,LOTRItemHobbitPipe,,absorbed,backs 1 field(s): hobbitPipe
common.item,LOTRItemHoe,LOTRHoeItem,ported,
common.item,LOTRItemKaftan,,absorbed,backs 2 field(s): bodyKaftan legsKaftan
common.item,LOTRItemKebab,LOTRKebabItem,ported,
common.item,LOTRItemKebabStand,LOTRKebabStandItem,ported,
common.item,LOTRItemLance,,absorbed,backs 3 field(s): lanceDolAmroth lanceGondor lanceRohan
common.item,LOTRItemLeatherHat,LOTRLeatherHatItem,ported,
common.item,LOTRItemLeaves,,missing,
common.item,LOTRItemLionRug,LOTRLionRugEntity,ported,
common.item,LOTRItemManFlesh,LOTRManFleshItem,ported,
common.item,LOTRItemMatch,LOTRMatchItem,ported,
common.item,LOTRItemMattock,,absorbed,backs 3 field(s): mattockBlueDwarven mattockDwarven mattockMithril
common.item,LOTRItemMechanism,LOTRMechanismItem,ported,
common.item,LOTRItemMobSpawner,,missing,
common.item,LOTRItemModifierTemplate,,absorbed,backs 1 field(s): modTemplate
common.item,LOTRItemMorgulShroom,LOTRMorgulShroomBlock,ported,
common.item,LOTRItemMountArmor,,absorbed,backs 23 field(s): boarArmorBlueDwarven boarArmorDwarven elkArmorWoodElven horseArmorDale horseArmorDiamond horseArmorDolAmroth ...
common.item,LOTRItemMug,LOTRMugBlock LOTRMugBlockEntity LOTRMugRenderState LOTRMugRenderer,ported,
common.item,LOTRItemMugMorgulDraught,,absorbed,backs 1 field(s): mugMorgulDraught
common.item,LOTRItemMugTauredainCure,,absorbed,backs 1 field(s): mugTauredainCure
common.item,LOTRItemMugTermite,,absorbed,backs 1 field(s): mugTermiteTequila
common.item,LOTRItemMysteryWeb,LOTRMysteryWebEntity,ported,
common.item,LOTRItemNPCRespawner,,missing,backs 1 field(s): npcRespawner
common.item,LOTRItemOrcBomb,LOTROrcBombBlock LOTROrcBombEntity,ported,
common.item,LOTRItemOrcSkullStaff,,absorbed,backs 1 field(s): orcSkullStaff
common.item,LOTRItemOwnership,LOTRItemOwnership,ported,
common.item,LOTRItemPartyHat,,absorbed,backs 1 field(s): partyHat
common.item,LOTRItemPebble,LOTRPebbleItem,ported,
common.item,LOTRItemPickaxe,,absorbed,backs 15 field(s): pickaxeAngmar pickaxeBlueDwarven pickaxeBronze pickaxeDolGuldur pickaxeDwarven pickaxeElven ...
common.item,LOTRItemPike,,absorbed,backs 13 field(s): pikeBlueDwarven pikeDale pikeDolGuldur pikeDwarven pikeGondor pikeGundabadUruk ...
common.item,LOTRItemPlaceableFood,LOTRPlaceableFoodBlock,ported,
common.item,LOTRItemPlate,LOTRPlateItem,ported,
common.item,LOTRItemPolearm,,absorbed,backs 8 field(s): polearmAngmar polearmElven polearmHighElven polearmOrc polearmRhun polearmRivendell ...
common.item,LOTRItemPolearmLong,,absorbed,backs 6 field(s): halberdMithril longspearDolAmroth longspearElven longspearHighElven longspearRivendell longspearWoodElven
common.item,LOTRItemPotion,,referenced,named in: LOTRVanillaVessels
common.item,LOTRItemPouch,,excluded,
common.item,LOTRItemQuenditeCrystal,LOTRQuenditeCrystalItem,ported,
common.item,LOTRItemRedBook,,absorbed,backs 1 field(s): redBook
common.item,LOTRItemReeds,,missing,
common.item,LOTRItemRhunFireJar,,missing,
common.item,LOTRItemRing,,absorbed,backs 3 field(s): goldRing mithrilRing silverRing
common.item,LOTRItemRingil,,absorbed,backs 1 field(s): ringil
common.item,LOTRItemRugBase,LOTRRugItem,ported,
common.item,LOTRItemSalt,LOTRSaltItem,ported,
common.item,LOTRItemSauronMace,LOTRSauronMaceItem,ported,
common.item,LOTRItemSeeds,,absorbed,backs 2 field(s): flaxSeeds pipeweedSeeds
common.item,LOTRItemShovel,LOTRShovelItem,ported,
common.item,LOTRItemSling,LOTRSlingItem,ported,
common.item,LOTRItemSpawnEgg,LOTRSpawnEggItem,ported,
common.item,LOTRItemSpear,,absorbed,backs 29 field(s): spearAngmar spearArnor spearBlackNumenorean spearBlackUruk spearBladorthin spearBlueDwarven ...
common.item,LOTRItemStew,,absorbed,backs 5 field(s): leekSoup mapleSyrup melonSoup rabbitStew torogStew
common.item,LOTRItemSting,,absorbed,backs 1 field(s): sting
common.item,LOTRItemStructureSpawner,,missing,backs 1 field(s): structureSpawner
common.item,LOTRItemSword,,absorbed,backs 36 field(s): morgulBlade rollingPin scimitarBlackUruk scimitarHalfTroll scimitarNearHarad scimitarOrc ...
common.item,LOTRItemTallGrass,,missing,
common.item,LOTRItemTermite,LOTRTermiteEntity LOTRTermiteRenderer LOTRTermiteModel,ported,
common.item,LOTRItemThrowingAxe,LOTRThrowingAxeItem,ported,
common.item,LOTRItemTreasurePile,LOTRTreasurePileItem,ported,
common.item,LOTRItemTrident,LOTRTridentItem,ported,
common.item,LOTRItemTrollStatue,LOTRTrollStatueItem,ported,
common.item,LOTRItemUtumnoKey,,absorbed,backs 1 field(s): utumnoKey
common.item,LOTRItemVessel,LOTRVesselItem,ported,
common.item,LOTRItemVine,,missing,
common.item,LOTRItemWargskinRug,LOTRWargskinRugEntity,ported,
common.item,LOTRItemWaterPlant,,referenced,named in: LOTRBlocks LOTRFallenLeavesItem
common.item,LOTRItemWithAnvilNameColor,,absorbed,backs 1 field(s): nauriteGem
common.item,LOTRMaterial,,referenced,named in: LOTRCombatItems LOTRFactionDyeRecipe LOTRItemTags LOTRManEntity ...
common.item,LOTRPoisonedDrinks,LOTRPoisonedDrinks,ported,
common.item,LOTRPotionPoisonKilling,,referenced,named in: LOTRDrinkPoisonMobEffect
common.item,LOTRStoryItem,,referenced,named in: LOTRCreativeTabs
common.item,LOTRValuableItems,LOTRValuableItems,ported,
common.item,LOTRWeaponStats,,referenced,named in: LOTRAttackOnCollideGoal LOTRCombatItems LOTRGateBlock LOTRItemTags ...
common.network,LOTRPacketAchievement,,missing,
common.network,LOTRPacketAchievementRemove,,missing,
common.network,LOTRPacketAlignDrain,,referenced,named in: LOTRPlayerAlignments
common.network,LOTRPacketAlignment,,missing,
common.network,LOTRPacketAlignmentBonus,,missing,
common.network,LOTRPacketAlignmentChoiceOffer,,missing,
common.network,LOTRPacketAlignmentChoices,,missing,
common.network,LOTRPacketAlignmentSee,,missing,
common.network,LOTRPacketAnvilEngraveOwner,,missing,
common.network,LOTRPacketAnvilReforge,,missing,
common.network,LOTRPacketAnvilRename,,referenced,named in: LOTRAnvilRenamePayload LOTRPackets
common.network,LOTRPacketBannerData,,missing,
common.network,LOTRPacketBannerRequestInvalidName,,missing,
common.network,LOTRPacketBannerValidate,,missing,
common.network,LOTRPacketBeaconEdit,,referenced,named in: LOTRBeaconBlock LOTRBeaconEditPayload LOTRPackets
common.network,LOTRPacketBiomeVariantsUnwatch,,missing,
common.network,LOTRPacketBiomeVariantsWatch,,missing,
common.network,LOTRPacketBlockFX,,missing,
common.network,LOTRPacketBrandingIron,,missing,
common.network,LOTRPacketBrewingButton,,referenced,named in: LOTRBrewingButtonPayload LOTRPackets
common.network,LOTRPacketBrokenPledge,,referenced,named in: LOTRBrokenPledgePayload LOTRClientFactionState
common.network,LOTRPacketBuyUnit,,missing,
common.network,LOTRPacketCWPProtectionMessage,,missing,
common.network,LOTRPacketCWPSharedHide,,missing,
common.network,LOTRPacketCWPSharedHideClient,,missing,
common.network,LOTRPacketCWPSharedUnlockClient,,missing,
common.network,LOTRPacketCancelItemHighlight,,missing,
common.network,LOTRPacketClientInfo,,missing,
common.network,LOTRPacketClientMQEvent,,missing,
common.network,LOTRPacketClientsideGUI,,missing,
common.network,LOTRPacketCoinExchange,,missing,
common.network,LOTRPacketConquestGrid,,missing,
common.network,LOTRPacketConquestGridRequest,,missing,
common.network,LOTRPacketConquestNotification,,missing,
common.network,LOTRPacketCreateCWP,,missing,
common.network,LOTRPacketCreateCWPClient,,missing,
common.network,LOTRPacketDate,,missing,
common.network,LOTRPacketDeleteCWP,,missing,
common.network,LOTRPacketDeleteCWPClient,,missing,
common.network,LOTRPacketDeleteMiniquest,,missing,
common.network,LOTRPacketEditBanner,,missing,
common.network,LOTRPacketEditNPCRespawner,,missing,
common.network,LOTRPacketEditSign,,referenced,named in: LOTRCarvedSignBlockEntity LOTRPackets LOTRSignEditPayload
common.network,LOTRPacketEnableAlignmentZones,,referenced,named in: LOTRAlignmentZonesPayload
common.network,LOTRPacketEntityUUID,,missing,
common.network,LOTRPacketEnvironmentOverlay,,missing,
common.network,LOTRPacketFTBounceClient,,missing,
common.network,LOTRPacketFTBounceServer,,missing,
common.network,LOTRPacketFTCooldown,,missing,
common.network,LOTRPacketFTScreen,,missing,
common.network,LOTRPacketFTTimer,,missing,
common.network,LOTRPacketFactionData,,missing,
common.network,LOTRPacketFactionRelations,,referenced,named in: LOTRFactionRelationsPayload
common.network,LOTRPacketFamilyInfo,,referenced,named in: LOTRFamilyInfo
common.network,LOTRPacketFastTravel,,missing,
common.network,LOTRPacketFellowship,,missing,
common.network,LOTRPacketFellowshipAcceptInviteResult,,missing,
common.network,LOTRPacketFellowshipCreate,,missing,
common.network,LOTRPacketFellowshipDisband,,missing,
common.network,LOTRPacketFellowshipDo,,base,extended by: LOTRPacketFellowshipDisband LOTRPacketFellowshipDoPlayer LOTRPacketFellowshipInvitePlayer LOTRPacketFellowshipLeave LOTRPacketFellowshipRename LOTRPacketFellowshipRespondInvite ...
common.network,LOTRPacketFellowshipDoPlayer,,missing,
common.network,LOTRPacketFellowshipInvitePlayer,,missing,
common.network,LOTRPacketFellowshipLeave,,missing,
common.network,LOTRPacketFellowshipNotification,,missing,
common.network,LOTRPacketFellowshipPartialUpdate,,base,extended by: 
common.network,LOTRPacketFellowshipRemove,,missing,
common.network,LOTRPacketFellowshipRename,,missing,
common.network,LOTRPacketFellowshipRespondInvite,,missing,
common.network,LOTRPacketFellowshipSetIcon,,missing,
common.network,LOTRPacketFellowshipToggle,,missing,
common.network,LOTRPacketHandler,,missing,
common.network,LOTRPacketHiredGui,,referenced,named in: LOTRHiredNPCInfo
common.network,LOTRPacketHiredInfo,,referenced,named in: LOTRHiredInfoPayload LOTRSpeechClient
common.network,LOTRPacketHiredUnitCommand,,missing,
common.network,LOTRPacketHiredUnitDismiss,,missing,
common.network,LOTRPacketHiredUnitInteract,,missing,
common.network,LOTRPacketHornSelect,,referenced,named in: LOTRPackets
common.network,LOTRPacketInvasionWatch,,missing,
common.network,LOTRPacketIsOpRequest,,missing,
common.network,LOTRPacketIsOpResponse,,missing,
common.network,LOTRPacketItemSquadron,,referenced,named in: LOTRPackets
common.network,LOTRPacketLocationFX,,referenced,named in: LOTRCommandSwordItem
common.network,LOTRPacketLogin,,missing,
common.network,LOTRPacketLoginPlayerData,,missing,
common.network,LOTRPacketMallornEntHeal,,missing,
common.network,LOTRPacketMallornEntSummon,,missing,
common.network,LOTRPacketMapTp,,missing,
common.network,LOTRPacketMercenaryInteract,,missing,
common.network,LOTRPacketMessage,,missing,
common.network,LOTRPacketMiniquest,,missing,
common.network,LOTRPacketMiniquestOffer,,missing,
common.network,LOTRPacketMiniquestOfferClose,,missing,
common.network,LOTRPacketMiniquestRemove,,missing,
common.network,LOTRPacketMiniquestTrack,,missing,
common.network,LOTRPacketMiniquestTrackClient,,missing,
common.network,LOTRPacketMobSpawner,,missing,
common.network,LOTRPacketMountControl,,missing,
common.network,LOTRPacketMountControlServerEnforce,,missing,
common.network,LOTRPacketMountOpenInv,,missing,
common.network,LOTRPacketNPCCombatStance,,referenced,named in: LOTRNPCEntity
common.network,LOTRPacketNPCFX,,missing,
common.network,LOTRPacketNPCIsEating,,referenced,named in: LOTRNPCEntity
common.network,LOTRPacketNPCIsOfferingQuest,,missing,
common.network,LOTRPacketNPCRespawner,,missing,
common.network,LOTRPacketNPCSpeech,,referenced,named in: LOTRNPCSpeechPayload LOTRSpeechClient
common.network,LOTRPacketNPCSquadron,,missing,
common.network,LOTRPacketOpenSignEditor,,referenced,named in: LOTROpenSignEditorPayload
common.network,LOTRPacketOptions,,missing,
common.network,LOTRPacketPledge,,missing,
common.network,LOTRPacketPledgeSet,,referenced,named in: LOTRPackets LOTRPlayerAlignments LOTRPledgeSetPayload LOTRScreenFactions
common.network,LOTRPacketPortalPos,,missing,
common.network,LOTRPacketRenameCWP,,missing,
common.network,LOTRPacketRenameCWPClient,,missing,
common.network,LOTRPacketRenamePouch,,missing,
common.network,LOTRPacketRestockPouches,,missing,
common.network,LOTRPacketSealCracker,,referenced,named in: LOTRDaleCrackerMenu
common.network,LOTRPacketSelectShield,,missing,
common.network,LOTRPacketSelectTitle,,missing,
common.network,LOTRPacketSell,,missing,
common.network,LOTRPacketSetOption,,missing,
common.network,LOTRPacketSetPlayerRotation,,missing,
common.network,LOTRPacketShareCWP,,missing,
common.network,LOTRPacketShareCWPClient,,missing,
common.network,LOTRPacketShield,,missing,
common.network,LOTRPacketSpawnMob,,missing,
common.network,LOTRPacketStopItemUse,,missing,
common.network,LOTRPacketTitle,,missing,
common.network,LOTRPacketTraderInfo,,referenced,named in: LOTRTraderNPCInfo
common.network,LOTRPacketTraderInteract,,missing,
common.network,LOTRPacketUnitTraderInteract,,missing,
common.network,LOTRPacketUpdatePlayerLocations,,missing,
common.network,LOTRPacketUpdateViewingFaction,,missing,
common.network,LOTRPacketUtumnoKill,,missing,
common.network,LOTRPacketUtumnoReturn,,missing,
common.network,LOTRPacketWaypointRegion,,missing,
common.network,LOTRPacketWaypointUseCount,,missing,
common.network,LOTRPacketWeaponFX,,referenced,named in: LOTRGandalfStaffWhiteItem LOTRModifierSpecials LOTRSauronMaceItem
common.playerdetails,ExclusiveGroup,,missing,
common.playerdetails,LOTRPlayerDetailsCache,,missing,
common.playerdetails,PlayerDetails,,missing,
common.playerdetails,PlayerDetailsApiClient,,missing,
common.quest,IPickpocketable,,missing,
common.quest,LOTRMiniQuest,,base,extended by: LOTRMiniQuestBounty LOTRMiniQuestCollectBase LOTRMiniQuestKill LOTRMiniQuestWelcome
common.quest,LOTRMiniQuestBounty,,missing,
common.quest,LOTRMiniQuestCollect,,missing,
common.quest,LOTRMiniQuestCollectBase,,base,extended by: LOTRMiniQuestCollect LOTRMiniQuestPickpocket
common.quest,LOTRMiniQuestEvent,,base,extended by: LOTRMiniQuestEvent
common.quest,LOTRMiniQuestFactory,,missing,
common.quest,LOTRMiniQuestKill,,base,extended by: LOTRMiniQuestKillEntity LOTRMiniQuestKillFaction
common.quest,LOTRMiniQuestKillEntity,,missing,
common.quest,LOTRMiniQuestKillFaction,,missing,
common.quest,LOTRMiniQuestPickpocket,,missing,
common.quest,LOTRMiniQuestRetrieve,,missing,
common.quest,LOTRMiniQuestWelcome,,missing,
common.quest,MiniQuestSelector,,missing,
common.recipe,LOTRBrewingRecipes,LOTRBrewingRecipes,ported,
common.recipe,LOTREntJarRecipes,,referenced,named in: LOTREntJarBlock LOTREntJarBlockEntity
common.recipe,LOTRMillstoneRecipes,LOTRMillstoneRecipes,ported,
common.recipe,LOTRRecipeFeatherDye,,missing,
common.recipe,LOTRRecipeHaradRobesDye,,referenced,named in: LOTRFactionDyeRecipe
common.recipe,LOTRRecipeHaradTurbanOrnament,,missing,
common.recipe,LOTRRecipeHobbitPipe,,referenced,named in: LOTRSmokingPipeDyeRecipe LOTRSmokingPipeItem
common.recipe,LOTRRecipeLeatherHatDye,LOTRLeatherHatDyeRecipe,ported,
common.recipe,LOTRRecipeLeatherHatFeather,LOTRLeatherHatFeatherRecipe,ported,
common.recipe,LOTRRecipePartyHatDye,,missing,
common.recipe,LOTRRecipePoisonWeapon,,referenced,named in: LOTRAnvilMenu LOTRCauldronWashing LOTRFactionTransmuteRecipe
common.recipe,LOTRRecipes,,referenced,named in: LOTRCraftingTable LOTRFactionShapelessRecipe LOTRForgeBlockEntity LOTRItemTagProvider ...
common.recipe,LOTRRecipesArmorDyes,,missing,
common.recipe,LOTRRecipesBanners,,missing,
common.recipe,LOTRRecipesPoisonDrinks,,referenced,named in: LOTRDrinkItem LOTRPoisonDrinkRecipe
common.recipe,LOTRRecipesPouch,,missing,
common.recipe,LOTRRecipesTreasurePile,,missing,
common.recipe,LOTRVesselRecipes,,missing,
common.tileentity,LOTRDwarvenGlowLogic,LOTRDwarvenGlowLogic,ported,
common.tileentity,LOTRTileEntityAlloyForge,,missing,
common.tileentity,LOTRTileEntityAlloyForgeBase,,referenced,named in: LOTRForgeBlockEntity
common.tileentity,LOTRTileEntityAnimalJar,LOTRAnimalJarBlockEntity,ported,
common.tileentity,LOTRTileEntityArmorStand,,excluded,
common.tileentity,LOTRTileEntityBarrel,LOTRBarrelBlockEntity,ported,
common.tileentity,LOTRTileEntityBeacon,LOTRBeaconBlockEntity,ported,
common.tileentity,LOTRTileEntityBookshelf,,missing,
common.tileentity,LOTRTileEntityChest,LOTRChestBlockEntity,ported,
common.tileentity,LOTRTileEntityCommandTable,,referenced,named in: LOTRTableOfCommandBlockEntity
common.tileentity,LOTRTileEntityCorruptMallorn,,missing,
common.tileentity,LOTRTileEntityDartTrap,LOTRDartTrapBlockEntity,ported,
common.tileentity,LOTRTileEntityDwarvenDoor,LOTRDwarvenDoorBlockEntity,ported,
common.tileentity,LOTRTileEntityDwarvenForge,,referenced,named in: LOTRForgeBlockEntity
common.tileentity,LOTRTileEntityElvenForge,,missing,
common.tileentity,LOTRTileEntityElvenPortal,,missing,
common.tileentity,LOTRTileEntityEntJar,LOTREntJarBlockEntity,ported,
common.tileentity,LOTRTileEntityFlowerPot,,missing,
common.tileentity,LOTRTileEntityForgeBase,LOTRForgeBlockEntity,ported,
common.tileentity,LOTRTileEntityGulduril,,missing,
common.tileentity,LOTRTileEntityHobbitOven,LOTRHobbitOvenBlockEntity,ported,
common.tileentity,LOTRTileEntityKebabStand,LOTRKebabStandBlockEntity,ported,
common.tileentity,LOTRTileEntityMillstone,LOTRMillstoneBlockEntity,ported,
common.tileentity,LOTRTileEntityMobSpawner,,missing,
common.tileentity,LOTRTileEntityMorgulPortal,,missing,
common.tileentity,LOTRTileEntityMug,LOTRMugBlockEntity,ported,
common.tileentity,LOTRTileEntityOrcForge,,missing,
common.tileentity,LOTRTileEntityPlate,LOTRPlateBlockEntity,ported,
common.tileentity,LOTRTileEntityPortalBase,,base,extended by: LOTRTileEntityElvenPortal LOTRTileEntityMorgulPortal
common.tileentity,LOTRTileEntitySign,,base,extended by: LOTRTileEntitySignCarved
common.tileentity,LOTRTileEntitySignCarved,LOTRCarvedSignBlockEntity,ported,
common.tileentity,LOTRTileEntitySignCarvedIthildin,,referenced,named in: LOTRCarvedSignBlock
common.tileentity,LOTRTileEntitySpawnerChest,,missing,
common.tileentity,LOTRTileEntityTrollTotem,LOTRTrollTotemBlockEntity,ported,
common.tileentity,LOTRTileEntityUnsmeltery,LOTRUnsmelteryBlockEntity,ported,
common.tileentity,LOTRTileEntityUtumnoPortal,,missing,
common.tileentity,LOTRTileEntityUtumnoReturnPortal,LOTRUtumnoReturnPortalBaseBlock,ported,
common.tileentity,LOTRTileEntityWeaponRack,LOTRWeaponRackBlockEntity,ported,
common.util,CentredSquareArray,,missing,
common.util,LOTRColorUtil,,referenced,named in: LOTRBreeGuardEntity
common.util,LOTRCommonIcons,,missing,
common.util,LOTRFunctions,,missing,
common.util,LOTRLog,,missing,
common.util,LOTRMazeGenerator,,missing,
common.util,LOTRVersionChecker,,missing,
common.world,LOTRChunkProvider,,missing,
common.world,LOTRChunkProviderUtumno,,missing,
common.world,LOTRTeleporter,,missing,
common.world,LOTRTeleporterElvenPortal,,missing,
common.world,LOTRTeleporterMorgulPortal,,missing,
common.world,LOTRTeleporterUtumno,,missing,
common.world,LOTRUtumnoLevel,,missing,
common.world,LOTRWorldChunkManager,,missing,
common.world,LOTRWorldInfo,,missing,
common.world,LOTRWorldProvider,,base,extended by: LOTRWorldProviderMiddleEarth LOTRWorldProviderUtumno
common.world,LOTRWorldProviderMiddleEarth,,missing,
common.world,LOTRWorldProviderUtumno,,missing,
common.world,LOTRWorldTypeMiddleEarth,,missing,
common.world.biome,LOTRBiome,,base,extended by: LOTRBiomeGenAdornland LOTRBiomeGenAnduin LOTRBiomeGenAngmar LOTRBiomeGenBarrowDowns LOTRBiomeGenBlueMountains LOTRBiomeGenBreeland ...
common.world.biome,LOTRBiomeDecorator,,missing,
common.world.biome,LOTRBiomeGenAdornland,,missing,
common.world.biome,LOTRBiomeGenAndrast,,missing,
common.world.biome,LOTRBiomeGenAnduin,,missing,
common.world.biome,LOTRBiomeGenAnduinMouth,,missing,
common.world.biome,LOTRBiomeGenAnduinVale,,missing,
common.world.biome,LOTRBiomeGenAngle,,missing,
common.world.biome,LOTRBiomeGenAngmar,,missing,
common.world.biome,LOTRBiomeGenAngmarMountains,,missing,
common.world.biome,LOTRBiomeGenBarrowDowns,,missing,
common.world.biome,LOTRBiomeGenBeach,,missing,
common.world.biome,LOTRBiomeGenBlackrootVale,,missing,
common.world.biome,LOTRBiomeGenBlueMountains,,missing,
common.world.biome,LOTRBiomeGenBlueMountainsFoothills,,missing,
common.world.biome,LOTRBiomeGenBreeland,,missing,
common.world.biome,LOTRBiomeGenBrownLands,,missing,
common.world.biome,LOTRBiomeGenCelebrant,,missing,
common.world.biome,LOTRBiomeGenChetwood,,missing,
common.world.biome,LOTRBiomeGenColdfells,,missing,
common.world.biome,LOTRBiomeGenDagorlad,,missing,
common.world.biome,LOTRBiomeGenDale,,missing,
common.world.biome,LOTRBiomeGenDeadMarshes,,missing,
common.world.biome,LOTRBiomeGenDolGuldur,,missing,
common.world.biome,LOTRBiomeGenDorEnErnil,,missing,
common.world.biome,LOTRBiomeGenDorEnErnilHills,,missing,
common.world.biome,LOTRBiomeGenDorwinion,,missing,
common.world.biome,LOTRBiomeGenDorwinionHills,,missing,
common.world.biome,LOTRBiomeGenDunland,,missing,
common.world.biome,LOTRBiomeGenEastBight,,missing,
common.world.biome,LOTRBiomeGenEasternDesolation,,missing,
common.world.biome,LOTRBiomeGenEmynMuil,,missing,
common.world.biome,LOTRBiomeGenEnedwaith,,missing,
common.world.biome,LOTRBiomeGenEntwashMouth,,missing,
common.world.biome,LOTRBiomeGenErebor,,missing,
common.world.biome,LOTRBiomeGenEregion,,missing,
common.world.biome,LOTRBiomeGenEriador,,missing,
common.world.biome,LOTRBiomeGenEriadorDowns,,missing,
common.world.biome,LOTRBiomeGenErynVorn,,missing,
common.world.biome,LOTRBiomeGenEttenmoors,,missing,
common.world.biome,LOTRBiomeGenFangorn,,referenced,named in: LOTREntJarBlock
common.world.biome,LOTRBiomeGenFangornClearing,,missing,
common.world.biome,LOTRBiomeGenFangornWasteland,,missing,
common.world.biome,LOTRBiomeGenFarHarad,,base,extended by: LOTRBiomeGenFarHaradBushland LOTRBiomeGenFarHaradCloudForest LOTRBiomeGenFarHaradJungle LOTRBiomeGenFarHaradMangrove LOTRBiomeGenFarHaradSavannah LOTRBiomeGenFarHaradSwamp ...
common.world.biome,LOTRBiomeGenFarHaradArid,,missing,
common.world.biome,LOTRBiomeGenFarHaradBushland,,missing,
common.world.biome,LOTRBiomeGenFarHaradCloudForest,,missing,
common.world.biome,LOTRBiomeGenFarHaradCoast,,missing,
common.world.biome,LOTRBiomeGenFarHaradForest,,missing,
common.world.biome,LOTRBiomeGenFarHaradJungle,,missing,
common.world.biome,LOTRBiomeGenFarHaradJungleEdge,,missing,
common.world.biome,LOTRBiomeGenFarHaradJungleLake,,missing,
common.world.biome,LOTRBiomeGenFarHaradJungleMountains,,missing,
common.world.biome,LOTRBiomeGenFarHaradMangrove,,missing,
common.world.biome,LOTRBiomeGenFarHaradSavannah,,missing,
common.world.biome,LOTRBiomeGenFarHaradSwamp,,missing,
common.world.biome,LOTRBiomeGenFarHaradVolcano,,missing,
common.world.biome,LOTRBiomeGenForodwaith,,missing,
common.world.biome,LOTRBiomeGenForodwaithCoast,,missing,
common.world.biome,LOTRBiomeGenForodwaithGlacier,,missing,
common.world.biome,LOTRBiomeGenForodwaithMountains,,missing,
common.world.biome,LOTRBiomeGenGladdenFields,,missing,
common.world.biome,LOTRBiomeGenGondor,,missing,
common.world.biome,LOTRBiomeGenGondorWoodlands,,missing,
common.world.biome,LOTRBiomeGenGorgoroth,,missing,
common.world.biome,LOTRBiomeGenGreyMountains,,missing,
common.world.biome,LOTRBiomeGenGreyMountainsFoothills,,missing,
common.world.biome,LOTRBiomeGenGulfHarad,,missing,
common.world.biome,LOTRBiomeGenGulfHaradForest,,missing,
common.world.biome,LOTRBiomeGenHalfTrollForest,,missing,
common.world.biome,LOTRBiomeGenHaradMountains,,missing,
common.world.biome,LOTRBiomeGenHarnedor,,missing,
common.world.biome,LOTRBiomeGenHarondor,,missing,
common.world.biome,LOTRBiomeGenImlothMelui,,missing,
common.world.biome,LOTRBiomeGenIronHills,,missing,
common.world.biome,LOTRBiomeGenIthilien,,missing,
common.world.biome,LOTRBiomeGenIthilienHills,,missing,
common.world.biome,LOTRBiomeGenIthilienWasteland,,missing,
common.world.biome,LOTRBiomeGenKanuka,,missing,
common.world.biome,LOTRBiomeGenLake,,missing,
common.world.biome,LOTRBiomeGenLamedon,,missing,
common.world.biome,LOTRBiomeGenLamedonHills,,missing,
common.world.biome,LOTRBiomeGenLastDesert,,missing,
common.world.biome,LOTRBiomeGenLebennin,,missing,
common.world.biome,LOTRBiomeGenLindon,,missing,
common.world.biome,LOTRBiomeGenLindonCoast,,missing,
common.world.biome,LOTRBiomeGenLindonWoodlands,,missing,
common.world.biome,LOTRBiomeGenLoneLands,,missing,
common.world.biome,LOTRBiomeGenLoneLandsHills,,missing,
common.world.biome,LOTRBiomeGenLongMarshes,,missing,
common.world.biome,LOTRBiomeGenLossarnach,,missing,
common.world.biome,LOTRBiomeGenLostladen,,missing,
common.world.biome,LOTRBiomeGenLothlorien,,missing,
common.world.biome,LOTRBiomeGenLothlorienEdge,,missing,
common.world.biome,LOTRBiomeGenMeneltarma,,missing,
common.world.biome,LOTRBiomeGenMidgewater,,missing,
common.world.biome,LOTRBiomeGenMinhiriath,,missing,
common.world.biome,LOTRBiomeGenMirkwood,,base,extended by: LOTRBiomeGenMirkwoodCorrupted LOTRBiomeGenMirkwoodNorth
common.world.biome,LOTRBiomeGenMirkwoodCorrupted,,missing,
common.world.biome,LOTRBiomeGenMirkwoodMountains,,missing,
common.world.biome,LOTRBiomeGenMirkwoodNorth,,missing,
common.world.biome,LOTRBiomeGenMistyMountains,,missing,
common.world.biome,LOTRBiomeGenMistyMountainsFoothills,,missing,
common.world.biome,LOTRBiomeGenMordor,,referenced,named in: LOTRBlockTagProvider LOTRBlockTags LOTRPlantBlock
common.world.biome,LOTRBiomeGenMordorMountains,,missing,
common.world.biome,LOTRBiomeGenMorgulVale,,referenced,named in: LOTRSpellParticle
common.world.biome,LOTRBiomeGenNanCurunir,,missing,
common.world.biome,LOTRBiomeGenNanUngol,,missing,
common.world.biome,LOTRBiomeGenNearHarad,,referenced,named in: LOTRDesertScorpionEntity
common.world.biome,LOTRBiomeGenNearHaradFertile,,missing,
common.world.biome,LOTRBiomeGenNearHaradFertileForest,,missing,
common.world.biome,LOTRBiomeGenNearHaradHills,,missing,
common.world.biome,LOTRBiomeGenNearHaradOasis,,missing,
common.world.biome,LOTRBiomeGenNearHaradRed,,missing,
common.world.biome,LOTRBiomeGenNearHaradRiverbank,,missing,
common.world.biome,LOTRBiomeGenNearHaradSemiDesert,,missing,
common.world.biome,LOTRBiomeGenNindalf,,missing,
common.world.biome,LOTRBiomeGenNurn,,missing,
common.world.biome,LOTRBiomeGenNurnMarshes,,missing,
common.world.biome,LOTRBiomeGenNurnen,,missing,
common.world.biome,LOTRBiomeGenOcean,,missing,
common.world.biome,LOTRBiomeGenOldForest,,missing,
common.world.biome,LOTRBiomeGenPelargir,,missing,
common.world.biome,LOTRBiomeGenPelennor,,missing,
common.world.biome,LOTRBiomeGenPertorogwaith,,missing,
common.world.biome,LOTRBiomeGenPinnathGelin,,missing,
common.world.biome,LOTRBiomeGenPukel,,missing,
common.world.biome,LOTRBiomeGenRedMountains,,missing,
common.world.biome,LOTRBiomeGenRedMountainsFoothills,,missing,
common.world.biome,LOTRBiomeGenRhun,,missing,
common.world.biome,LOTRBiomeGenRhunForest,,missing,
common.world.biome,LOTRBiomeGenRhunIsland,,missing,
common.world.biome,LOTRBiomeGenRhunIslandForest,,missing,
common.world.biome,LOTRBiomeGenRhunLand,,missing,
common.world.biome,LOTRBiomeGenRhunLandHills,,missing,
common.world.biome,LOTRBiomeGenRhunLandSteppe,,missing,
common.world.biome,LOTRBiomeGenRhunRedForest,,missing,
common.world.biome,LOTRBiomeGenRivendell,,missing,
common.world.biome,LOTRBiomeGenRivendellHills,,missing,
common.world.biome,LOTRBiomeGenRiver,,missing,
common.world.biome,LOTRBiomeGenRohan,,missing,
common.world.biome,LOTRBiomeGenRohanUruk,,missing,
common.world.biome,LOTRBiomeGenRohanWoodlands,,missing,
common.world.biome,LOTRBiomeGenShire,,missing,
common.world.biome,LOTRBiomeGenShireMarshes,,missing,
common.world.biome,LOTRBiomeGenShireMoors,,missing,
common.world.biome,LOTRBiomeGenShireWoodlands,,missing,
common.world.biome,LOTRBiomeGenSwanfleet,,missing,
common.world.biome,LOTRBiomeGenTaiga,,missing,
common.world.biome,LOTRBiomeGenTauredainClearing,,missing,
common.world.biome,LOTRBiomeGenTolfalas,,missing,
common.world.biome,LOTRBiomeGenTowerHills,,missing,
common.world.biome,LOTRBiomeGenTrollshaws,,missing,
common.world.biome,LOTRBiomeGenTundra,,missing,
common.world.biome,LOTRBiomeGenUdun,,missing,
common.world.biome,LOTRBiomeGenUmbar,,missing,
common.world.biome,LOTRBiomeGenUmbarForest,,missing,
common.world.biome,LOTRBiomeGenUtumno,,missing,
common.world.biome,LOTRBiomeGenWhiteDowns,,missing,
common.world.biome,LOTRBiomeGenWhiteMountains,,missing,
common.world.biome,LOTRBiomeGenWhiteMountainsFoothills,,missing,
common.world.biome,LOTRBiomeGenWilderland,,missing,
common.world.biome,LOTRBiomeGenWilderlandNorth,,missing,
common.world.biome,LOTRBiomeGenWindMountains,,missing,
common.world.biome,LOTRBiomeGenWindMountainsFoothills,,missing,
common.world.biome,LOTRBiomeGenWold,,missing,
common.world.biome,LOTRBiomeGenWoodlandRealm,,missing,
common.world.biome,LOTRBiomeGenWoodlandRealmHills,,missing,
common.world.biome,LOTRMusicRegion,,missing,
common.world.biome.variant,LOTRBiomeVariant,,missing,
common.world.biome.variant,LOTRBiomeVariantDeadForest,,missing,
common.world.biome.variant,LOTRBiomeVariantDenseForest,,missing,
common.world.biome.variant,LOTRBiomeVariantDunes,,missing,
common.world.biome.variant,LOTRBiomeVariantForest,,missing,
common.world.biome.variant,LOTRBiomeVariantList,,missing,
common.world.biome.variant,LOTRBiomeVariantOrchard,,missing,
common.world.biome.variant,LOTRBiomeVariantScrubland,,missing,
common.world.biome.variant,LOTRBiomeVariantStorage,,missing,
common.world.biome.variant,LOTRBiomeVariantWasteland,,missing,
common.world.feature,LOTRTreeType,,missing,
common.world.feature,LOTRWorldGenAlmond,,missing,
common.world.feature,LOTRWorldGenAspen,,missing,
common.world.feature,LOTRWorldGenBanana,,missing,
common.world.feature,LOTRWorldGenBaobab,,missing,
common.world.feature,LOTRWorldGenBerryBush,,missing,
common.world.feature,LOTRWorldGenBigTrees,,missing,
common.world.feature,LOTRWorldGenBiomeFlowers,,missing,
common.world.feature,LOTRWorldGenBlastedLand,,missing,
common.world.feature,LOTRWorldGenBoulder,,missing,
common.world.feature,LOTRWorldGenBushes,,missing,
common.world.feature,LOTRWorldGenCaveCobwebs,,missing,
common.world.feature,LOTRWorldGenCedar,,missing,
common.world.feature,LOTRWorldGenCharredTrees,,missing,
common.world.feature,LOTRWorldGenClover,,missing,
common.world.feature,LOTRWorldGenCorn,,missing,
common.world.feature,LOTRWorldGenCypress,,missing,
common.world.feature,LOTRWorldGenDeadTrees,,missing,
common.world.feature,LOTRWorldGenDesertTrees,,missing,
common.world.feature,LOTRWorldGenDoubleFlower,,missing,
common.world.feature,LOTRWorldGenDragonblood,,missing,
common.world.feature,LOTRWorldGenEntJars,,missing,
common.world.feature,LOTRWorldGenFallenLeaves,,missing,
common.world.feature,LOTRWorldGenFangornTrees,,missing,
common.world.feature,LOTRWorldGenFir,,missing,
common.world.feature,LOTRWorldGenGnarledOak,,missing,
common.world.feature,LOTRWorldGenGrassPatch,,missing,
common.world.feature,LOTRWorldGenHolly,,missing,
common.world.feature,LOTRWorldGenKanuka,,missing,
common.world.feature,LOTRWorldGenLairelosse,,missing,
common.world.feature,LOTRWorldGenLarch,,missing,
common.world.feature,LOTRWorldGenLogs,,missing,
common.world.feature,LOTRWorldGenMallorn,,missing,
common.world.feature,LOTRWorldGenMallornExtreme,,missing,
common.world.feature,LOTRWorldGenMangrove,,missing,
common.world.feature,LOTRWorldGenMarshLights,,missing,
common.world.feature,LOTRWorldGenMirkOak,,missing,
common.world.feature,LOTRWorldGenMordorMoss,,missing,
common.world.feature,LOTRWorldGenMountainsideBush,,missing,
common.world.feature,LOTRWorldGenObsidianGravel,,missing,
common.world.feature,LOTRWorldGenOlive,,missing,
common.world.feature,LOTRWorldGenPalm,,missing,
common.world.feature,LOTRWorldGenPartyTrees,,missing,
common.world.feature,LOTRWorldGenPine,,missing,
common.world.feature,LOTRWorldGenRedwood,,missing,
common.world.feature,LOTRWorldGenReeds,,missing,
common.world.feature,LOTRWorldGenSand,,missing,
common.world.feature,LOTRWorldGenSeaBlock,,missing,
common.world.feature,LOTRWorldGenShirePine,,missing,
common.world.feature,LOTRWorldGenShrub,,missing,
common.world.feature,LOTRWorldGenSimpleTrees,,missing,
common.world.feature,LOTRWorldGenSkullPile,,missing,
common.world.feature,LOTRWorldGenStalactites,,missing,
common.world.feature,LOTRWorldGenStreams,,missing,
common.world.feature,LOTRWorldGenSurfaceGravel,,missing,
common.world.feature,LOTRWorldGenTrollHoard,,missing,
common.world.feature,LOTRWorldGenVolcanoCrater,,missing,
common.world.feature,LOTRWorldGenWaterPlant,,missing,
common.world.feature,LOTRWorldGenWebOfUngoliant,,missing,
common.world.feature,LOTRWorldGenWillow,,missing,
common.world.feature,LOTRWorldGenYams,,missing,
common.world.genlayer,LOTRGenLayer,,base,extended by: LOTRGenLayerBeach LOTRGenLayerBiome LOTRGenLayerBiomeSubtypes LOTRGenLayerBiomeSubtypesInit LOTRGenLayerBiomeVariants LOTRGenLayerBiomeVariantsLake ...
common.world.genlayer,LOTRGenLayerBeach,,missing,
common.world.genlayer,LOTRGenLayerBiome,,missing,
common.world.genlayer,LOTRGenLayerBiomeSubtypes,,missing,
common.world.genlayer,LOTRGenLayerBiomeSubtypesInit,,missing,
common.world.genlayer,LOTRGenLayerBiomeVariants,,missing,
common.world.genlayer,LOTRGenLayerBiomeVariantsLake,,missing,
common.world.genlayer,LOTRGenLayerClassicBiomes,,missing,
common.world.genlayer,LOTRGenLayerClassicOcean,,missing,
common.world.genlayer,LOTRGenLayerClassicRemoveOcean,,missing,
common.world.genlayer,LOTRGenLayerExtractMapRivers,,missing,
common.world.genlayer,LOTRGenLayerIncludeMapRivers,,missing,
common.world.genlayer,LOTRGenLayerMapRiverZoom,,missing,
common.world.genlayer,LOTRGenLayerNarrowRivers,,missing,
common.world.genlayer,LOTRGenLayerNearHaradOasis,,missing,
common.world.genlayer,LOTRGenLayerNearHaradRiverbanks,,missing,
common.world.genlayer,LOTRGenLayerOasisLake,,missing,
common.world.genlayer,LOTRGenLayerRemoveMapRivers,,missing,
common.world.genlayer,LOTRGenLayerRiver,,missing,
common.world.genlayer,LOTRGenLayerRiverInit,,missing,
common.world.genlayer,LOTRGenLayerSmooth,,missing,
common.world.genlayer,LOTRGenLayerWorld,,missing,
common.world.genlayer,LOTRGenLayerZoom,,missing,
common.world.genlayer,LOTRGenLayerZoomVoronoi,,missing,
common.world.map,LOTRAbstractWaypoint,,missing,
common.world.map,LOTRConquestGrid,,missing,
common.world.map,LOTRConquestZone,,missing,
common.world.map,LOTRCustomWaypoint,,missing,
common.world.map,LOTRCustomWaypointLogger,,missing,
common.world.map,LOTRFixedStructures,,missing,
common.world.map,LOTRMountains,,missing,
common.world.map,LOTRRoadGenerator,,missing,
common.world.map,LOTRRoadType,,base,extended by: 
common.world.map,LOTRRoads,,missing,
common.world.map,LOTRWaypoint,,missing,
common.world.map,LOTRWorldGenIsengardWalls,,missing,
common.world.map,LOTRWorldGenRammasEchor,,missing,
common.world.map,LOTRWorldGenUtumnoEntrance,,missing,
common.world.mapgen,LOTRMapGenCaves,,missing,
common.world.mapgen,LOTRMapGenCavesUtumno,,missing,
common.world.mapgen,LOTRMapGenRavine,,missing,
common.world.mapgen.dwarvenmine,LOTRComponentDwarvenMineCorridor,,missing,
common.world.mapgen.dwarvenmine,LOTRComponentDwarvenMineCrossing,,missing,
common.world.mapgen.dwarvenmine,LOTRComponentDwarvenMineEntrance,,missing,
common.world.mapgen.dwarvenmine,LOTRComponentDwarvenMineStairs,,missing,
common.world.mapgen.dwarvenmine,LOTRMapGenDwarvenMine,,missing,
common.world.mapgen.dwarvenmine,LOTRStructureDwarvenMinePieces,,missing,
common.world.mapgen.dwarvenmine,LOTRStructureDwarvenMineStart,,missing,
common.world.mapgen.tpyr,LOTRComponentTauredainPyramid,,missing,
common.world.mapgen.tpyr,LOTRMapGenTauredainPyramid,,missing,
common.world.mapgen.tpyr,LOTRStructureTPyrStart,,missing,
common.world.spawning,LOTRBiomeInvasionSpawns,,missing,
common.world.spawning,LOTRBiomeSpawnList,,missing,
common.world.spawning,LOTREventSpawner,,missing,
common.world.spawning,LOTRGollumSpawner,,missing,
common.world.spawning,LOTRInvasions,LOTRInvasions,ported,
common.world.spawning,LOTRSpawnEntry,,missing,
common.world.spawning,LOTRSpawnList,,missing,
common.world.spawning,LOTRSpawnerAnimals,,missing,
common.world.spawning,LOTRSpawnerNPCs,,missing,
common.world.spawning,LOTRTravellingTraderSpawner,,missing,
common.world.structure,LOTRChestContents,LOTRChestContents,ported,
common.world.structure,LOTRStructures,,missing,
common.world.structure,LOTRWorldGenAngmarShrine,,missing,
common.world.structure,LOTRWorldGenAngmarTower,,missing,
common.world.structure,LOTRWorldGenBlueMountainsStronghold,,missing,
common.world.structure,LOTRWorldGenDunlendingCampfire,,missing,
common.world.structure,LOTRWorldGenElfLordHouse,,missing,
common.world.structure,LOTRWorldGenGondorRuin,,missing,
common.world.structure,LOTRWorldGenGondorRuins,,missing,
common.world.structure,LOTRWorldGenHaradObelisk,,missing,
common.world.structure,LOTRWorldGenHighElvenHall,,missing,
common.world.structure,LOTRWorldGenHighElvenTurret,,missing,
common.world.structure,LOTRWorldGenHobbitPicnicBench,,missing,
common.world.structure,LOTRWorldGenMarshHut,,missing,
common.world.structure,LOTRWorldGenMordorTower,,missing,
common.world.structure,LOTRWorldGenNurnFarmBase,,base,extended by: LOTRWorldGenNurnWheatFarm
common.world.structure,LOTRWorldGenNurnWheatFarm,,missing,
common.world.structure,LOTRWorldGenOrcDungeon,,missing,
common.world.structure,LOTRWorldGenOrcSlaverTower,,missing,
common.world.structure,LOTRWorldGenRivendellHall,,missing,
common.world.structure,LOTRWorldGenRohanBarrow,,missing,
common.world.structure,LOTRWorldGenRuinedDunedainTower,,missing,
common.world.structure,LOTRWorldGenRuinedGondorTower,,missing,
common.world.structure,LOTRWorldGenRuinedHighElvenTurret,,missing,
common.world.structure,LOTRWorldGenRuinedRohanWatchtower,,missing,
common.world.structure,LOTRWorldGenRuinedWoodElfTower,,missing,
common.world.structure,LOTRWorldGenStructureBase,,base,extended by: LOTRWorldGenAngmarShrine LOTRWorldGenAngmarTower LOTRWorldGenBlueMountainsStronghold LOTRWorldGenDunlendingCampfire LOTRWorldGenElfLordHouse LOTRWorldGenGondorRuin ...
common.world.structure,LOTRWorldGenUnderwaterElvenRuin,,missing,
common.world.structure,LOTRWorldGenWoodElfPlatform,,missing,
common.world.structure,LOTRWorldGenWoodElfTower,,missing,
common.world.structure2,LOTRStructureTimelapse,,missing,
common.world.structure2,LOTRWorldGenAngmarCamp,,missing,
common.world.structure2,LOTRWorldGenAngmarForgeTent,,missing,
common.world.structure2,LOTRWorldGenAngmarHillmanChieftainHouse,,missing,
common.world.structure2,LOTRWorldGenAngmarHillmanHouse,,missing,
common.world.structure2,LOTRWorldGenAngmarHillmanVillage,,missing,
common.world.structure2,LOTRWorldGenAngmarTent,,missing,
common.world.structure2,LOTRWorldGenAngmarWargPit,,missing,
common.world.structure2,LOTRWorldGenBDBarrow,,missing,
common.world.structure2,LOTRWorldGenBeaconTower,,missing,
common.world.structure2,LOTRWorldGenBlackUrukFort,,missing,
common.world.structure2,LOTRWorldGenBlackrootFortress,,missing,
common.world.structure2,LOTRWorldGenBlackrootWatchfort,,missing,
common.world.structure2,LOTRWorldGenBlackrootWatchtower,,missing,
common.world.structure2,LOTRWorldGenBlueMountainsHouse,,missing,
common.world.structure2,LOTRWorldGenBlueMountainsSmithy,,missing,
common.world.structure2,LOTRWorldGenBreeBarn,,missing,
common.world.structure2,LOTRWorldGenBreeGarden,,missing,
common.world.structure2,LOTRWorldGenBreeGate,,missing,
common.world.structure2,LOTRWorldGenBreeGatehouse,,missing,
common.world.structure2,LOTRWorldGenBreeHedgePart,,missing,
common.world.structure2,LOTRWorldGenBreeHobbitBurrow,,missing,
common.world.structure2,LOTRWorldGenBreeHouse,,missing,
common.world.structure2,LOTRWorldGenBreeInn,,missing,
common.world.structure2,LOTRWorldGenBreeLampPost,,missing,
common.world.structure2,LOTRWorldGenBreeMarket,,missing,
common.world.structure2,LOTRWorldGenBreeMarketStall,,base,extended by: 
common.world.structure2,LOTRWorldGenBreeOffice,,missing,
common.world.structure2,LOTRWorldGenBreeRuffianHouse,,missing,
common.world.structure2,LOTRWorldGenBreeSmithy,,missing,
common.world.structure2,LOTRWorldGenBreeStable,,missing,
common.world.structure2,LOTRWorldGenBreeStructure,,base,extended by: LOTRWorldGenBreeBarn LOTRWorldGenBreeGarden LOTRWorldGenBreeGate LOTRWorldGenBreeGatehouse LOTRWorldGenBreeHedgePart LOTRWorldGenBreeHouse ...
common.world.structure2,LOTRWorldGenBreeWell,,missing,
common.world.structure2,LOTRWorldGenBurntHouse,,missing,
common.world.structure2,LOTRWorldGenCampBase,,base,extended by: LOTRWorldGenAngmarCamp LOTRWorldGenCorsairCamp LOTRWorldGenDolGuldurCamp LOTRWorldGenGundabadCamp LOTRWorldGenMordorCamp LOTRWorldGenMoredainMercCamp ...
common.world.structure2,LOTRWorldGenCorsairCamp,,missing,
common.world.structure2,LOTRWorldGenCorsairCampCage,,missing,
common.world.structure2,LOTRWorldGenCorsairCove,,missing,
common.world.structure2,LOTRWorldGenCorsairStructure,,base,extended by: LOTRWorldGenCorsairCampCage LOTRWorldGenCorsairCove LOTRWorldGenCorsairTent
common.world.structure2,LOTRWorldGenCorsairTent,,missing,
common.world.structure2,LOTRWorldGenDaleBakery,,missing,
common.world.structure2,LOTRWorldGenDaleFortress,,missing,
common.world.structure2,LOTRWorldGenDaleHouse,,missing,
common.world.structure2,LOTRWorldGenDaleSmithy,,missing,
common.world.structure2,LOTRWorldGenDaleStructure,,base,extended by: LOTRWorldGenDaleBakery LOTRWorldGenDaleFortress LOTRWorldGenDaleHouse LOTRWorldGenDaleSmithy LOTRWorldGenDaleVillageTower LOTRWorldGenDaleWatchtower
common.world.structure2,LOTRWorldGenDaleVillage,,missing,
common.world.structure2,LOTRWorldGenDaleVillageTower,,missing,
common.world.structure2,LOTRWorldGenDaleWatchtower,,missing,
common.world.structure2,LOTRWorldGenDolAmrothStables,,missing,
common.world.structure2,LOTRWorldGenDolAmrothWatchfort,,missing,
common.world.structure2,LOTRWorldGenDolAmrothWatchtower,,missing,
common.world.structure2,LOTRWorldGenDolGuldurAltar,,missing,
common.world.structure2,LOTRWorldGenDolGuldurCamp,,missing,
common.world.structure2,LOTRWorldGenDolGuldurForgeTent,,missing,
common.world.structure2,LOTRWorldGenDolGuldurSpiderPit,,missing,
common.world.structure2,LOTRWorldGenDolGuldurTent,,missing,
common.world.structure2,LOTRWorldGenDolGuldurTower,,missing,
common.world.structure2,LOTRWorldGenDorwinionBath,,missing,
common.world.structure2,LOTRWorldGenDorwinionBrewery,,missing,
common.world.structure2,LOTRWorldGenDorwinionCamp,,missing,
common.world.structure2,LOTRWorldGenDorwinionCaptainTent,,missing,
common.world.structure2,LOTRWorldGenDorwinionElfHouse,,missing,
common.world.structure2,LOTRWorldGenDorwinionGarden,,missing,
common.world.structure2,LOTRWorldGenDorwinionHouse,,missing,
common.world.structure2,LOTRWorldGenDorwinionTent,,missing,
common.world.structure2,LOTRWorldGenDunlandHillFort,,missing,
common.world.structure2,LOTRWorldGenDunlandStructure,,base,extended by: LOTRWorldGenDunlandHillFort LOTRWorldGenDunlendingHouse LOTRWorldGenDunlendingTavern
common.world.structure2,LOTRWorldGenDunlendingHouse,,missing,
common.world.structure2,LOTRWorldGenDunlendingTavern,,missing,
common.world.structure2,LOTRWorldGenDwarfHouse,,missing,
common.world.structure2,LOTRWorldGenDwarfSmithy,,missing,
common.world.structure2,LOTRWorldGenDwarvenMineEntrance,,missing,
common.world.structure2,LOTRWorldGenDwarvenMineEntranceRuined,,missing,
common.world.structure2,LOTRWorldGenDwarvenTower,,missing,
common.world.structure2,LOTRWorldGenEasterlingFortress,,missing,
common.world.structure2,LOTRWorldGenEasterlingGarden,,missing,
common.world.structure2,LOTRWorldGenEasterlingGatehouse,,missing,
common.world.structure2,LOTRWorldGenEasterlingHouse,,missing,
common.world.structure2,LOTRWorldGenEasterlingLamp,,missing,
common.world.structure2,LOTRWorldGenEasterlingLargeTownHouse,,missing,
common.world.structure2,LOTRWorldGenEasterlingMarketStall,,base,extended by: 
common.world.structure2,LOTRWorldGenEasterlingSmithy,,missing,
common.world.structure2,LOTRWorldGenEasterlingStables,,missing,
common.world.structure2,LOTRWorldGenEasterlingStatue,,missing,
common.world.structure2,LOTRWorldGenEasterlingStructure,,base,extended by: LOTRWorldGenEasterlingGarden LOTRWorldGenEasterlingHouse LOTRWorldGenEasterlingLamp LOTRWorldGenEasterlingMarketStall LOTRWorldGenEasterlingStables LOTRWorldGenEasterlingStatue ...
common.world.structure2,LOTRWorldGenEasterlingStructureTown,,base,extended by: LOTRWorldGenEasterlingFortress LOTRWorldGenEasterlingGatehouse LOTRWorldGenEasterlingLargeTownHouse LOTRWorldGenEasterlingSmithy LOTRWorldGenEasterlingTower LOTRWorldGenEasterlingTownHouse ...
common.world.structure2,LOTRWorldGenEasterlingTavern,,missing,
common.world.structure2,LOTRWorldGenEasterlingTavernTown,,missing,
common.world.structure2,LOTRWorldGenEasterlingTower,,missing,
common.world.structure2,LOTRWorldGenEasterlingTownHouse,,missing,
common.world.structure2,LOTRWorldGenEasterlingTownWall,,missing,
common.world.structure2,LOTRWorldGenEasterlingVillageFarm,,base,extended by: 
common.world.structure2,LOTRWorldGenEasterlingVillageSign,,missing,
common.world.structure2,LOTRWorldGenEasterlingWell,,missing,
common.world.structure2,LOTRWorldGenElfHouse,,referenced,named in: LOTRButterflyEntity
common.world.structure2,LOTRWorldGenElvenForge,,base,extended by: LOTRWorldGenGaladhrimForge LOTRWorldGenHighElvenForge LOTRWorldGenWoodElvenForge
common.world.structure2,LOTRWorldGenGaladhrimForge,,missing,
common.world.structure2,LOTRWorldGenGondorBarn,,missing,
common.world.structure2,LOTRWorldGenGondorBath,,missing,
common.world.structure2,LOTRWorldGenGondorCottage,,missing,
common.world.structure2,LOTRWorldGenGondorFortGate,,missing,
common.world.structure2,LOTRWorldGenGondorFortWall,,base,extended by: 
common.world.structure2,LOTRWorldGenGondorFortWallCorner,,missing,
common.world.structure2,LOTRWorldGenGondorFortress,,missing,
common.world.structure2,LOTRWorldGenGondorGatehouse,,missing,
common.world.structure2,LOTRWorldGenGondorHouse,,missing,
common.world.structure2,LOTRWorldGenGondorLampPost,,missing,
common.world.structure2,LOTRWorldGenGondorMarketStall,,base,extended by: 
common.world.structure2,LOTRWorldGenGondorObelisk,,missing,
common.world.structure2,LOTRWorldGenGondorSmithy,,missing,
common.world.structure2,LOTRWorldGenGondorStables,,missing,
common.world.structure2,LOTRWorldGenGondorStoneHouse,,missing,
common.world.structure2,LOTRWorldGenGondorStructure,,base,extended by: LOTRWorldGenBeaconTower LOTRWorldGenGondorBarn LOTRWorldGenGondorBath LOTRWorldGenGondorCottage LOTRWorldGenGondorFortGate LOTRWorldGenGondorFortWall ...
common.world.structure2,LOTRWorldGenGondorTavern,,missing,
common.world.structure2,LOTRWorldGenGondorTownBench,,missing,
common.world.structure2,LOTRWorldGenGondorTownGarden,,missing,
common.world.structure2,LOTRWorldGenGondorTownTrees,,missing,
common.world.structure2,LOTRWorldGenGondorTownWall,,missing,
common.world.structure2,LOTRWorldGenGondorTurret,,missing,
common.world.structure2,LOTRWorldGenGondorVillageFarm,,base,extended by: 
common.world.structure2,LOTRWorldGenGondorVillageSign,,missing,
common.world.structure2,LOTRWorldGenGondorWatchfort,,missing,
common.world.structure2,LOTRWorldGenGondorWatchtower,,missing,
common.world.structure2,LOTRWorldGenGondorWell,,missing,
common.world.structure2,LOTRWorldGenGrukHouse,,missing,
common.world.structure2,LOTRWorldGenGulfAltar,,missing,
common.world.structure2,LOTRWorldGenGulfBazaar,,missing,
common.world.structure2,LOTRWorldGenGulfFarm,,missing,
common.world.structure2,LOTRWorldGenGulfHouse,,missing,
common.world.structure2,LOTRWorldGenGulfPasture,,missing,
common.world.structure2,LOTRWorldGenGulfPyramid,,missing,
common.world.structure2,LOTRWorldGenGulfSmithy,,missing,
common.world.structure2,LOTRWorldGenGulfStructure,,base,extended by: LOTRWorldGenGulfAltar LOTRWorldGenGulfBazaar LOTRWorldGenGulfFarm LOTRWorldGenGulfHouse LOTRWorldGenGulfPasture LOTRWorldGenGulfPyramid ...
common.world.structure2,LOTRWorldGenGulfTavern,,missing,
common.world.structure2,LOTRWorldGenGulfTotem,,missing,
common.world.structure2,LOTRWorldGenGulfTower,,missing,
common.world.structure2,LOTRWorldGenGulfTownWall,,missing,
common.world.structure2,LOTRWorldGenGulfVillageLight,,missing,
common.world.structure2,LOTRWorldGenGulfVillageSign,,missing,
common.world.structure2,LOTRWorldGenGulfWarCamp,,missing,
common.world.structure2,LOTRWorldGenGundabadCamp,,missing,
common.world.structure2,LOTRWorldGenGundabadForgeTent,,missing,
common.world.structure2,LOTRWorldGenGundabadTent,,missing,
common.world.structure2,LOTRWorldGenHalfTrollHouse,,missing,
common.world.structure2,LOTRWorldGenHalfTrollWarlordHouse,,missing,
common.world.structure2,LOTRWorldGenHaradPyramid,,missing,
common.world.structure2,LOTRWorldGenHaradRuinedFort,,missing,
common.world.structure2,LOTRWorldGenHarnedorFarm,,missing,
common.world.structure2,LOTRWorldGenHarnedorFort,,missing,
common.world.structure2,LOTRWorldGenHarnedorHouse,,missing,
common.world.structure2,LOTRWorldGenHarnedorHouseRuined,,missing,
common.world.structure2,LOTRWorldGenHarnedorMarket,,missing,
common.world.structure2,LOTRWorldGenHarnedorPalisade,,missing,
common.world.structure2,LOTRWorldGenHarnedorPalisadeRuined,,missing,
common.world.structure2,LOTRWorldGenHarnedorPasture,,missing,
common.world.structure2,LOTRWorldGenHarnedorSmithy,,missing,
common.world.structure2,LOTRWorldGenHarnedorStables,,missing,
common.world.structure2,LOTRWorldGenHarnedorStructure,,base,extended by: LOTRWorldGenHarnedorFarm LOTRWorldGenHarnedorFort LOTRWorldGenHarnedorHouse LOTRWorldGenHarnedorMarket LOTRWorldGenHarnedorPalisade LOTRWorldGenHarnedorPasture ...
common.world.structure2,LOTRWorldGenHarnedorTavern,,missing,
common.world.structure2,LOTRWorldGenHarnedorTavernRuined,,missing,
common.world.structure2,LOTRWorldGenHarnedorTower,,missing,
common.world.structure2,LOTRWorldGenHarnedorVillageSign,,missing,
common.world.structure2,LOTRWorldGenHayBales,,missing,
common.world.structure2,LOTRWorldGenHighElfHouse,,missing,
common.world.structure2,LOTRWorldGenHighElvenForge,,missing,
common.world.structure2,LOTRWorldGenHighElvenTower,,missing,
common.world.structure2,LOTRWorldGenHobbitBurrow,,missing,
common.world.structure2,LOTRWorldGenHobbitFarm,,missing,
common.world.structure2,LOTRWorldGenHobbitHole,,missing,
common.world.structure2,LOTRWorldGenHobbitHouse,,missing,
common.world.structure2,LOTRWorldGenHobbitStructure,,base,extended by: LOTRWorldGenHobbitBurrow LOTRWorldGenHobbitHole LOTRWorldGenHobbitHouse LOTRWorldGenHobbitTavern
common.world.structure2,LOTRWorldGenHobbitTavern,,missing,
common.world.structure2,LOTRWorldGenHobbitWindmill,,missing,
common.world.structure2,LOTRWorldGenIthilienHideout,,missing,
common.world.structure2,LOTRWorldGenLamedonFortress,,missing,
common.world.structure2,LOTRWorldGenLamedonWatchfort,,missing,
common.world.structure2,LOTRWorldGenLamedonWatchtower,,missing,
common.world.structure2,LOTRWorldGenLebenninFortress,,missing,
common.world.structure2,LOTRWorldGenLebenninWatchfort,,missing,
common.world.structure2,LOTRWorldGenLebenninWatchtower,,missing,
common.world.structure2,LOTRWorldGenLossarnachFortress,,missing,
common.world.structure2,LOTRWorldGenLossarnachWatchfort,,missing,
common.world.structure2,LOTRWorldGenLossarnachWatchtower,,missing,
common.world.structure2,LOTRWorldGenMeadHall,,missing,
common.world.structure2,LOTRWorldGenMordorCamp,,missing,
common.world.structure2,LOTRWorldGenMordorForgeTent,,missing,
common.world.structure2,LOTRWorldGenMordorSpiderPit,,missing,
common.world.structure2,LOTRWorldGenMordorStructure,,base,extended by: LOTRWorldGenBlackUrukFort
common.world.structure2,LOTRWorldGenMordorTent,,missing,
common.world.structure2,LOTRWorldGenMordorWargPit,,missing,
common.world.structure2,LOTRWorldGenMoredainCamp,,missing,
common.world.structure2,LOTRWorldGenMoredainHut,,base,extended by: LOTRWorldGenMoredainHutChieftain LOTRWorldGenMoredainHutHunter LOTRWorldGenMoredainHutTrader LOTRWorldGenMoredainHutVillage
common.world.structure2,LOTRWorldGenMoredainHutChieftain,,missing,
common.world.structure2,LOTRWorldGenMoredainHutHunter,,missing,
common.world.structure2,LOTRWorldGenMoredainHutTrader,,missing,
common.world.structure2,LOTRWorldGenMoredainHutVillage,,missing,
common.world.structure2,LOTRWorldGenMoredainMercCamp,,missing,
common.world.structure2,LOTRWorldGenMoredainMercDummy,,missing,
common.world.structure2,LOTRWorldGenMoredainMercTent,,missing,
common.world.structure2,LOTRWorldGenMoredainVillage,,missing,
common.world.structure2,LOTRWorldGenMumakSkeleton,,missing,
common.world.structure2,LOTRWorldGenNPCRespawner,,base,extended by: 
common.world.structure2,LOTRWorldGenNearHaradDesertCamp,,missing,
common.world.structure2,LOTRWorldGenNearHaradTent,,missing,
common.world.structure2,LOTRWorldGenNomadBazaarTent,,missing,
common.world.structure2,LOTRWorldGenNomadChieftainTent,,missing,
common.world.structure2,LOTRWorldGenNomadStructure,,base,extended by: LOTRWorldGenNomadBazaarTent LOTRWorldGenNomadChieftainTent LOTRWorldGenNomadTent LOTRWorldGenNomadTentLarge LOTRWorldGenNomadWell
common.world.structure2,LOTRWorldGenNomadTent,,missing,
common.world.structure2,LOTRWorldGenNomadTentLarge,,missing,
common.world.structure2,LOTRWorldGenNomadWell,,missing,
common.world.structure2,LOTRWorldGenNumenorRuin,,missing,
common.world.structure2,LOTRWorldGenPelargirFortress,,missing,
common.world.structure2,LOTRWorldGenPelargirWatchfort,,missing,
common.world.structure2,LOTRWorldGenPelargirWatchtower,,missing,
common.world.structure2,LOTRWorldGenPinnathGelinFortress,,missing,
common.world.structure2,LOTRWorldGenPinnathGelinWatchfort,,missing,
common.world.structure2,LOTRWorldGenPinnathGelinWatchtower,,missing,
common.world.structure2,LOTRWorldGenRangerCamp,,missing,
common.world.structure2,LOTRWorldGenRangerHouse,,missing,
common.world.structure2,LOTRWorldGenRangerLodge,,missing,
common.world.structure2,LOTRWorldGenRangerSmithy,,missing,
common.world.structure2,LOTRWorldGenRangerStables,,missing,
common.world.structure2,LOTRWorldGenRangerStructure,,base,extended by: LOTRWorldGenRangerHouse LOTRWorldGenRangerLodge LOTRWorldGenRangerSmithy LOTRWorldGenRangerStables LOTRWorldGenRangerVillageLight LOTRWorldGenRangerVillagePalisade ...
common.world.structure2,LOTRWorldGenRangerTent,,missing,
common.world.structure2,LOTRWorldGenRangerVillageLight,,missing,
common.world.structure2,LOTRWorldGenRangerVillagePalisade,,missing,
common.world.structure2,LOTRWorldGenRangerWatchtower,,missing,
common.world.structure2,LOTRWorldGenRangerWell,,missing,
common.world.structure2,LOTRWorldGenRhudaurCastle,,missing,
common.world.structure2,LOTRWorldGenRivendellForge,,missing,
common.world.structure2,LOTRWorldGenRivendellHouse,,missing,
common.world.structure2,LOTRWorldGenRohanBarn,,missing,
common.world.structure2,LOTRWorldGenRohanFortCorner,,missing,
common.world.structure2,LOTRWorldGenRohanFortWall,,missing,
common.world.structure2,LOTRWorldGenRohanFortress,,missing,
common.world.structure2,LOTRWorldGenRohanGatehouse,,missing,
common.world.structure2,LOTRWorldGenRohanHouse,,missing,
common.world.structure2,LOTRWorldGenRohanMarketStall,,base,extended by: 
common.world.structure2,LOTRWorldGenRohanSmithy,,missing,
common.world.structure2,LOTRWorldGenRohanStables,,missing,
common.world.structure2,LOTRWorldGenRohanStructure,,base,extended by: LOTRWorldGenEasterlingVillageSign LOTRWorldGenMeadHall LOTRWorldGenRohanBarn LOTRWorldGenRohanFortCorner LOTRWorldGenRohanFortWall LOTRWorldGenRohanFortress ...
common.world.structure2,LOTRWorldGenRohanVillageFarm,,missing,
common.world.structure2,LOTRWorldGenRohanVillageGarden,,missing,
common.world.structure2,LOTRWorldGenRohanVillagePalisade,,missing,
common.world.structure2,LOTRWorldGenRohanVillagePasture,,missing,
common.world.structure2,LOTRWorldGenRohanVillageSign,,missing,
common.world.structure2,LOTRWorldGenRohanWatchtower,,missing,
common.world.structure2,LOTRWorldGenRohanWell,,missing,
common.world.structure2,LOTRWorldGenRottenHouse,,missing,
common.world.structure2,LOTRWorldGenRuinedBeaconTower,,missing,
common.world.structure2,LOTRWorldGenRuinedDwarvenTower,,missing,
common.world.structure2,LOTRWorldGenRuinedEregionForge,,missing,
common.world.structure2,LOTRWorldGenRuinedHouse,,missing,
common.world.structure2,LOTRWorldGenSmallStoneRuin,,missing,
common.world.structure2,LOTRWorldGenSouthronBarracks,,missing,
common.world.structure2,LOTRWorldGenSouthronBazaar,,missing,
common.world.structure2,LOTRWorldGenSouthronFarm,,missing,
common.world.structure2,LOTRWorldGenSouthronFortCorner,,missing,
common.world.structure2,LOTRWorldGenSouthronFortGate,,missing,
common.world.structure2,LOTRWorldGenSouthronFortWall,,base,extended by: LOTRWorldGenUmbarFortWall
common.world.structure2,LOTRWorldGenSouthronFortress,,missing,
common.world.structure2,LOTRWorldGenSouthronHouse,,missing,
common.world.structure2,LOTRWorldGenSouthronLamp,,missing,
common.world.structure2,LOTRWorldGenSouthronMansion,,missing,
common.world.structure2,LOTRWorldGenSouthronPasture,,missing,
common.world.structure2,LOTRWorldGenSouthronSmithy,,missing,
common.world.structure2,LOTRWorldGenSouthronStables,,missing,
common.world.structure2,LOTRWorldGenSouthronStatue,,missing,
common.world.structure2,LOTRWorldGenSouthronStructure,,base,extended by: LOTRWorldGenSouthronBarracks LOTRWorldGenSouthronBazaar LOTRWorldGenSouthronFarm LOTRWorldGenSouthronFortCorner LOTRWorldGenSouthronFortGate LOTRWorldGenSouthronFortWall ...
common.world.structure2,LOTRWorldGenSouthronTavern,,missing,
common.world.structure2,LOTRWorldGenSouthronTower,,missing,
common.world.structure2,LOTRWorldGenSouthronTownCorner,,missing,
common.world.structure2,LOTRWorldGenSouthronTownFlowers,,missing,
common.world.structure2,LOTRWorldGenSouthronTownGate,,missing,
common.world.structure2,LOTRWorldGenSouthronTownTree,,missing,
common.world.structure2,LOTRWorldGenSouthronTownWall,,base,extended by: LOTRWorldGenUmbarTownWall
common.world.structure2,LOTRWorldGenSouthronTraining,,missing,
common.world.structure2,LOTRWorldGenSouthronVillageFence,,missing,
common.world.structure2,LOTRWorldGenSouthronVillagePost,,missing,
common.world.structure2,LOTRWorldGenSouthronVillageSign,,missing,
common.world.structure2,LOTRWorldGenSouthronWell,,missing,
common.world.structure2,LOTRWorldGenStoneRuin,,base,extended by: 
common.world.structure2,LOTRWorldGenStructureBase2,,referenced,named in: LOTRDwarvenDoorBlock
common.world.structure2,LOTRWorldGenTauredainChieftainPyramid,,missing,
common.world.structure2,LOTRWorldGenTauredainHouse,,base,extended by: LOTRWorldGenTauredainChieftainPyramid LOTRWorldGenTauredainHouseLarge LOTRWorldGenTauredainHouseSimple LOTRWorldGenTauredainHouseStilts LOTRWorldGenTauredainSmithy LOTRWorldGenTauredainVillageFarm ...
common.world.structure2,LOTRWorldGenTauredainHouseLarge,,missing,
common.world.structure2,LOTRWorldGenTauredainHouseSimple,,missing,
common.world.structure2,LOTRWorldGenTauredainHouseStilts,,missing,
common.world.structure2,LOTRWorldGenTauredainPyramid,,missing,
common.world.structure2,LOTRWorldGenTauredainSmithy,,missing,
common.world.structure2,LOTRWorldGenTauredainVillageFarm,,missing,
common.world.structure2,LOTRWorldGenTauredainVillageTree,,missing,
common.world.structure2,LOTRWorldGenTauredainWatchtower,,missing,
common.world.structure2,LOTRWorldGenTentBase,,base,extended by: LOTRWorldGenAngmarTent LOTRWorldGenDolGuldurTent LOTRWorldGenGundabadTent LOTRWorldGenMordorTent LOTRWorldGenRangerTent LOTRWorldGenUrukTent
common.world.structure2,LOTRWorldGenTicketBooth,,missing,
common.world.structure2,LOTRWorldGenTowerHillsTower,,missing,
common.world.structure2,LOTRWorldGenUmbarBarracks,,missing,
common.world.structure2,LOTRWorldGenUmbarBazaar,,missing,
common.world.structure2,LOTRWorldGenUmbarFarm,,missing,
common.world.structure2,LOTRWorldGenUmbarFortCorner,,missing,
common.world.structure2,LOTRWorldGenUmbarFortGate,,missing,
common.world.structure2,LOTRWorldGenUmbarFortWall,,base,extended by: 
common.world.structure2,LOTRWorldGenUmbarFortress,,missing,
common.world.structure2,LOTRWorldGenUmbarHouse,,missing,
common.world.structure2,LOTRWorldGenUmbarLamp,,missing,
common.world.structure2,LOTRWorldGenUmbarMansion,,missing,
common.world.structure2,LOTRWorldGenUmbarPasture,,missing,
common.world.structure2,LOTRWorldGenUmbarSmithy,,missing,
common.world.structure2,LOTRWorldGenUmbarStables,,missing,
common.world.structure2,LOTRWorldGenUmbarStatue,,missing,
common.world.structure2,LOTRWorldGenUmbarTavern,,missing,
common.world.structure2,LOTRWorldGenUmbarTower,,missing,
common.world.structure2,LOTRWorldGenUmbarTownCorner,,missing,
common.world.structure2,LOTRWorldGenUmbarTownFlowers,,missing,
common.world.structure2,LOTRWorldGenUmbarTownGate,,missing,
common.world.structure2,LOTRWorldGenUmbarTownTree,,missing,
common.world.structure2,LOTRWorldGenUmbarTownWall,,base,extended by: 
common.world.structure2,LOTRWorldGenUmbarTraining,,missing,
common.world.structure2,LOTRWorldGenUmbarVillageSign,,missing,
common.world.structure2,LOTRWorldGenUmbarWell,,missing,
common.world.structure2,LOTRWorldGenUrukCamp,,missing,
common.world.structure2,LOTRWorldGenUrukForgeTent,,missing,
common.world.structure2,LOTRWorldGenUrukTent,,missing,
common.world.structure2,LOTRWorldGenUrukWargPit,,missing,
common.world.structure2,LOTRWorldGenWargPitBase,,base,extended by: LOTRWorldGenAngmarWargPit LOTRWorldGenDolGuldurSpiderPit LOTRWorldGenMordorWargPit LOTRWorldGenUrukWargPit
common.world.structure2,LOTRWorldGenWoodElfHouse,,missing,
common.world.structure2,LOTRWorldGenWoodElvenForge,,missing,
common.world.structure2.scan,LOTRScanAlias,,missing,
common.world.structure2.scan,LOTRStructureScan,,missing,
common.world.village,LOTRVillageGen,,base,extended by: LOTRVillageGenBree LOTRVillageGenDunedain LOTRVillageGenGondor LOTRVillageGenGulfHarad LOTRVillageGenHaradNomad LOTRVillageGenHarnedor ...
common.world.village,LOTRVillageGenBree,,missing,
common.world.village,LOTRVillageGenDunedain,,missing,
common.world.village,LOTRVillageGenGondor,,missing,
common.world.village,LOTRVillageGenGulfHarad,,missing,
common.world.village,LOTRVillageGenHaradNomad,,missing,
common.world.village,LOTRVillageGenHarnedor,,missing,
common.world.village,LOTRVillageGenRhun,,missing,
common.world.village,LOTRVillageGenRohan,,missing,
common.world.village,LOTRVillageGenSouthron,,missing,
common.world.village,LOTRVillageGenTauredain,,missing,
common.world.village,LOTRVillageGenUmbar,,missing,
common.world.village,LOTRVillagePositionCache,,missing,
common.world.village,LocationInfo,,missing,
compatibility,LOTRModChecker,,missing,
