kind,old_field,old_unloc,old_meta,old_name,new_id,status,match,notes
block,Gravel,Gravel,,Gravel,,excluded,rule,
block,aleHornBlock,aleHorn,,,ale_horn_block,ported,id,
block,aleHornGoldBlock,aleHornGold,,,golden_ale_horn_block,ported,override,
block,alloyForge,alloyForge,,Alloy Forge,alloy_forge,ported,name,
block,angmarTable,angmarCraftingTable,,Angmar Crafting Table,angmar_crafting_table,ported,name,
block,appleCrumble,appleCrumble,,,apple_crumble,ported,id,
block,aridGrass,aridGrass,,Arid Grass,arid_grass,ported,name,
block,armorStand,armorStand,,,,excluded,rule,
block,asphodel,asphodel,,Asphodel,asphodel,ported,name,
block,athelas,athelas,,Athelas,athelas,ported,name,
block,bananaBlock,banana,,,banana_block,ported,id,
block,bananaCake,bananaCake,,,banana_cake,ported,id,
block,barrel,barrel,,Barrel,barrel,ported,name,
block,beacon,beacon,,Beacon of Gondor,beacon_of_gondor,ported,name,
block,berryBush,berryBush,0,Bare Blueberry Bush,berry_bush_blueberry,merged,override,bare bush is has_berries=false
block,berryBush,berryBush,1,Bare Blackberry Bush,berry_bush_blackberry,merged,override,bare bush is has_berries=false
block,berryBush,berryBush,10,Raspberry Bush,berry_bush_raspberry,ported,name,
block,berryBush,berryBush,11,Cranberry Bush,berry_bush_cranberry,ported,name,
block,berryBush,berryBush,12,Elderberry Bush,berry_bush_elderberry,ported,name,
block,berryBush,berryBush,13,Wildberry Bush,berry_bush_wildberry,ported,name,
block,berryBush,berryBush,2,Bare Raspberry Bush,berry_bush_raspberry,merged,override,bare bush is has_berries=false
block,berryBush,berryBush,3,Bare Cranberry Bush,berry_bush_cranberry,merged,override,bare bush is has_berries=false
block,berryBush,berryBush,4,Bare Elderberry Bush,berry_bush_elderberry,merged,override,bare bush is has_berries=false
block,berryBush,berryBush,5,Bare Wildberry Bush,berry_bush_wildberry,merged,override,bare bush is has_berries=false
block,berryBush,berryBush,8,Blueberry Bush,berry_bush_blueberry,ported,name,
block,berryBush,berryBush,9,Blackberry Bush,berry_bush_blackberry,ported,name,
block,berryPie,berryPie,,,berry_pie,ported,id,
block,birdCage,birdCage,0,Bronze Bird Cage,bronze_bird_cage,ported,name,
block,birdCage,birdCage,1,Iron Bird Cage,iron_bird_cage,ported,name,
block,birdCage,birdCage,2,Silver Bird Cage,silver_bird_cage,ported,name,
block,birdCage,birdCage,3,Golden Bird Cage,gold_bird_cage,ported,name,
block,birdCageWood,birdCageWood,0,Wooden Bird Cage,wooden_bird_cage,ported,name,
block,blackroot,blackroot,,Blackroot,blackroot,ported,name,
block,blockGem,blockGem,0,Topaz Block,topaz_block,ported,name,
block,blockGem,blockGem,1,Amethyst Block,amethyst_block,ported,name,
block,blockGem,blockGem,2,Sapphire Block,sapphire_block,ported,name,
block,blockGem,blockGem,3,Ruby Block,ruby_block,ported,name,
block,blockGem,blockGem,4,Amber Block,amber_block,ported,name,
block,blockGem,blockGem,5,Diamond Block,diamond_block,ported,name,
block,blockGem,blockGem,6,Pearl Block,pearl_block,ported,name,
block,blockGem,blockGem,7,Opal Block,opal_block,ported,name,
block,blockGem,blockGem,8,Coral Block,coral_block,ported,name,
block,blockGem,blockGem,9,Emerald Block,emerald_block,ported,name,
block,blueDwarfBars,blueDwarfBars,,Blue Dwarven Steel Bars,blue_dwarf_bars,ported,name,
block,blueDwarvenTable,blueDwarvenCraftingTable,,Blue Mountains Crafting Table,blue_dwarven_crafting_table,ported,name,
block,bluebell,bluebell,,Bluebell,bluebell,ported,name,
block,boneBlock,boneBlock,,Bone Block,bone_block,ported,name,
block,bookshelfStorage,bookshelfStorage,,,,missing,,
block,breeTable,breeCraftingTable,,Bree-land Crafting Table,bree_crafting_table,ported,name,
block,brick,brick,0,Mordor Brick,mordor_brick,ported,name,
block,brick,brick,1,Gondor Brick,gondor_brick,ported,name,
block,brick,brick,10,Mithril-trimmed Dwarven Brick,dwarven_mithril_brick,ported,name,
block,brick,brick,11,Galadhrim Brick,galadhrim_brick,ported,name,
block,brick,brick,12,Mossy Galadhrim Brick,mossy_galadhrim_brick,ported,name,
block,brick,brick,13,Cracked Galadhrim Brick,cracked_galadhrim_brick,ported,name,
block,brick,brick,14,Luigon Brick,blue_rock_brick,ported,name,
block,brick,brick,15,Haradric Brick,near_harad_brick,ported,name,
block,brick,brick,2,Mossy Gondor Brick,mossy_gondor_brick,ported,name,
block,brick,brick,3,Cracked Gondor Brick,cracked_gondor_brick,ported,name,
block,brick,brick,4,Rohan Brick,rohan_brick,ported,name,
block,brick,brick,5,Carved Gondor Brick,carved_gondor_brick,ported,name,
block,brick,brick,6,Dwarven Brick,dwarven_brick,ported,name,
block,brick,brick,7,Cracked Mordor Brick,cracked_mordor_brick,ported,name,
block,brick,brick,8,Silver-trimmed Dwarven Brick,dwarven_silver_brick,ported,name,
block,brick,brick,9,Gold-trimmed Dwarven Brick,dwarven_gold_brick,ported,name,
block,brick2,brick2,0,Angmar Brick,angmar_brick,ported,name,
block,brick2,brick2,1,Cracked Angmar Brick,cracked_angmar_brick,ported,name,
block,brick2,brick2,10,Carved Mordor Brick,carved_mordor_brick,ported,name,
block,brick2,brick2,11,Númenórean Brick,numenorean_brick,ported,name,
block,brick2,brick2,12,Carved Dwarven Brick,carved_dwarven_brick,ported,name,
block,brick2,brick2,13,Carved High Elven Brick,carved_high_elven_brick,ported,name,
block,brick2,brick2,14,Carved Wood-elven Brick,carved_wood_elven_brick,ported,name,
block,brick2,brick2,15,Carved Galadhrim Brick,carved_galadhrim_brick,ported,name,
block,brick2,brick2,2,Cargon Brick,red_rock_brick,ported,name,
block,brick2,brick2,3,Arnor Brick,arnor_brick,ported,name,
block,brick2,brick2,4,Mossy Arnor Brick,mossy_arnor_brick,ported,name,
block,brick2,brick2,5,Cracked Arnor Brick,cracked_arnor_brick,ported,name,
block,brick2,brick2,6,Carved Arnor Brick,carved_arnor_brick,ported,name,
block,brick2,brick2,7,Uruk Brick,uruk_brick,ported,name,
block,brick2,brick2,8,Dol Guldur Brick,dol_guldur_brick,ported,name,
block,brick2,brick2,9,Cracked Dol Guldur Brick,cracked_dol_guldur_brick,ported,name,
block,brick3,brick3,0,Carved Luigon Brick,blue_carved_brick,ported,name,
block,brick3,brick3,1,Carved Cargon Brick,red_carved_brick,ported,name,
block,brick3,brick3,10,Morwaith Brick,morwaith_brick,ported,name,
block,brick3,brick3,11,Cracked Haradric Brick,near_harad_cracked_brick,ported,name,
block,brick3,brick3,12,Glowing Dwarven Brick,glowing_dwarven_brick,ported,name,
block,brick3,brick3,13,Red Haradric Brick,near_harad_red_brick,ported,name,
block,brick3,brick3,14,Cracked Red Haradric Brick,near_harad_red_cracked_brick,ported,name,
block,brick3,brick3,15,Carved Red Haradric Brick,near_harad_red_carved_brick,ported,name,
block,brick3,brick3,2,High Elven Brick,high_elven_brick,ported,name,
block,brick3,brick3,3,Mossy High Elven Brick,mossy_high_elven_brick,ported,name,
block,brick3,brick3,4,Cracked High Elven Brick,cracked_high_elven_brick,ported,name,
block,brick3,brick3,5,Wood-elven Brick,wood_elven_brick,ported,name,
block,brick3,brick3,6,Mossy Wood-elven Brick,mossy_wood_elven_brick,ported,name,
block,brick3,brick3,7,Cracked Wood-elven Brick,cracked_wood_elven_brick,ported,name,
block,brick3,brick3,8,Carved Haradric Brick,near_harad_carved_brick,ported,name,
block,brick3,brick3,9,Dol Amroth Brick,dol_amroth_brick,ported,name,
block,brick4,brick4,0,Taurethrim Brick,tauredain_brick,ported,name,
block,brick4,brick4,1,Mossy Taurethrim Brick,tauredain_mossy_brick,ported,name,
block,brick4,brick4,10,Silver-trimmed Wood-elven Brick,wood_elven_silver_brick,ported,name,
block,brick4,brick4,11,Gold-trimmed High Elven Brick,high_elven_gold_brick,ported,name,
block,brick4,brick4,12,Gold-trimmed Galadhrim Brick,galadhrim_gold_brick,ported,name,
block,brick4,brick4,13,Gold-trimmed Wood-elven Brick,wood_elven_gold_brick,ported,name,
block,brick4,brick4,14,Obsidian Dwarven Brick,obsidian_dwarven_brick,ported,name,
block,brick4,brick4,15,Chalk Brick,chalk_brick,ported,name,
block,brick4,brick4,2,Cracked Taurethrim Brick,tauredain_cracked_brick,ported,name,
block,brick4,brick4,3,Golden Taurethrim Brick,tauredain_gold_brick,ported,name,
block,brick4,brick4,4,Obsidian Taurethrim Brick,tauredain_obsidian_brick,ported,name,
block,brick4,brick4,5,Cracked Dwarven Brick,cracked_dwarven_brick,ported,name,
block,brick4,brick4,6,Carved Black Gondor Brick,carved_black_gondor_brick,ported,override,Carved Black Gondor Brick (not carved_gondor_brick)
block,brick4,brick4,7,Lapis-trimmed Haradric Brick,near_harad_lapis_brick,ported,name,
block,brick4,brick4,8,Silver-trimmed High Elven Brick,high_elven_silver_brick,ported,name,
block,brick4,brick4,9,Silver-trimmed Galadhrim Brick,galadhrim_silver_brick,ported,name,
block,brick5,brick5,0,Mud Brick,mud_brick,ported,name,
block,brick5,brick5,1,Dalish Brick,dale_brick,ported,name,
block,brick5,brick5,10,Cracked Gondor Cobblebrick,cracked_gondor_cobblebrick,ported,name,
block,brick5,brick5,11,Rhûnic Brick,rhun_brick,ported,name,
block,brick5,brick5,12,Carved Rhûnic Brick,rhun_carved_brick,ported,name,
block,brick5,brick5,13,Mossy Rhûnic Brick,rhun_mossy_brick,ported,name,
block,brick5,brick5,14,Cracked Rhûnic Brick,rhun_cracked_brick,ported,name,
block,brick5,brick5,15,Flowery Rhûnic Brick,rhun_flowers_brick,ported,name,
block,brick5,brick5,2,Dorwinion Brick,dorwinion_brick,ported,name,
block,brick5,brick5,3,Carved Rohan Brick,carved_rohan_brick,ported,name,
block,brick5,brick5,4,Mossy Dorwinion Brick,mossy_dorwinion_brick,ported,name,
block,brick5,brick5,5,Cracked Dorwinion Brick,cracked_dorwinion_brick,ported,name,
block,brick5,brick5,6,Carved Dorwinion Brick,carved_dorwinion_brick,ported,name,
block,brick5,brick5,7,Flowery Dorwinion Brick,dorwinion_flowers_brick,ported,name,
block,brick5,brick5,8,Gondor Cobblebrick,gondor_cobblebrick,ported,name,
block,brick5,brick5,9,Mossy Gondor Cobblebrick,mossy_gondor_cobblebrick,ported,name,
block,brick6,brick6,0,Gold-trimmed Rhûnic Brick,rhun_gold_brick,ported,name,
block,brick6,brick6,1,Red Rhûnic Brick,rhun_red_brick,ported,name,
block,brick6,brick6,10,Snowy Angmar Brick,angmar_snow_brick,ported,name,
block,brick6,brick6,11,Mossy Dol Guldur Brick,mossy_dol_guldur_brick,ported,name,
block,brick6,brick6,12,Carved Dol Guldur Brick,carved_dol_guldur_brick,ported,name,
block,brick6,brick6,13,Cracked Morwaith Brick,cracked_morwaith_brick,ported,name,
block,brick6,brick6,2,Carved Red Rhûnic Brick,rhun_red_carved_brick,ported,name,
block,brick6,brick6,3,Mossy Dalish Brick,dale_mossy_brick,ported,name,
block,brick6,brick6,4,Cracked Dalish Brick,dale_cracked_brick,ported,name,
block,brick6,brick6,5,Carved Dalish Brick,dale_carved_brick,ported,name,
block,brick6,brick6,6,Umbar Brick,umbar_brick,ported,name,
block,brick6,brick6,7,Cracked Umbar Brick,cracked_umbar_brick,ported,name,
block,brick6,brick6,8,Carved Umbar Brick,carved_umbar_brick,ported,name,
block,brick6,brick6,9,Carved Black Umbar Brick,carved_black_umbar_brick,ported,name,
block,bronzeBars,bronzeBars,,Bronze Bars,bronze_bars,ported,name,
block,butterflyJar,butterflyJar,0,Butterfly Jar,butterfly_jar,ported,name,
block,buttonBlueRock,buttonBlueRock,,Button,blue_rock_button,ported,id,
block,buttonChalk,buttonChalk,,Button,chalk_button,ported,id,
block,buttonGondorRock,buttonGondorRock,,Button,gondor_rock_button,ported,id,
block,buttonMordorRock,buttonMordorRock,,Button,mordor_rock_button,ported,id,
block,buttonRedRock,buttonRedRock,,Button,red_rock_button,ported,id,
block,buttonRohanRock,buttonRohanRock,,Button,rohan_rock_button,ported,id,
block,ceramicMugBlock,ceramicMug,,,ceramic_mug_block,ported,id,
block,ceramicPlateBlock,ceramicPlate,,,stoneware_plate,ported,override,
block,chandelier,chandelier,0,Bronze Chandelier,bronze_chandelier,ported,name,
block,chandelier,chandelier,1,Iron Chandelier,iron_chandelier,ported,name,
block,chandelier,chandelier,10,High Elven Chandelier,high_elven_chandelier,ported,name,
block,chandelier,chandelier,11,Blue Dwarven Chandelier,blue_dwarven_chandelier,ported,name,
block,chandelier,chandelier,12,Morgul Chandelier,morgul_chandelier,ported,name,
block,chandelier,chandelier,13,Blue Mallorn Chandelier,blue_mallorn_chandelier,ported,name,
block,chandelier,chandelier,14,Golden Mallorn Chandelier,mallorn_gold_chandelier,ported,name,
block,chandelier,chandelier,15,Green Mallorn Chandelier,green_mallorn_chandelier,ported,name,
block,chandelier,chandelier,2,Silver Chandelier,silver_chandelier,ported,name,
block,chandelier,chandelier,3,Gold Chandelier,gold_chandelier,ported,name,
block,chandelier,chandelier,4,Mithril Chandelier,mithril_chandelier,ported,name,
block,chandelier,chandelier,5,Silver Mallorn Chandelier,silver_mallorn_chandelier,ported,name,
block,chandelier,chandelier,6,Wood-elven Chandelier,wood_elven_chandelier,ported,name,
block,chandelier,chandelier,7,Orc Chandelier,orc_chandelier,ported,name,
block,chandelier,chandelier,8,Dwarven Chandelier,dwarven_chandelier,ported,name,
block,chandelier,chandelier,9,Uruk Chandelier,uruk_chandelier,ported,name,
block,cherryPie,cherryPie,,,cherry_pie,ported,id,
block,chestAncientHarad,chestAncientHarad,,Ancient Haradric Chest,ancient_haradric_chest,ported,name,
block,chestBasket,chestBasket,,Reed Basket,reed_basket,ported,name,
block,chestLebethron,chestLebethron,,Lebethron Casket,lebethron_casket,ported,name,
block,chestMallorn,chestMallorn,,Mallorn Box,mallorn_box,ported,name,
block,chestStone,chestStone,,Stone Chest,stone_chest,ported,name,
block,clayTile,clayTile,,Clay Tiling,clay_tile,ported,name,
block,clayTileDyed,clayTileDyed,0,White Clay Tiling,clay_tile_dyed_white,ported,name,
block,clayTileDyed,clayTileDyed,1,Orange Clay Tiling,clay_tile_dyed_orange,ported,name,
block,clayTileDyed,clayTileDyed,10,Purple Clay Tiling,clay_tile_dyed_purple,ported,name,
block,clayTileDyed,clayTileDyed,11,Blue Clay Tiling,clay_tile_dyed_blue,ported,name,
block,clayTileDyed,clayTileDyed,12,Brown Clay Tiling,clay_tile_dyed_brown,ported,name,
block,clayTileDyed,clayTileDyed,13,Green Clay Tiling,clay_tile_dyed_green,ported,name,
block,clayTileDyed,clayTileDyed,14,Red Clay Tiling,clay_tile_dyed_red,ported,name,
block,clayTileDyed,clayTileDyed,15,Black Clay Tiling,clay_tile_dyed_black,ported,name,
block,clayTileDyed,clayTileDyed,2,Magenta Clay Tiling,clay_tile_dyed_magenta,ported,name,
block,clayTileDyed,clayTileDyed,3,Light Blue Clay Tiling,clay_tile_dyed_light_blue,ported,name,
block,clayTileDyed,clayTileDyed,4,Yellow Clay Tiling,clay_tile_dyed_yellow,ported,name,
block,clayTileDyed,clayTileDyed,5,Lime Clay Tiling,clay_tile_dyed_lime,ported,name,
block,clayTileDyed,clayTileDyed,6,Pink Clay Tiling,clay_tile_dyed_pink,ported,name,
block,clayTileDyed,clayTileDyed,7,Gray Clay Tiling,clay_tile_dyed_gray,ported,name,
block,clayTileDyed,clayTileDyed,8,Light Gray Clay Tiling,clay_tile_dyed_silver,ported,name,
block,clayTileDyed,clayTileDyed,9,Cyan Clay Tiling,clay_tile_dyed_cyan,ported,name,
block,clover,clover,0,Clover,clover,ported,name,
block,clover,clover,1,Four-leaf Clover,four_leaf_clover,ported,name,
block,cobblebrick,cobblebrick,0,Drystone,drystone,ported,name,
block,commandTable,commandTable,,Table of Command,table_of_command,ported,name,
block,coralReef,coralReef,,Coral Reef,,missing,override,worldgen coral reef block; not the gem coral_block
block,cornStalk,cornStalk,,Corn Stalks,corn_stalk,ported,name,
block,corruptMallorn,corruptMallorn,,Corrupt Mallorn Sapling,corrupt_mallorn,ported,name,
block,daleTable,daleCraftingTable,,Dalish Crafting Table,dale_crafting_table,ported,name,
block,dalishPastry,dalishPastry,,,dalish_pastry,ported,id,
block,dateBlock,date,,,date_block,ported,id,
block,daub,daub,,Wattle and Daub,daub,ported,name,
block,deadPlant,deadMarshPlant,,Dead Marsh Plant,dead_marsh_plant,ported,name,
block,dirtPath,dirtPath,0,Dirt Path,,vanilla,override,user confirmed vanilla duplicate
block,dirtPath,dirtPath,1,Jungle Mud Path,dirt_path_mud,ported,name,
block,dolAmrothTable,dolAmrothCraftingTable,,Dol Amroth Crafting Table,dol_amroth_crafting_table,ported,name,
block,dolGuldurTable,dolGuldurCraftingTable,,Dol Guldur Crafting Table,dol_guldur_crafting_table,ported,name,
block,doorAcacia,doorAcacia,,Acacia Door,,vanilla,override,user confirmed vanilla duplicate
block,doorAlmond,doorAlmond,,Almond Door,almond_door,ported,name,
block,doorApple,doorApple,,Apple Door,apple_door,ported,name,
block,doorAspen,doorAspen,,Aspen Door,aspen_door,ported,name,
block,doorBanana,doorBanana,,Banana Door,banana_door,ported,name,
block,doorBaobab,doorBaobab,,Baobab Door,baobab_door,ported,name,
block,doorBeech,doorBeech,,Beech Door,beech_door,ported,name,
block,doorBirch,doorBirch,,Birch Door,,vanilla,override,user confirmed vanilla duplicate
block,doorCedar,doorCedar,,Cedar Door,cedar_door,ported,name,
block,doorCharred,doorCharred,,Charred Door,charred_door,ported,name,
block,doorCherry,doorCherry,,Cherry Door,cherry_door,ported,name,
block,doorChestnut,doorChestnut,,Chestnut Door,chestnut_door,ported,name,
block,doorCypress,doorCypress,,Cypress Door,cypress_door,ported,name,
block,doorDarkOak,doorDarkOak,,Dark Oak Door,,vanilla,override,user confirmed vanilla duplicate
block,doorDatePalm,doorDatePalm,,Date Palm Door,date_palm_door,ported,name,
block,doorDragon,doorDragon,,Dragonblood Door,dragon_door,ported,name,
block,doorFir,doorFir,,Fir Door,fir_door,ported,name,
block,doorGreenOak,doorGreenOak,,Green-oak Door,green_oak_door,ported,name,
block,doorHolly,doorHolly,,Holly Door,holly_door,ported,name,
block,doorJungle,doorJungle,,Jungle Door,,vanilla,override,user confirmed vanilla duplicate
block,doorKanuka,doorKanuka,,Kanuka Door,kanuka_door,ported,name,
block,doorLairelosse,doorLairelosse,,Lairelossë Door,lairelosse_door,ported,name,
block,doorLarch,doorLarch,,Larch Door,larch_door,ported,name,
block,doorLebethron,doorLebethron,,Lebethron Door,lebethron_door,ported,name,
block,doorLemon,doorLemon,,Lemon Door,lemon_door,ported,name,
block,doorLime,doorLime,,Lime Door,lime_door,ported,name,
block,doorMahogany,doorMahogany,,Mahogany Door,mahogany_door,ported,name,
block,doorMallorn,doorMallorn,,Mallorn Door,mallorn_door,ported,name,
block,doorMango,doorMango,,Mango Door,mango_door,ported,name,
block,doorMangrove,doorMangrove,,Mangrove Door,mangrove_door,ported,name,
block,doorMaple,doorMaple,,Maple Door,maple_door,ported,name,
block,doorMirkOak,doorMirkOak,,Mirk-oak Door,mirk_oak_door,ported,name,
block,doorOlive,doorOlive,,Olive Door,olive_door,ported,name,
block,doorOrange,doorOrange,,Orange Door,orange_door,ported,name,
block,doorPalm,doorPalm,,Palm Door,palm_door,ported,name,
block,doorPear,doorPear,,Pear Door,pear_door,ported,name,
block,doorPine,doorPine,,Pine Door,pine_door,ported,name,
block,doorPlum,doorPlum,,Plum Door,plum_door,ported,name,
block,doorPomegranate,doorPomegranate,,Pomegranate Door,pomegranate_door,ported,name,
block,doorRedwood,doorRedwood,,Redwood Door,redwood_door,ported,name,
block,doorRotten,doorRotten,,Rotten Door,rotten_door,ported,name,
block,doorShirePine,doorShirePine,,Shire Pine Door,shire_pine_door,ported,name,
block,doorSpruce,doorSpruce,,Spruce Door,,vanilla,override,user confirmed vanilla duplicate
block,doorWillow,doorWillow,,Willow Door,willow_door,ported,name,
block,dorwinionTable,dorwinionCraftingTable,,Dorwinion Crafting Table,dorwinion_crafting_table,ported,name,
block,doubleFlower,doubleFlower,0,Black Iris,black_iris,ported,name,
block,doubleFlower,doubleFlower,1,Yellow Iris,yellow_iris,ported,name,
block,doubleFlower,doubleFlower,2,Hibiscus,hibiscus,ported,name,
block,doubleFlower,doubleFlower,3,Flame of Harad,flame_of_harad,ported,name,
block,driedReeds,driedReeds,,Dried Reeds,dried_reeds,ported,name,
block,dunlendingTable,dunlendingCraftingTable,,Dunlending Crafting Table,dunlending_crafting_table,ported,name,
block,dwarfBars,dwarfBars,,Dwarven Steel Bars,dwarf_bars,ported,name,
block,dwarfHerb,dwarfHerb,,Dwarfwort,dwarf_herb,ported,name,
block,dwarvenBed,dwarvenBed,,,dwarven_bed,ported,id,
block,dwarvenTable,dwarvenCraftingTable,,Dwarven Crafting Table,dwarven_crafting_table,ported,name,
block,dwarvenDoor,dwarvenDoor,,Dwarven Door,dwarven_door,ported,name,
block,dwarvenDoorIthildin,dwarvenDoorIthildin,,Ithildin Dwarven Door,ithildin_dwarven_door,ported,name,
block,dwarvenForge,dwarvenForge,,Dwarven Forge,dwarven_forge,ported,name,
block,elanor,elanor,,Elanor,elanor,ported,name,
block,elvenBed,elvenBed,,,galadhrim_bed,ported,override,
block,elvenTable,elvenCraftingTable,,Galadhrim Crafting Table,elven_crafting_table,ported,name,
block,elvenForge,elvenForge,,Elven Forge,elven_forge,ported,name,
block,elvenPortal,elvenPortal,,,,missing,,
block,entJar,entJar,,Ent Jar,ent_jar,ported,name,
block,fallenLeaves,fallenLeaves,,,,missing,,
block,fallenLeavesLOTR,fallenLeavesLOTR,,,,missing,,
block,fallenLeavesLOTR2,fallenLeavesLOTR2,,,,missing,,
block,fallenLeavesLOTR3,fallenLeavesLOTR3,,,,missing,,
block,fangornPlant,fangornPlant,0,Tears of Yavanna,fangorn_plant_green,ported,name,
block,fangornPlant,fangornPlant,1,Fangorn's Beard,fangorn_plant_brown,ported,name,
block,fangornPlant,fangornPlant,2,Huorn Leaf,fangorn_plant_gold,ported,name,
block,fangornPlant,fangornPlant,3,Elfsong,fangorn_plant_yellow,ported,name,
block,fangornPlant,fangornPlant,4,Sunfruit,fangorn_plant_red,ported,name,
block,fangornPlant,fangornPlant,5,Moonflower,fangorn_plant_silver,ported,name,
block,fangornRiverweed,fangornRiverweed,,Riverweed,fangorn_riverweed,ported,name,
block,fence,fence,0,Shire Pine Fence,shire_pine_fence,ported,name,
block,fence,fence,1,Mallorn Fence,mallorn_fence,ported,name,
block,fence,fence,10,Holly Fence,holly_fence,ported,name,
block,fence,fence,11,Banana Fence,banana_fence,ported,name,
block,fence,fence,12,Maple Fence,maple_fence,ported,name,
block,fence,fence,13,Larch Fence,larch_fence,ported,name,
block,fence,fence,14,Date Palm Fence,date_palm_fence,ported,name,
block,fence,fence,15,Mangrove Fence,mangrove_fence,ported,name,
block,fence,fence,2,Mirk-oak Fence,mirk_oak_fence,ported,name,
block,fence,fence,3,Charred Fence,charred_fence,ported,name,
block,fence,fence,4,Apple Fence,apple_fence,ported,name,
block,fence,fence,5,Pear Fence,pear_fence,ported,name,
block,fence,fence,6,Cherry Fence,cherry_fence,ported,name,
block,fence,fence,7,Mango Fence,mango_fence,ported,name,
block,fence,fence,8,Lebethron Fence,lebethron_fence,ported,name,
block,fence,fence,9,Beech Fence,beech_fence,ported,name,
block,fence2,fence2,0,Chestnut Fence,chestnut_fence,ported,name,
block,fence2,fence2,1,Baobab Fence,baobab_fence,ported,name,
block,fence2,fence2,10,Cypress Fence,cypress_fence,ported,name,
block,fence2,fence2,11,Olive Fence,olive_fence,ported,name,
block,fence2,fence2,12,Aspen Fence,aspen_fence,ported,name,
block,fence2,fence2,13,Green-oak Fence,green_oak_fence,ported,name,
block,fence2,fence2,14,Lairelossë Fence,lairelosse_fence,ported,name,
block,fence2,fence2,15,Almond Fence,almond_fence,ported,name,
block,fence2,fence2,2,Cedar Fence,cedar_fence,ported,name,
block,fence2,fence2,3,Fir Fence,fir_fence,ported,name,
block,fence2,fence2,4,Pine Fence,pine_fence,ported,name,
block,fence2,fence2,5,Lemon Fence,lemon_fence,ported,name,
block,fence2,fence2,6,Orange Fence,orange_fence,ported,name,
block,fence2,fence2,7,Lime Fence,lime_fence,ported,name,
block,fence2,fence2,8,Mahogany Fence,mahogany_fence,ported,name,
block,fence2,fence2,9,Willow Fence,willow_fence,ported,name,
block,fence3,fence3,0,Plum Fence,plum_fence,ported,name,
block,fence3,fence3,1,Redwood Fence,redwood_fence,ported,name,
block,fence3,fence3,2,Pomegranate Fence,pomegranate_fence,ported,name,
block,fence3,fence3,3,Palm Fence,palm_fence,ported,name,
block,fence3,fence3,4,Dragonblood Fence,dragon_fence,ported,name,
block,fence3,fence3,5,Kanuka Fence,kanuka_fence,ported,name,
block,fenceGateAcacia,fenceGateAcacia,,Acacia Fence Gate,,vanilla,override,user confirmed vanilla duplicate
block,fenceGateAlmond,fenceGateAlmond,,Almond Fence Gate,almond_fence_gate,ported,name,
block,fenceGateApple,fenceGateApple,,Apple Fence Gate,apple_fence_gate,ported,name,
block,fenceGateAspen,fenceGateAspen,,Aspen Fence Gate,aspen_fence_gate,ported,name,
block,fenceGateBanana,fenceGateBanana,,Banana Fence Gate,banana_fence_gate,ported,name,
block,fenceGateBaobab,fenceGateBaobab,,Baobab Fence Gate,baobab_fence_gate,ported,name,
block,fenceGateBeech,fenceGateBeech,,Beech Fence Gate,beech_fence_gate,ported,name,
block,fenceGateBirch,fenceGateBirch,,Birch Fence Gate,,vanilla,override,user confirmed vanilla duplicate
block,fenceGateCedar,fenceGateCedar,,Cedar Fence Gate,cedar_fence_gate,ported,name,
block,fenceGateCharred,fenceGateCharred,,Charred Fence Gate,charred_fence_gate,ported,name,
block,fenceGateCherry,fenceGateCherry,,Cherry Fence Gate,cherry_fence_gate,ported,name,
block,fenceGateChestnut,fenceGateChestnut,,Chestnut Fence Gate,chestnut_fence_gate,ported,name,
block,fenceGateCypress,fenceGateCypress,,Cypress Fence Gate,cypress_fence_gate,ported,name,
block,fenceGateDarkOak,fenceGateDarkOak,,Dark Oak Fence Gate,,vanilla,override,user confirmed vanilla duplicate
block,fenceGateDatePalm,fenceGateDatePalm,,Date Palm Fence Gate,date_palm_fence_gate,ported,name,
block,fenceGateDragon,fenceGateDragon,,Dragonblood Fence Gate,dragon_fence_gate,ported,name,
block,fenceGateFir,fenceGateFir,,Fir Fence Gate,fir_fence_gate,ported,name,
block,fenceGateGreenOak,fenceGateGreenOak,,Green-oak Fence Gate,green_oak_fence_gate,ported,name,
block,fenceGateHolly,fenceGateHolly,,Holly Fence Gate,holly_fence_gate,ported,name,
block,fenceGateJungle,fenceGateJungle,,Jungle Fence Gate,,vanilla,override,user confirmed vanilla duplicate
block,fenceGateKanuka,fenceGateKanuka,,Kanuka Fence Gate,kanuka_fence_gate,ported,name,
block,fenceGateLairelosse,fenceGateLairelosse,,Lairelossë Fence Gate,lairelosse_fence_gate,ported,name,
block,fenceGateLarch,fenceGateLarch,,Larch Fence Gate,larch_fence_gate,ported,name,
block,fenceGateLebethron,fenceGateLebethron,,Lebethron Fence Gate,lebethron_fence_gate,ported,name,
block,fenceGateLemon,fenceGateLemon,,Lemon Fence Gate,lemon_fence_gate,ported,name,
block,fenceGateLime,fenceGateLime,,Lime Fence Gate,lime_fence_gate,ported,name,
block,fenceGateMahogany,fenceGateMahogany,,Mahogany Fence Gate,mahogany_fence_gate,ported,name,
block,fenceGateMallorn,fenceGateMallorn,,Mallorn Fence Gate,mallorn_fence_gate,ported,name,
block,fenceGateMango,fenceGateMango,,Mango Fence Gate,mango_fence_gate,ported,name,
block,fenceGateMangrove,fenceGateMangrove,,Mangrove Fence Gate,mangrove_fence_gate,ported,name,
block,fenceGateMaple,fenceGateMaple,,Maple Fence Gate,maple_fence_gate,ported,name,
block,fenceGateMirkOak,fenceGateMirkOak,,Mirk-oak Fence Gate,mirk_oak_fence_gate,ported,name,
block,fenceGateOlive,fenceGateOlive,,Olive Fence Gate,olive_fence_gate,ported,name,
block,fenceGateOrange,fenceGateOrange,,Orange Fence Gate,orange_fence_gate,ported,name,
block,fenceGatePalm,fenceGatePalm,,Palm Fence Gate,palm_fence_gate,ported,name,
block,fenceGatePear,fenceGatePear,,Pear Fence Gate,pear_fence_gate,ported,name,
block,fenceGatePine,fenceGatePine,,Pine Fence Gate,pine_fence_gate,ported,name,
block,fenceGatePlum,fenceGatePlum,,Plum Fence Gate,plum_fence_gate,ported,name,
block,fenceGatePomegranate,fenceGatePomegranate,,Pomegranate Fence Gate,pomegranate_fence_gate,ported,name,
block,fenceGateRedwood,fenceGateRedwood,,Redwood Fence Gate,redwood_fence_gate,ported,name,
block,fenceGateRotten,fenceGateRotten,,Rotten Fence Gate,rotten_fence_gate,ported,name,
block,fenceGateShirePine,fenceGateShirePine,,Shire Pine Fence Gate,shire_pine_fence_gate,ported,name,
block,fenceGateSpruce,fenceGateSpruce,,Spruce Fence Gate,,vanilla,override,user confirmed vanilla duplicate
block,fenceGateWillow,fenceGateWillow,,Willow Fence Gate,willow_fence_gate,ported,name,
block,fenceRotten,fenceRotten,0,Rotten Fence,rotten_fence,ported,name,
block,flaxCrop,flax,,,flax_crop,ported,id,
block,flaxPlant,flaxPlant,,Flax Plant,flax_plant,ported,name,
block,flowerPot,flowerPot,,,,vanilla,override,user confirmed vanilla duplicate
block,fruitLeaves,fruitLeaves,0,Apple Leaves,apple_leaves,ported,name,
block,fruitLeaves,fruitLeaves,1,Pear Leaves,pear_leaves,ported,name,
block,fruitLeaves,fruitLeaves,2,Cherry Leaves,cherry_leaves,ported,name,
block,fruitLeaves,fruitLeaves,3,Mango Leaves,mango_leaves,ported,name,
block,fruitSapling,fruitSapling,0,Apple Sapling,apple_sapling,ported,name,
block,fruitSapling,fruitSapling,1,Pear Sapling,pear_sapling,ported,name,
block,fruitSapling,fruitSapling,2,Cherry Sapling,cherry_sapling,ported,name,
block,fruitSapling,fruitSapling,3,Mango Sapling,mango_sapling,ported,name,
block,fruitWood,fruitWood,0,Apple Wood,apple_log,ported,name,
block,fruitWood,fruitWood,1,Pear Wood,pear_log,ported,name,
block,fruitWood,fruitWood,2,Cherry Wood,cherry_log,ported,name,
block,fruitWood,fruitWood,3,Mango Wood,mango_log,ported,name,
block,galadhrimBars,galadhrimBars,,Galadhrim Steel Bars,galadhrim_bars,ported,name,
block,galadhrimWoodBars,galadhrimWoodBars,,Galadhrim Wood-bars,galadhrim_wood_bars,ported,name,
block,gateBronzeBars,gateBronzeBars,,Bronze Portcullis,gate_bronze_bars,ported,name,
block,gateDolAmroth,gateDolAmroth,,Dol Amroth Gate,dol_amroth_gate,ported,name,
block,gateDwarven,gateDwarven,,Dwarven Gate,dwarven_gate,ported,name,
block,gateElven,gateElven,,Galadhrim Gate,elven_gate,ported,name,
block,gateGold,gateGold,,Golden Gate,gold_gate,ported,name,
block,gateGondor,gateGondor,,Gondorian Gate,gondor_gate,ported,name,
block,gateHighElven,gateHighElven,,High Elven Gate,high_elven_gate,ported,name,
block,gateHobbitBlue,gateHobbitBlue,,Blue Hobbit Gate,blue_hobbit_gate,ported,name,
block,gateHobbitGreen,gateHobbitGreen,,Green Hobbit Gate,green_hobbit_gate,ported,name,
block,gateHobbitRed,gateHobbitRed,,Red Hobbit Gate,red_hobbit_gate,ported,name,
block,gateHobbitYellow,gateHobbitYellow,,Yellow Hobbit Gate,yellow_hobbit_gate,ported,name,
block,gateIronBars,gateIronBars,,Iron Portcullis,gate_iron_bars,ported,name,
block,gateMithril,gateMithril,,Mithril Gate,mithril_gate,ported,name,
block,gateNearHarad,gateNearHarad,,Haradric Gate,near_harad_gate,ported,name,
block,gateOrc,gateOrc,,Orc Gate,orc_gate,ported,name,
block,gateRhun,gateRhun,,Rhûnic Gate,rhun_gate,ported,name,
block,gateRohan,gateRohan,,Rohirric Gate,rohan_gate,ported,name,
block,gateSilver,gateSilver,,Silver Gate,silver_gate,ported,name,
block,gateTauredain,gateTauredain,,Taurethrim Gate,tauredain_gate,ported,name,
block,gateUruk,gateUruk,,Uruk Gate,uruk_gate,ported,name,
block,gateWoodElven,gateWoodElven,,Wood-elven Gate,wood_elven_gate,ported,name,
block,gateWooden,gateWooden,,Wooden Gate,wooden_gate,ported,name,
block,gateWoodenCross,gateWoodenCross,,Wooden Portcullis,gate_wooden_cross,ported,name,
block,glass,glass,,Fine Glass,glass,ported,name,
block,glassBottleBlock,glassBottle,,,bottle_block,ported,override,
block,glassPane,glassPane,,Fine Glass Pane,glass_pane,ported,name,
block,gobletCopperBlock,gobletCopper,,,copper_goblet_block,ported,override,
block,gobletGoldBlock,gobletGold,,,golden_goblet_block,ported,override,
block,gobletSilverBlock,gobletSilver,,,silver_goblet_block,ported,override,
block,gobletWoodBlock,gobletWood,,,wooden_cup_block,ported,override,old Wooden Goblet item is named Wooden Cup
block,goldBars,goldBars,,Gold Bars,gold_bars,ported,name,
block,gondorianTable,gondorianCraftingTable,,Gondorian Crafting Table,gondorian_crafting_table,ported,name,
block,goran,goran,,,,missing,,
block,grapevine,grapevine,,Grapevine Post,grapevine,ported,name,
block,grapevineRed,grapevineRed,,,red_grapevine,ported,override,
block,grapevineWhite,grapevineWhite,,,green_grapevine,ported,override,old White grapes renamed Green
block,guldurilBrick,guldurilBrick,0,Gulduril Mordor Brick,gulduril_mordor_brick,ported,name,
block,guldurilBrick,guldurilBrick,1,Gulduril Cracked Mordor Brick,gulduril_cracked_mordor_brick,ported,name,
block,guldurilBrick,guldurilBrick,2,Gulduril Angmar Brick,gulduril_angmar_brick,ported,name,
block,guldurilBrick,guldurilBrick,3,Gulduril Cracked Angmar Brick,gulduril_cracked_angmar_brick,ported,name,
block,guldurilBrick,guldurilBrick,4,Gulduril Dol Guldur Brick,gulduril_dol_guldur_brick,ported,name,
block,guldurilBrick,guldurilBrick,5,Gulduril Cracked Dol Guldur Brick,gulduril_cracked_dol_guldur_brick,ported,name,
block,guldurilBrick,guldurilBrick,6,Gulduril Gondor Brick,gulduril_gondor_brick,ported,name,
block,guldurilBrick,guldurilBrick,7,Gulduril Mossy Gondor Brick,gulduril_mossy_gondor_brick,ported,name,
block,guldurilBrick,guldurilBrick,8,Gulduril Cracked Gondor Brick,gulduril_cracked_gondor_brick,ported,name,
block,guldurilBrick,guldurilBrick,9,Gulduril Númenórean Brick,gulduril_numenorean_brick,ported,name,
block,gulfTable,gulfCraftingTable,,Gulfen Crafting Table,gulf_crafting_table,ported,name,
block,gundabadTable,gundabadCraftingTable,,Gundabad Crafting Table,gundabad_crafting_table,ported,name,
block,halfTrollTable,halfTrollCraftingTable,,Half-troll Crafting Table,half_troll_crafting_table,ported,name,
block,haradFlower,haradFlower,0,Red Sand Gem,red_harad_flower,ported,name,
block,haradFlower,haradFlower,1,Yellow Sand Gem,yellow_harad_flower,ported,name,
block,haradFlower,haradFlower,2,Harad Daisy,harad_flower_daisy,ported,name,
block,haradFlower,haradFlower,3,Southbells,pink_harad_flower,ported,name,
block,hearth,hearth,,Hearth Block,hearth,ported,name,
block,highElfBars,highElfBars,,High Elven Steel Bars,high_elf_bars,ported,name,
block,highElfWoodBars,highElfWoodBars,,High Elven Wood-bars,high_elf_wood_bars,ported,name,
block,highElvenBed,highElvenBed,,,high_elven_bed,ported,id,
block,highElvenTable,highElvenCraftingTable,,Lindon Crafting Table,high_elven_crafting_table,ported,name,
block,highElvenTorch,highElvenTorch,,High Elven Torch,high_elven_torch,ported,name,
block,hithlainLadder,hithlainLadder,,Elven Rope,hithlain_ladder,ported,name,
block,hobbitTable,hobbitCraftingTable,,Hobbit Crafting Table,hobbit_crafting_table,ported,name,
block,hobbitOven,hobbitOven,,Hobbit Oven,hobbit_oven,ported,name,
block,kebabBlock,kebabBlock,,Block of Kebab,kebab_block,ported,name,
block,kebabStand,kebabStand,,Kebab Stand,kebab_stand,ported,name,
block,kebabStandSand,kebabStandSand,,Sandstone Kebab Stand,kebab_stand_sand,ported,name,
block,lavender,lavender,,Lavender,lavender,ported,name,
block,leaves,leaves,0,Shire Pine Leaves,shire_pine_leaves,ported,name,
block,leaves,leaves,1,Mallorn Leaves,mallorn_leaves,ported,name,
block,leaves,leaves,2,Mirk-oak Leaves,mirk_oak_leaves,ported,name,
block,leaves,leaves,3,Red-oak Leaves,mirk_oak_red_leaves,ported,name,
block,leaves2,leaves2,0,Lebethron Leaves,lebethron_leaves,ported,name,
block,leaves2,leaves2,1,Beech Leaves,beech_leaves,ported,name,
block,leaves2,leaves2,2,Holly Leaves,holly_leaves,ported,name,
block,leaves2,leaves2,3,Banana Leaves,banana_leaves,ported,name,
block,leaves3,leaves3,0,Maple Leaves,maple_leaves,ported,name,
block,leaves3,leaves3,1,Larch Leaves,larch_leaves,ported,name,
block,leaves3,leaves3,2,Date Palm Leaves,date_palm_leaves,ported,name,
block,leaves3,leaves3,3,Mangrove Leaves,mangrove_leaves,ported,name,
block,leaves4,leaves4,0,Chestnut Leaves,chestnut_leaves,ported,name,
block,leaves4,leaves4,1,Baobab Leaves,baobab_leaves,ported,name,
block,leaves4,leaves4,2,Cedar Leaves,cedar_leaves,ported,name,
block,leaves4,leaves4,3,Fir Leaves,fir_leaves,ported,name,
block,leaves5,leaves5,0,Pine Leaves,pine_leaves,ported,name,
block,leaves5,leaves5,1,Lemon Leaves,lemon_leaves,ported,name,
block,leaves5,leaves5,2,Orange Leaves,orange_leaves,ported,name,
block,leaves5,leaves5,3,Lime Leaves,lime_leaves,ported,name,
block,leaves6,leaves6,0,Mahogany Leaves,mahogany_leaves,ported,name,
block,leaves6,leaves6,1,Willow Leaves,willow_leaves,ported,name,
block,leaves6,leaves6,2,Cypress Leaves,cypress_leaves,ported,name,
block,leaves6,leaves6,3,Olive Leaves,olive_leaves,ported,name,
block,leaves7,leaves7,0,Aspen Leaves,aspen_leaves,ported,name,
block,leaves7,leaves7,1,Green-oak Leaves,green_oak_leaves,ported,name,
block,leaves7,leaves7,2,Lairelossë Leaves,lairelosse_leaves,ported,name,
block,leaves7,leaves7,3,Almond Leaves,almond_leaves,ported,name,
block,leaves8,leaves8,0,Plum Leaves,plum_leaves,ported,name,
block,leaves8,leaves8,1,Redwood Leaves,redwood_leaves,ported,name,
block,leaves8,leaves8,2,Pomegranate Leaves,pomegranate_leaves,ported,name,
block,leaves8,leaves8,3,Palm Leaves,palm_leaves,ported,name,
block,leaves9,leaves9,0,Dragonblood Leaves,dragon_leaves,ported,name,
block,leaves9,leaves9,1,Kanuka Leaves,kanuka_leaves,ported,name,
block,leekCrop,leek,,,leek_crop,ported,id,
block,lemonCake,lemonCake,,,lemon_cake,ported,id,
block,lettuceCrop,lettuce,,,lettuce_crop,ported,id,
block,lionBed,lionBed,,,lion_fur_bed,ported,override,
block,mallornLadder,mallornLadder,,Mallorn Ladder,mallorn_ladder,ported,name,
block,mallornTorchSilver,mallornTorch,,Silver Mallorn Torch,mallorn_torch,ported,name,
block,mallornTorchBlue,mallornTorchBlue,,Blue Mallorn Torch,blue_mallorn_torch,ported,name,
block,mallornTorchGold,mallornTorchGold,,Golden Mallorn Torch,mallorn_gold_torch,ported,name,
block,mallornTorchGreen,mallornTorchGreen,,Green Mallorn Torch,green_mallorn_torch,ported,name,
block,marigold,marigold,,Marigold,marigold,ported,name,
block,marshLights,marshLights,,,,missing,,
block,marzipanBlock,marzipanBlock,,Marchpane Block,marchpane_block,ported,name,
block,mechanisedRailOff,mechanisedRailOff,,,mechanised_rail_off,ported,id,
block,mechanisedRailOn,mechanisedRailOn,,,,merged,override,powered state of mechanised_rail
block,millstone,millstone,,Millstone,millstone,ported,name,
block,mirkVines,mirkVines,,Mirkwood Vines,mirk_vines,ported,name,
block,mithrilBars,mithrilBars,,Mithril Bars,mithril_bars,ported,name,
block,mobSpawner,mobSpawner,,Mob Spawner,,vanilla,override,user confirmed vanilla duplicate
block,mordorDirt,mordorDirt,,Mordor Dirt,mordor_dirt,ported,name,
block,mordorGrass,mordorGrass,,Mordor Scrub,mordor_grass,ported,name,
block,mordorGravel,mordorGravel,,Mordor Gravel,mordor_gravel,ported,name,
block,mordorMoss,mordorMoss,,Withered Moss,mordor_moss,ported,name,
block,mordorThorn,mordorThorn,,Stabbing Thorn,mordor_thorn,ported,name,
block,moredainTable,moredainCraftingTable,,Morwaith Crafting Table,moredain_crafting_table,ported,name,
block,morgulTable,morgulCraftingTable,,Morgul Crafting Table,morgul_crafting_table,ported,name,
block,morgulFlower,morgulFlower,,Morgul-flowers,morgul_flower,ported,name,
block,morgulPortal,morgulPortal,,,,missing,,
block,morgulShroom,morgulShroom,,Morgul-shroom,morgul_shroom,ported,name,
block,morgulTorch,morgulTorch,,Morgul Torch,morgul_torch,ported,name,
block,mud,mud,0,Jungle Mud,mud,ported,name,
block,mud,mud,1,Barren Jungle Mud,barren_jungle_mud,ported,name,
block,mudFarmland,mudFarmland,,Jungle Mud Farmland,mud_farmland,ported,name,
block,mudGrass,mudGrass,,Jungle Grass,mud_grass,ported,name,
block,mugBlock,mug,,,mug_block,ported,id,
block,nearHaradTable,nearHaradCraftingTable,,Haradric Crafting Table,near_harad_crafting_table,ported,name,
block,niphredil,niphredil,,Niphredil,niphredil,ported,name,
block,obsidianGravel,obsidianGravel,,Obsidian Gravel,obsidian_gravel,ported,name,
block,orcBed,orcBed,,,orc_bed,ported,id,
block,orcBomb,orcBomb,,Orc Bomb,orc_bomb,ported,name,also: double_strength_orc_bomb triple_strength_orc_bomb orc_fire_bomb double_strength_orc_fire_bomb triple_strength_orc_fire_bomb
block,orcChain,orcChain,,Orc Chain,orc_chain,ported,name,
block,orcForge,orcForge,,Orc Forge,orc_forge,ported,name,
block,orcPlating,orcPlating,0,Orc Plating,orc_plating_iron,ported,name,
block,orcPlating,orcPlating,1,Rusted Orc Plating,orc_plating_rust,ported,name,
block,orcSteelBars,orcSteelBars,,Orc Steel Bars,orc_steel_bars,ported,name,
block,orcTorch,orcTorch,,,orc_torch,ported,id,
block,oreCopper,oreCopper,,Copper Ore,,vanilla,override,user confirmed vanilla duplicate
block,oreGem,oreGem,0,Topaz Vein,topaz_ore,ported,name,
block,oreGem,oreGem,1,Amethyst Vein,amethyst_ore,ported,name,
block,oreGem,oreGem,2,Sapphire Vein,sapphire_ore,ported,name,
block,oreGem,oreGem,3,Ruby Vein,ruby_ore,ported,name,
block,oreGem,oreGem,4,Amber Vein,amber_ore,ported,name,
block,oreGem,oreGem,5,Diamond Vein,diamond_ore,ported,name,
block,oreGem,oreGem,6,Opal Vein,opal_ore,ported,name,
block,oreGem,oreGem,7,Emerald Vein,emerald_ore,ported,name,
block,oreGlowstone,oreGlowstone,,Glowstone Ore,glowstone_ore,ported,name,
block,oreGulduril,oreGulduril,0,Gulduril Ore,gulduril_ore,ported,name,
block,oreGulduril,oreGulduril,1,Gulduril Ore,gulduril_ore,ported,name,
block,oreMithril,oreMithril,,Mithril Ore,mithril_ore,ported,name,
block,oreMorgulIron,oreMorgulIron,0,Morgul Iron Ore,morgul_iron_ore,ported,name,
block,oreMorgulIron,oreMorgulIron,1,Morgul Iron Ore,morgul_iron_ore,ported,name,
block,oreNaurite,oreNaurite,,Durnor Ore,naurite_ore,ported,name,
block,oreQuendite,oreQuendite,,Edhelvir Ore,quendite_ore,ported,name,
block,oreSalt,oreSalt,,Rock Salt,salt_ore,ported,name,
block,oreSaltpeter,oreSaltpeter,,Niter Ore,saltpeter_ore,ported,name,
block,oreSilver,oreSilver,,Silver Ore,silver_ore,ported,name,
block,blockOreStorage,oreStorage,0,Block of Copper,,vanilla,override,user confirmed vanilla duplicate
block,blockOreStorage,oreStorage,1,Block of Tin,tin_block,ported,name,
block,blockOreStorage,oreStorage,10,Block of Durnor,naurite_block,ported,name,
block,blockOreStorage,oreStorage,11,Block of Gulduril,gulduril_block,ported,name,
block,blockOreStorage,oreStorage,12,Block of Morgul Steel,morgul_steel_block,ported,name,
block,blockOreStorage,oreStorage,13,Block of Sulfur,sulfur_block,ported,name,
block,blockOreStorage,oreStorage,14,Block of Niter,saltpeter_block,ported,name,
block,blockOreStorage,oreStorage,15,Block of Blue Dwarven Steel,blue_dwarf_steel_block,ported,name,
block,blockOreStorage,oreStorage,2,Block of Bronze,bronze_block,ported,name,
block,blockOreStorage,oreStorage,3,Block of Silver,silver_block,ported,name,
block,blockOreStorage,oreStorage,4,Block of Mithril,mithril_block,ported,name,
block,blockOreStorage,oreStorage,5,Block of Orc Steel,orc_steel_block,ported,name,
block,blockOreStorage,oreStorage,6,Block of Edhelvir,quendite_block,ported,name,
block,blockOreStorage,oreStorage,7,Block of Dwarven Steel,dwarf_steel_block,ported,name,
block,blockOreStorage,oreStorage,8,Block of Galvorn,galvorn_block,ported,name,
block,blockOreStorage,oreStorage,9,Block of Uruk Steel,uruk_steel_block,ported,name,
block,blockOreStorage2,oreStorage2,0,Block of Black Uruk Steel,black_uruk_steel_block,ported,name,
block,blockOreStorage2,oreStorage2,1,Block of Elven Steel,elf_steel_block,ported,name,
block,blockOreStorage2,oreStorage2,2,Block of Gilded Iron,gilded_iron_block,ported,name,
block,blockOreStorage2,oreStorage2,3,Block of Salt,salt_block,ported,name,
block,oreSulfur,oreSulfur,,Sulfur Ore,sulfur_ore,ported,name,
block,oreTin,oreTin,,Tin Ore,tin_ore,ported,name,
block,pillar,pillar,0,Dwarven Pillar,dwarven_pillar,ported,name,
block,pillar,pillar,1,Galadhrim Pillar,galadhrim_pillar,ported,name,
block,pillar,pillar,10,High Elven Pillar,high_elven_pillar,ported,name,
block,pillar,pillar,11,Cracked High Elven Pillar,cracked_high_elven_pillar,ported,name,
block,pillar,pillar,12,Wood-elven Pillar,wood_elven_pillar,ported,name,
block,pillar,pillar,13,Cracked Wood-elven Pillar,cracked_wood_elven_pillar,ported,name,
block,pillar,pillar,14,Taurethrim Pillar,tauredain_pillar,ported,name,
block,pillar,pillar,15,Red Haradric Pillar,near_harad_red_pillar,ported,name,
block,pillar,pillar,2,Cracked Galadhrim Pillar,cracked_galadhrim_pillar,ported,name,
block,pillar,pillar,3,Luigon Pillar,blue_rock_pillar,ported,name,
block,pillar,pillar,4,Cargon Pillar,red_rock_pillar,ported,name,
block,pillar,pillar,5,Haradric Pillar,near_harad_pillar,ported,name,
block,pillar,pillar,6,Gondor Pillar,gondor_pillar,ported,name,
block,pillar,pillar,7,Mordor Pillar,mordor_pillar,ported,name,
block,pillar,pillar,8,Rohan Pillar,rohan_pillar,ported,name,
block,pillar,pillar,9,Númenórean Pillar,numenorean_pillar,ported,name,
block,pillar2,pillar2,0,Cracked Dwarven Pillar,cracked_dwarven_pillar,ported,name,
block,pillar2,pillar2,1,Chalk Pillar,chalk_pillar,ported,name,
block,pillar2,pillar2,10,Umbar Pillar,umbar_pillar,ported,name,
block,pillar2,pillar2,11,Golden Taurethrim Pillar,taur_gold_pillar,ported,name,
block,pillar2,pillar2,12,Obsidian Taurethrim Pillar,taur_obsidian_pillar,ported,name,
block,pillar2,pillar2,13,Arnor Pillar,arnor_pillar,ported,name,
block,pillar2,pillar2,14,Cracked Arnor Pillar,cracked_arnor_pillar,ported,name,
block,pillar2,pillar2,15,Uruk Pillar,uruk_pillar,ported,name,
block,pillar2,pillar2,2,Stone Pillar,stone_pillar,ported,name,
block,pillar2,pillar2,3,Brick Pillar,brick_pillar,ported,name,
block,pillar2,pillar2,4,Angmar Pillar,angmar_pillar,ported,name,
block,pillar2,pillar2,5,Dalish Pillar,dale_pillar,ported,name,
block,pillar2,pillar2,6,Dorwinion Pillar,dorwinion_pillar,ported,name,
block,pillar2,pillar2,7,Mossy Dorwinion Pillar,mossy_dorwinion_pillar,ported,name,
block,pillar2,pillar2,8,Rhûnic Pillar,rhun_pillar,ported,name,
block,pillar2,pillar2,9,Red Rhûnic Pillar,rhun_red_pillar,ported,name,
block,pillar3,pillar3,0,Dol Guldur Pillar,dol_guldur_pillar,ported,name,
block,pipeweedCrop,pipeweed,,,pipeweed_crop,ported,id,
block,pipeweedPlant,pipeweedPlant,,Pipe-weed Plant,pipeweed_plant,ported,name,
block,planks,planks,0,Shire Pine Wood Planks,shire_pine_planks,ported,name,
block,planks,planks,1,Mallorn Wood Planks,mallorn_planks,ported,name,
block,planks,planks,10,Holly Wood Planks,holly_planks,ported,name,
block,planks,planks,11,Banana Wood Planks,banana_planks,ported,name,
block,planks,planks,12,Maple Wood Planks,maple_planks,ported,name,
block,planks,planks,13,Larch Wood Planks,larch_planks,ported,name,
block,planks,planks,14,Date Palm Wood Planks,date_palm_planks,ported,name,
block,planks,planks,15,Mangrove Wood Planks,mangrove_planks,ported,name,
block,planks,planks,2,Mirk-oak Wood Planks,mirk_oak_planks,ported,name,
block,planks,planks,3,Charred Wood Planks,charred_planks,ported,name,
block,planks,planks,4,Apple Wood Planks,apple_planks,ported,name,
block,planks,planks,5,Pear Wood Planks,pear_planks,ported,name,
block,planks,planks,6,Cherry Wood Planks,cherry_planks,ported,name,
block,planks,planks,7,Mango Wood Planks,mango_planks,ported,name,
block,planks,planks,8,Lebethron Wood Planks,lebethron_planks,ported,name,
block,planks,planks,9,Beech Wood Planks,beech_planks,ported,name,
block,planks2,planks2,0,Chestnut Wood Planks,chestnut_planks,ported,name,
block,planks2,planks2,1,Baobab Wood Planks,baobab_planks,ported,name,
block,planks2,planks2,10,Cypress Wood Planks,cypress_planks,ported,name,
block,planks2,planks2,11,Olive Wood Planks,olive_planks,ported,name,
block,planks2,planks2,12,Aspen Wood Planks,aspen_planks,ported,name,
block,planks2,planks2,13,Green-oak Wood Planks,green_oak_planks,ported,name,
block,planks2,planks2,14,Lairelossë Wood Planks,lairelosse_planks,ported,name,
block,planks2,planks2,15,Almond Wood Planks,almond_planks,ported,name,
block,planks2,planks2,2,Cedar Wood Planks,cedar_planks,ported,name,
block,planks2,planks2,3,Fir Wood Planks,fir_planks,ported,name,
block,planks2,planks2,4,Pine Wood Planks,pine_planks,ported,name,
block,planks2,planks2,5,Lemon Wood Planks,lemon_planks,ported,name,
block,planks2,planks2,6,Orange Wood Planks,orange_planks,ported,name,
block,planks2,planks2,7,Lime Wood Planks,lime_planks,ported,name,
block,planks2,planks2,8,Mahogany Wood Planks,mahogany_planks,ported,name,
block,planks2,planks2,9,Willow Wood Planks,willow_planks,ported,name,
block,planks3,planks3,0,Plum Wood Planks,plum_planks,ported,name,
block,planks3,planks3,1,Redwood Wood Planks,redwood_planks,ported,name,
block,planks3,planks3,2,Pomegranate Wood Planks,pomegranate_planks,ported,name,
block,planks3,planks3,3,Palm Wood Planks,palm_planks,ported,name,
block,planks3,planks3,4,Dragonblood Wood Planks,dragon_planks,ported,name,
block,planks3,planks3,5,Kanuka Wood Planks,kanuka_planks,ported,name,
block,planksRotten,planksRotten,0,Rotten Planks,rotten_planks,ported,name,
block,plateBlock,plate,,,fine_plate,ported,override,
block,pressurePlateBlueRock,pressurePlateBlueRock,,Pressure Plate,blue_rock_pressure_plate,ported,id,
block,pressurePlateChalk,pressurePlateChalk,,Pressure Plate,chalk_pressure_plate,ported,id,
block,pressurePlateGondorRock,pressurePlateGondorRock,,Pressure Plate,gondor_rock_pressure_plate,ported,id,
block,pressurePlateMordorRock,pressurePlateMordorRock,,Pressure Plate,mordor_rock_pressure_plate,ported,id,
block,pressurePlateRedRock,pressurePlateRedRock,,Pressure Plate,red_rock_pressure_plate,ported,id,
block,pressurePlateRohanRock,pressurePlateRohanRock,,Pressure Plate,rohan_rock_pressure_plate,ported,id,
block,quagmire,quagmire,,Quagmire,quagmire,ported,name,
block,quenditeGrass,quenditeGrass,,Elvengrass,quendite_grass,ported,name,
block,rangerTable,rangerCraftingTable,,Ranger Crafting Table,ranger_crafting_table,ported,name,
block,redBrick,redBrick,0,Mossy Bricks,red_brick_mossy,ported,name,
block,redBrick,redBrick,1,Cracked Bricks,red_brick_cracked,ported,name,
block,redClay,redClay,,Red Clay,red_clay,ported,name,
block,redSandstone,redSandstone,,Red Sandstone,,vanilla,override,user confirmed vanilla duplicate
block,reedBars,reedBars,,Reed Bars,reed_bars,ported,name,
block,reeds,reeds,,Reeds,reeds,ported,name,
block,remains,remains,,Remains,remains,ported,name,
block,rhunTable,rhunCraftingTable,,Rhûnic Crafting Table,rhun_crafting_table,ported,name,
block,rhunFire,rhunFire,,,khamuls_fire,ported,override,fire block left by the Khamul's Fire jar (no item)
block,rhunFireJar,rhunFireJar,,Khamûl's Fire,khamuls_fire_jar,ported,name,also: khamuls_fire
block,rhunFlower,rhunFlower,0,Blue Chrysanthemum,rhun_flower_chrys_blue,ported,name,
block,rhunFlower,rhunFlower,1,Orange Chrysanthemum,rhun_flower_chrys_orange,ported,name,
block,rhunFlower,rhunFlower,2,Pink Chrysanthemum,rhun_flower_chrys_pink,ported,name,
block,rhunFlower,rhunFlower,3,Yellow Chrysanthemum,rhun_flower_chrys_yellow,ported,name,
block,rhunFlower,rhunFlower,4,White Chrysanthemum,rhun_flower_chrys_white,ported,name,
block,rivendellTable,rivendellCraftingTable,,Rivendell Crafting Table,rivendell_crafting_table,ported,name,
block,rock,rock,0,Mordor Rock,mordor_rock,ported,name,
block,rock,rock,1,Gondor Rock,gondor_rock,ported,name,
block,rock,rock,2,Rohan Rock,rohan_rock,ported,name,
block,rock,rock,3,Luigon,blue_rock,ported,name,
block,rock,rock,4,Cargon,red_rock,ported,name,
block,rock,rock,5,Chalk,chalk,ported,name,
block,rohirricTable,rohirricCraftingTable,,Rohirric Crafting Table,rohirric_crafting_table,ported,name,
block,rope,rope,,Rope,rope,ported,name,
block,rottenLog,rottenLog,0,Rotten Wood,rotten_log,ported,name,
block,rottenSlabDouble,rottenSlabDouble,,,,merged,rule,double slab is a slab block state in modern MC
block,rottenSlabSingle,rottenSlabSingle,0,Rotten Wood Slab,rotten_slab,ported,name,
block,sapling,sapling,0,Shire Pine Sapling,shire_pine_sapling,ported,name,
block,sapling,sapling,1,Mallorn Sapling,mallorn_sapling,ported,name,
block,sapling,sapling,2,Mirk-oak Sapling,mirk_oak_sapling,ported,name,
block,sapling,sapling,3,Red-oak Sapling,mirk_oak_red_sapling,ported,name,
block,sapling2,sapling2,0,Lebethron Sapling,lebethron_sapling,ported,name,
block,sapling2,sapling2,1,Beech Sapling,beech_sapling,ported,name,
block,sapling2,sapling2,2,Holly Sapling,holly_sapling,ported,name,
block,sapling2,sapling2,3,Banana Sapling,banana_sapling,ported,name,
block,sapling3,sapling3,0,Maple Sapling,maple_sapling,ported,name,
block,sapling3,sapling3,1,Larch Sapling,larch_sapling,ported,name,
block,sapling3,sapling3,2,Date Palm Sapling,date_palm_sapling,ported,name,
block,sapling3,sapling3,3,Mangrove Sapling,mangrove_sapling,ported,name,
block,sapling4,sapling4,0,Chestnut Sapling,chestnut_sapling,ported,name,
block,sapling4,sapling4,1,Baobab Sapling,baobab_sapling,ported,name,
block,sapling4,sapling4,2,Cedar Sapling,cedar_sapling,ported,name,
block,sapling4,sapling4,3,Fir Sapling,fir_sapling,ported,name,
block,sapling5,sapling5,0,Pine Sapling,pine_sapling,ported,name,
block,sapling5,sapling5,1,Lemon Sapling,lemon_sapling,ported,name,
block,sapling5,sapling5,2,Orange Sapling,orange_sapling,ported,name,
block,sapling5,sapling5,3,Lime Sapling,lime_sapling,ported,name,
block,sapling6,sapling6,0,Mahogany Sapling,mahogany_sapling,ported,name,
block,sapling6,sapling6,1,Willow Sapling,willow_sapling,ported,name,
block,sapling6,sapling6,2,Cypress Sapling,cypress_sapling,ported,name,
block,sapling6,sapling6,3,Olive Sapling,olive_sapling,ported,name,
block,sapling7,sapling7,0,Aspen Sapling,aspen_sapling,ported,name,
block,sapling7,sapling7,1,Green-oak Sapling,green_oak_sapling,ported,name,
block,sapling7,sapling7,2,Lairelossë Sapling,lairelosse_sapling,ported,name,
block,sapling7,sapling7,3,Almond Sapling,almond_sapling,ported,name,
block,sapling8,sapling8,0,Plum Sapling,plum_sapling,ported,name,
block,sapling8,sapling8,1,Redwood Sapling,redwood_sapling,ported,name,
block,sapling8,sapling8,2,Pomegranate Sapling,pomegranate_sapling,ported,name,
block,sapling8,sapling8,3,Palm Sapling,palm_sapling,ported,name,
block,sapling9,sapling9,0,Dragonblood Sapling,dragon_sapling,ported,name,
block,sapling9,sapling9,1,Kanuka Sapling,kanuka_sapling,ported,name,
block,scorchedSlabDouble,scorchedSlabDouble,,,,merged,rule,double slab is a slab block state in modern MC
block,scorchedSlabSingle,scorchedSlabSingle,0,Scorched Stone Slab,scorched_stone_slab,ported,name,
block,scorchedStone,scorchedStone,,Scorched Stone,scorched_stone,ported,name,
block,scorchedWall,scorchedWall,,Scorched Stone Wall,scorched_stone_wall,ported,name,
block,shireHeather,shireHeather,,Shire Heather,shire_heather,ported,name,
block,signCarved,signCarved,,,carved_sign,ported,id,
block,signCarvedIthildin,signCarvedIthildin,,,carved_ithildin_sign,ported,id,
block,silverBars,silverBars,,Silver Bars,silver_bars,ported,name,
block,simbelmyne,simbelmyne,,Simbelmynë,simbelmyne,ported,name,
block,skullCupBlock,skullCup,,,skull_cup_block,ported,id,
block,slabBoneDouble,slabBoneDouble,,,,merged,rule,double slab is a slab block state in modern MC
block,slabBoneSingle,slabBoneSingle,0,Bone Slab,bone_slab,ported,name,
block,slabClayTileDouble,slabClayTileDouble,,,,merged,rule,double slab is a slab block state in modern MC
block,slabClayTileDyedDouble,slabClayTileDyedDouble,,,,merged,rule,double slab is a slab block state in modern MC
block,slabClayTileDyedDouble2,slabClayTileDyedDouble2,,,,merged,rule,double slab is a slab block state in modern MC
block,slabClayTileDyedSingle,slabClayTileDyedSingle,0,White Clay Tiling Slab,clay_tile_dyed_white_slab,ported,name,
block,slabClayTileDyedSingle,slabClayTileDyedSingle,1,Orange Clay Tiling Slab,clay_tile_dyed_orange_slab,ported,name,
block,slabClayTileDyedSingle,slabClayTileDyedSingle,2,Magenta Clay Tiling Slab,clay_tile_dyed_magenta_slab,ported,name,
block,slabClayTileDyedSingle,slabClayTileDyedSingle,3,Light Blue Clay Tiling Slab,clay_tile_dyed_light_blue_slab,ported,name,
block,slabClayTileDyedSingle,slabClayTileDyedSingle,4,Yellow Clay Tiling Slab,clay_tile_dyed_yellow_slab,ported,name,
block,slabClayTileDyedSingle,slabClayTileDyedSingle,5,Lime Clay Tiling Slab,clay_tile_dyed_lime_slab,ported,name,
block,slabClayTileDyedSingle,slabClayTileDyedSingle,6,Pink Clay Tiling Slab,clay_tile_dyed_pink_slab,ported,name,
block,slabClayTileDyedSingle,slabClayTileDyedSingle,7,Gray Clay Tiling Slab,clay_tile_dyed_gray_slab,ported,name,
block,slabClayTileDyedSingle2,slabClayTileDyedSingle2,0,Light Gray Clay Tiling Slab,clay_tile_dyed_silver_slab,ported,name,
block,slabClayTileDyedSingle2,slabClayTileDyedSingle2,1,Cyan Clay Tiling Slab,clay_tile_dyed_cyan_slab,ported,name,
block,slabClayTileDyedSingle2,slabClayTileDyedSingle2,2,Purple Clay Tiling Slab,clay_tile_dyed_purple_slab,ported,name,
block,slabClayTileDyedSingle2,slabClayTileDyedSingle2,3,Blue Clay Tiling Slab,clay_tile_dyed_blue_slab,ported,name,
block,slabClayTileDyedSingle2,slabClayTileDyedSingle2,4,Brown Clay Tiling Slab,clay_tile_dyed_brown_slab,ported,name,
block,slabClayTileDyedSingle2,slabClayTileDyedSingle2,5,Green Clay Tiling Slab,clay_tile_dyed_green_slab,ported,name,
block,slabClayTileDyedSingle2,slabClayTileDyedSingle2,6,Red Clay Tiling Slab,clay_tile_dyed_red_slab,ported,name,
block,slabClayTileDyedSingle2,slabClayTileDyedSingle2,7,Black Clay Tiling Slab,clay_tile_dyed_black_slab,ported,name,
block,slabClayTileSingle,slabClayTileSingle,0,Clay Tiling Slab,clay_tile_slab,ported,name,
block,slabDouble,slabDouble,,,,merged,rule,double slab is a slab block state in modern MC
block,slabDouble10,slabDouble10,,,,merged,rule,double slab is a slab block state in modern MC
block,slabDouble11,slabDouble11,,,,merged,rule,double slab is a slab block state in modern MC
block,slabDouble12,slabDouble12,,,,merged,rule,double slab is a slab block state in modern MC
block,slabDouble13,slabDouble13,,,,merged,rule,double slab is a slab block state in modern MC
block,slabDouble14,slabDouble14,,,,merged,rule,double slab is a slab block state in modern MC
block,slabDouble2,slabDouble2,,,,merged,rule,double slab is a slab block state in modern MC
block,slabDouble3,slabDouble3,,,,merged,rule,double slab is a slab block state in modern MC
block,slabDouble4,slabDouble4,,,,merged,rule,double slab is a slab block state in modern MC
block,slabDouble5,slabDouble5,,,,merged,rule,double slab is a slab block state in modern MC
block,slabDouble6,slabDouble6,,,,merged,rule,double slab is a slab block state in modern MC
block,slabDouble7,slabDouble7,,,,merged,rule,double slab is a slab block state in modern MC
block,slabDouble8,slabDouble8,,,,merged,rule,double slab is a slab block state in modern MC
block,slabDouble9,slabDouble9,,,,merged,rule,double slab is a slab block state in modern MC
block,slabDoubleDirt,slabDoubleDirt,,,,merged,rule,double slab is a slab block state in modern MC
block,slabDoubleGravel,slabDoubleGravel,,,,merged,rule,double slab is a slab block state in modern MC
block,slabDoubleSand,slabDoubleSand,,,,merged,rule,double slab is a slab block state in modern MC
block,slabDoubleThatch,slabDoubleThatch,,,,merged,rule,double slab is a slab block state in modern MC
block,slabDoubleV,slabDoubleV,,,,merged,rule,double slab is a slab block state in modern MC
block,slabSingle,slabSingle,0,Smooth Mordor Rock Slab,smooth_mordor_rock_slab,ported,name,
block,slabSingle,slabSingle,1,Mordor Brick Slab,mordor_brick_slab,ported,name,
block,slabSingle,slabSingle,2,Smooth Gondor Rock Slab,smooth_gondor_rock_slab,ported,name,
block,slabSingle,slabSingle,3,Gondor Brick Slab,gondor_brick_slab,ported,name,
block,slabSingle,slabSingle,4,Mossy Gondor Brick Slab,mossy_gondor_brick_slab,ported,name,
block,slabSingle,slabSingle,5,Cracked Gondor Brick Slab,cracked_gondor_brick_slab,ported,name,
block,slabSingle,slabSingle,6,Rohan Brick Slab,rohan_brick_slab,ported,name,
block,slabSingle,slabSingle,7,Dwarven Brick Slab,dwarven_brick_slab,ported,name,
block,slabSingle10,slabSingle10,0,Dalish Pillar Slab,dale_pillar_slab,ported,name,
block,slabSingle10,slabSingle10,1,Mossy Dorwinion Brick Slab,mossy_dorwinion_brick_slab,ported,name,
block,slabSingle10,slabSingle10,2,Cracked Dorwinion Brick Slab,cracked_dorwinion_brick_slab,ported,name,
block,slabSingle10,slabSingle10,3,Flowery Dorwinion Brick Slab,dorwinion_flowers_brick_slab,ported,name,
block,slabSingle10,slabSingle10,4,Dorwinion Pillar Slab,dorwinion_pillar_slab,ported,name,
block,slabSingle10,slabSingle10,5,Mossy Dorwinion Pillar Slab,mossy_dorwinion_pillar_slab,ported,name,
block,slabSingle10,slabSingle10,6,White Sandstone Slab,white_sandstone_slab,ported,name,
block,slabSingle10,slabSingle10,7,Mordor Rock Slab,mordor_rock_slab,ported,name,
block,slabSingle11,slabSingle11,0,Gondor Cobblebrick Slab,gondor_cobblebrick_slab,ported,name,
block,slabSingle11,slabSingle11,1,Mossy Gondor Cobblebrick Slab,mossy_gondor_cobblebrick_slab,ported,name,
block,slabSingle11,slabSingle11,2,Cracked Gondor Cobblebrick Slab,cracked_gondor_cobblebrick_slab,ported,name,
block,slabSingle11,slabSingle11,3,Gondor Rock Slab,gondor_rock_slab,ported,name,
block,slabSingle11,slabSingle11,4,Rohan Rock Slab,rohan_rock_slab,ported,name,
block,slabSingle11,slabSingle11,5,Luigon Slab,blue_rock_slab,ported,name,
block,slabSingle11,slabSingle11,6,Cargon Slab,red_rock_slab,ported,name,
block,slabSingle11,slabSingle11,7,Chalk Slab,chalk_slab,ported,name,
block,slabSingle12,slabSingle12,0,Rhûnic Brick Slab,rhun_brick_slab,ported,name,
block,slabSingle12,slabSingle12,1,Mossy Rhûnic Brick Slab,rhun_mossy_brick_slab,ported,name,
block,slabSingle12,slabSingle12,2,Cracked Rhûnic Brick Slab,rhun_cracked_brick_slab,ported,name,
block,slabSingle12,slabSingle12,3,Flowery Rhûnic Brick Slab,rhun_flowers_brick_slab,ported,name,
block,slabSingle12,slabSingle12,4,Rhûnic Pillar Slab,rhun_pillar_slab,ported,name,
block,slabSingle12,slabSingle12,5,Red Rhûnic Brick Slab,rhun_red_brick_slab,ported,name,
block,slabSingle12,slabSingle12,6,Red Rhûnic Pillar Slab,rhun_red_pillar_slab,ported,name,
block,slabSingle12,slabSingle12,7,Snowy Angmar Brick Slab,angmar_snow_brick_slab,ported,name,
block,slabSingle13,slabSingle13,0,Mossy Dalish Brick Slab,dale_mossy_brick_slab,ported,name,
block,slabSingle13,slabSingle13,1,Cracked Dalish Brick Slab,dale_cracked_brick_slab,ported,name,
block,slabSingle13,slabSingle13,2,Umbar Brick Slab,umbar_brick_slab,ported,name,
block,slabSingle13,slabSingle13,3,Cracked Umbar Brick Slab,cracked_umbar_brick_slab,ported,name,
block,slabSingle13,slabSingle13,4,Umbar Pillar Slab,umbar_pillar_slab,ported,name,
block,slabSingle13,slabSingle13,5,Golden Taurethrim Pillar Slab,taur_gold_pillar_slab,ported,name,
block,slabSingle13,slabSingle13,6,Obsidian Taurethrim Pillar Slab,taur_obsidian_pillar_slab,ported,name,
block,slabSingle13,slabSingle13,7,Arnor Pillar Slab,arnor_pillar_slab,ported,name,
block,slabSingle14,slabSingle14,0,Cracked Arnor Pillar Slab,cracked_arnor_pillar_slab,ported,name,
block,slabSingle14,slabSingle14,1,Mossy Dol Guldur Brick Slab,mossy_dol_guldur_brick_slab,ported,name,
block,slabSingle14,slabSingle14,2,Cracked Morwaith Brick Slab,cracked_morwaith_brick_slab,ported,name,
block,slabSingle14,slabSingle14,3,Uruk Pillar Slab,uruk_pillar_slab,ported,name,
block,slabSingle14,slabSingle14,4,Dol Guldur Pillar Slab,dol_guldur_pillar_slab,ported,name,
block,slabSingle2,slabSingle2,0,Dwarven Pillar Slab,dwarven_pillar_slab,ported,name,
block,slabSingle2,slabSingle2,1,Smooth Rohan Rock Slab,smooth_rohan_rock_slab,ported,name,
block,slabSingle2,slabSingle2,2,Cracked Mordor Brick Slab,cracked_mordor_brick_slab,ported,name,
block,slabSingle2,slabSingle2,3,Galadhrim Brick Slab,galadhrim_brick_slab,ported,name,
block,slabSingle2,slabSingle2,4,Mossy Galadhrim Brick Slab,mossy_galadhrim_brick_slab,ported,name,
block,slabSingle2,slabSingle2,5,Cracked Galadhrim Brick Slab,cracked_galadhrim_brick_slab,ported,name,
block,slabSingle2,slabSingle2,6,Galadhrim Pillar Slab,galadhrim_pillar_slab,ported,name,
block,slabSingle2,slabSingle2,7,Cracked Galadhrim Pillar Slab,cracked_galadhrim_pillar_slab,ported,name,
block,slabSingle3,slabSingle3,0,Smooth Luigon Slab,smooth_blue_rock_slab,ported,name,
block,slabSingle3,slabSingle3,1,Luigon Brick Slab,blue_rock_brick_slab,ported,name,
block,slabSingle3,slabSingle3,2,Luigon Pillar Slab,blue_rock_pillar_slab,ported,name,
block,slabSingle3,slabSingle3,3,Angmar Brick Slab,angmar_brick_slab,ported,name,
block,slabSingle3,slabSingle3,4,Cracked Angmar Brick Slab,cracked_angmar_brick_slab,ported,name,
block,slabSingle3,slabSingle3,5,Smooth Cargon Slab,smooth_red_rock_slab,ported,name,
block,slabSingle3,slabSingle3,6,Cargon Brick Slab,red_rock_brick_slab,ported,name,
block,slabSingle3,slabSingle3,7,Cargon Pillar Slab,red_rock_pillar_slab,ported,name,
block,slabSingle4,slabSingle4,0,Haradric Brick Slab,near_harad_brick_slab,ported,name,
block,slabSingle4,slabSingle4,1,Arnor Brick Slab,arnor_brick_slab,ported,name,
block,slabSingle4,slabSingle4,2,Mossy Arnor Brick Slab,mossy_arnor_brick_slab,ported,name,
block,slabSingle4,slabSingle4,3,Cracked Arnor Brick Slab,cracked_arnor_brick_slab,ported,name,
block,slabSingle4,slabSingle4,4,Uruk Brick Slab,uruk_brick_slab,ported,name,
block,slabSingle4,slabSingle4,5,Dol Guldur Brick Slab,dol_guldur_brick_slab,ported,name,
block,slabSingle4,slabSingle4,6,Cracked Dol Guldur Brick Slab,cracked_dol_guldur_brick_slab,ported,name,
block,slabSingle4,slabSingle4,7,Haradric Pillar Slab,near_harad_pillar_slab,ported,name,
block,slabSingle5,slabSingle5,0,Gondor Pillar Slab,gondor_pillar_slab,ported,name,
block,slabSingle5,slabSingle5,1,Mordor Pillar Slab,mordor_pillar_slab,ported,name,
block,slabSingle5,slabSingle5,2,Rohan Pillar Slab,rohan_pillar_slab,ported,name,
block,slabSingle5,slabSingle5,3,Númenórean Brick Slab,numenorean_brick_slab,ported,name,
block,slabSingle5,slabSingle5,4,Númenórean Pillar Slab,numenorean_pillar_slab,ported,name,
block,slabSingle5,slabSingle5,5,High Elven Brick Slab,high_elven_brick_slab,ported,name,
block,slabSingle5,slabSingle5,6,Mossy High Elven Brick Slab,mossy_high_elven_brick_slab,ported,name,
block,slabSingle5,slabSingle5,7,Cracked High Elven Brick Slab,cracked_high_elven_brick_slab,ported,name,
block,slabSingle6,slabSingle6,0,High Elven Pillar Slab,high_elven_pillar_slab,ported,name,
block,slabSingle6,slabSingle6,1,Cracked High Elven Pillar Slab,cracked_high_elven_pillar_slab,ported,name,
block,slabSingle6,slabSingle6,2,Wood-elven Brick Slab,wood_elven_brick_slab,ported,name,
block,slabSingle6,slabSingle6,3,Mossy Wood-elven Brick Slab,mossy_wood_elven_brick_slab,ported,name,
block,slabSingle6,slabSingle6,4,Cracked Wood-elven Brick Slab,cracked_wood_elven_brick_slab,ported,name,
block,slabSingle6,slabSingle6,5,Wood-elven Pillar Slab,wood_elven_pillar_slab,ported,name,
block,slabSingle6,slabSingle6,6,Cracked Wood-elven Pillar Slab,cracked_wood_elven_pillar_slab,ported,name,
block,slabSingle6,slabSingle6,7,Dol Amroth Brick Slab,dol_amroth_brick_slab,ported,name,
block,slabSingle7,slabSingle7,0,Morwaith Brick Slab,morwaith_brick_slab,ported,name,
block,slabSingle7,slabSingle7,1,Cracked Haradric Brick Slab,near_harad_cracked_brick_slab,ported,name,
block,slabSingle7,slabSingle7,2,Red Haradric Brick Slab,near_harad_red_brick_slab,ported,name,
block,slabSingle7,slabSingle7,3,Cracked Red Haradric Brick Slab,near_harad_red_cracked_brick_slab,ported,name,
block,slabSingle7,slabSingle7,4,Red Haradric Pillar Slab,near_harad_red_pillar_slab,ported,name,
block,slabSingle7,slabSingle7,5,Red Sandstone Slab,,vanilla,override,user confirmed vanilla duplicate
block,slabSingle7,slabSingle7,6,Cracked Dwarven Brick Slab,cracked_dwarven_brick_slab,ported,name,
block,slabSingle7,slabSingle7,7,Cracked Dwarven Pillar Slab,cracked_dwarven_pillar_slab,ported,name,
block,slabSingle8,slabSingle8,0,Taurethrim Brick Slab,tauredain_brick_slab,ported,name,
block,slabSingle8,slabSingle8,1,Mossy Taurethrim Brick Slab,tauredain_mossy_brick_slab,ported,name,
block,slabSingle8,slabSingle8,2,Cracked Taurethrim Brick Slab,tauredain_cracked_brick_slab,ported,name,
block,slabSingle8,slabSingle8,3,Golden Taurethrim Brick Slab,tauredain_gold_brick_slab,ported,name,
block,slabSingle8,slabSingle8,4,Obsidian Taurethrim Brick Slab,tauredain_obsidian_brick_slab,ported,name,
block,slabSingle8,slabSingle8,5,Taurethrim Pillar Slab,tauredain_pillar_slab,ported,name,
block,slabSingle8,slabSingle8,6,Obsidian Dwarven Brick Slab,obsidian_dwarven_brick_slab,ported,name,
block,slabSingle8,slabSingle8,7,Smooth Chalk Slab,smooth_chalk_slab,ported,name,
block,slabSingle9,slabSingle9,0,Chalk Brick Slab,chalk_brick_slab,ported,name,
block,slabSingle9,slabSingle9,1,Chalk Pillar Slab,chalk_pillar_slab,ported,name,
block,slabSingle9,slabSingle9,2,Stone Pillar Slab,stone_pillar_slab,ported,name,
block,slabSingle9,slabSingle9,3,Brick Pillar Slab,brick_pillar_slab,ported,name,
block,slabSingle9,slabSingle9,4,Angmar Pillar Slab,angmar_pillar_slab,ported,name,
block,slabSingle9,slabSingle9,5,Mud Brick Slab,mud_brick_slab,ported,name,
block,slabSingle9,slabSingle9,6,Dalish Brick Slab,dale_brick_slab,ported,name,
block,slabSingle9,slabSingle9,7,Dorwinion Brick Slab,dorwinion_brick_slab,ported,name,
block,slabSingleDirt,slabSingleDirt,0,Dirt Slab,dirt_slab,ported,name,
block,slabSingleDirt,slabSingleDirt,1,Dirt Path Slab,dirt_path_slab,ported,name,
block,slabSingleDirt,slabSingleDirt,2,Jungle Mud Slab,mud_slab,ported,name,
block,slabSingleDirt,slabSingleDirt,3,Mordor Dirt Slab,mordor_dirt_slab,ported,name,
block,slabSingleDirt,slabSingleDirt,4,Jungle Mud Path Slab,dirt_path_mud_slab,ported,name,
block,slabSingleGravel,slabSingleGravel,0,Gravel Slab,gravel_slab,ported,name,
block,slabSingleGravel,slabSingleGravel,1,Mordor Gravel Slab,mordor_gravel_slab,ported,name,
block,slabSingleGravel,slabSingleGravel,2,Obsidian Gravel Slab,obsidian_gravel_slab,ported,name,
block,slabSingleSand,slabSingleSand,0,Sand Slab,sand_slab,ported,name,
block,slabSingleSand,slabSingleSand,1,Red Sand Slab,red_sand_slab,ported,name,
block,slabSingleSand,slabSingleSand,2,White Sand Slab,white_sand_slab,ported,name,
block,slabSingleThatch,slabSingleThatch,0,Thatch Slab,thatch_thatch_slab,ported,name,
block,slabSingleThatch,slabSingleThatch,1,Reed Slab,thatch_reed_slab,ported,name,
block,slabSingleV,slabSingleV,0,Mossy Stone Brick Slab,,vanilla,override,user confirmed vanilla duplicate
block,slabSingleV,slabSingleV,1,Cracked Stone Brick Slab,cracked_stone_brick_slab,ported,name,
block,slabSingleV,slabSingleV,2,Mossy Bricks Slab,red_brick_mossy_slab,ported,name,
block,slabSingleV,slabSingleV,3,Cracked Bricks Slab,red_brick_cracked_slab,ported,name,
block,slabSingleV,slabSingleV,4,Mossy Cobblestone Slab,,vanilla,override,user confirmed vanilla duplicate
block,slabSingleV,slabSingleV,5,Stone Slab,,vanilla,override,user confirmed vanilla duplicate
block,slabUtumnoDouble,slabUtumnoDouble,,,,merged,rule,double slab is a slab block state in modern MC
block,slabUtumnoDouble2,slabUtumnoDouble2,,,,merged,rule,double slab is a slab block state in modern MC
block,slabUtumnoSingle,slabUtumnoSingle,0,Fire Utumno Brick Slab,fire_utumno_brick_slab,ported,name,
block,slabUtumnoSingle,slabUtumnoSingle,1,Ice Utumno Brick Slab,ice_utumno_brick_slab,ported,name,
block,slabUtumnoSingle,slabUtumnoSingle,2,Obsidian Utumno Brick Slab,obsidian_utumno_brick_slab,ported,name,
block,slabUtumnoSingle,slabUtumnoSingle,3,Fire Utumno Pillar Slab,fire_utumno_pillar_slab,ported,name,
block,slabUtumnoSingle,slabUtumnoSingle,4,Ice Utumno Pillar Slab,ice_utumno_pillar_slab,ported,name,
block,slabUtumnoSingle,slabUtumnoSingle,5,Obsidian Utumno Pillar Slab,obsidian_utumno_pillar_slab,ported,name,
block,slabUtumnoSingle2,slabUtumnoSingle2,0,Ice Utumno Tiling Slab,utumno_ice_tile_brick_slab,ported,name,
block,slabUtumnoSingle2,slabUtumnoSingle2,1,Obsidian Utumno Tiling Slab,utumno_obsidian_tile_brick_slab,ported,name,
block,slabUtumnoSingle2,slabUtumnoSingle2,2,Fire Utumno Tiling Slab,utumno_fire_tile_brick_slab,ported,name,
block,smoothStone,smoothStone,0,Smooth Mordor Rock,smooth_mordor_rock,ported,name,
block,smoothStone,smoothStone,1,Smooth Gondor Rock,smooth_gondor_rock,ported,name,
block,smoothStone,smoothStone,2,Smooth Rohan Rock,smooth_rohan_rock,ported,name,
block,smoothStone,smoothStone,3,Smooth Luigon,smooth_blue_rock,ported,name,
block,smoothStone,smoothStone,4,Smooth Cargon,smooth_red_rock,ported,name,
block,smoothStone,smoothStone,5,Smooth Chalk,smooth_chalk,ported,name,
block,smoothStoneV,smoothStoneV,0,Smooth Stone,,vanilla,override,user confirmed vanilla duplicate
block,spawnerChest,spawnerChest,,,,missing,,
block,spawnerChestAncientHarad,spawnerChestAncientHarad,,,,missing,,
block,spawnerChestStone,spawnerChestStone,,,,missing,,
block,stainedGlass,stainedGlass,0,White Fine Glass,white_stained_glass,ported,name,
block,stainedGlass,stainedGlass,1,Orange Fine Glass,orange_stained_glass,ported,name,
block,stainedGlass,stainedGlass,10,Purple Fine Glass,purple_stained_glass,ported,name,
block,stainedGlass,stainedGlass,11,Blue Fine Glass,blue_stained_glass,ported,name,
block,stainedGlass,stainedGlass,12,Brown Fine Glass,brown_stained_glass,ported,name,
block,stainedGlass,stainedGlass,13,Green Fine Glass,green_stained_glass,ported,name,
block,stainedGlass,stainedGlass,14,Red Fine Glass,red_stained_glass,ported,name,
block,stainedGlass,stainedGlass,15,Black Fine Glass,black_stained_glass,ported,name,
block,stainedGlass,stainedGlass,2,Magenta Fine Glass,magenta_stained_glass,ported,name,
block,stainedGlass,stainedGlass,3,Light Blue Fine Glass,light_blue_stained_glass,ported,name,
block,stainedGlass,stainedGlass,4,Yellow Fine Glass,yellow_stained_glass,ported,name,
block,stainedGlass,stainedGlass,5,Lime Fine Glass,lime_stained_glass,ported,name,
block,stainedGlass,stainedGlass,6,Pink Fine Glass,pink_stained_glass,ported,name,
block,stainedGlass,stainedGlass,7,Gray Fine Glass,gray_stained_glass,ported,name,
block,stainedGlass,stainedGlass,8,Light Gray Fine Glass,silver_stained_glass,ported,name,
block,stainedGlass,stainedGlass,9,Cyan Fine Glass,cyan_stained_glass,ported,name,
block,stainedGlassPane,stainedGlassPane,0,White Fine Glass Pane,white_stained_glass_pane,ported,name,
block,stainedGlassPane,stainedGlassPane,1,Orange Fine Glass Pane,orange_stained_glass_pane,ported,name,
block,stainedGlassPane,stainedGlassPane,10,Purple Fine Glass Pane,purple_stained_glass_pane,ported,name,
block,stainedGlassPane,stainedGlassPane,11,Blue Fine Glass Pane,blue_stained_glass_pane,ported,name,
block,stainedGlassPane,stainedGlassPane,12,Brown Fine Glass Pane,brown_stained_glass_pane,ported,name,
block,stainedGlassPane,stainedGlassPane,13,Green Fine Glass Pane,green_stained_glass_pane,ported,name,
block,stainedGlassPane,stainedGlassPane,14,Red Fine Glass Pane,red_stained_glass_pane,ported,name,
block,stainedGlassPane,stainedGlassPane,15,Black Fine Glass Pane,black_stained_glass_pane,ported,name,
block,stainedGlassPane,stainedGlassPane,2,Magenta Fine Glass Pane,magenta_stained_glass_pane,ported,name,
block,stainedGlassPane,stainedGlassPane,3,Light Blue Fine Glass Pane,light_blue_stained_glass_pane,ported,name,
block,stainedGlassPane,stainedGlassPane,4,Yellow Fine Glass Pane,yellow_stained_glass_pane,ported,name,
block,stainedGlassPane,stainedGlassPane,5,Lime Fine Glass Pane,lime_stained_glass_pane,ported,name,
block,stainedGlassPane,stainedGlassPane,6,Pink Fine Glass Pane,pink_stained_glass_pane,ported,name,
block,stainedGlassPane,stainedGlassPane,7,Gray Fine Glass Pane,gray_stained_glass_pane,ported,name,
block,stainedGlassPane,stainedGlassPane,8,Light Gray Fine Glass Pane,silver_stained_glass_pane,ported,name,
block,stainedGlassPane,stainedGlassPane,9,Cyan Fine Glass Pane,cyan_stained_glass_pane,ported,name,
block,stairsAlmond,stairsAlmond,,Almond Wood Stairs,almond_stairs,ported,name,
block,stairsAngmarBrick,stairsAngmarBrick,,Angmar Brick Stairs,angmar_brick_stairs,ported,name,
block,stairsAngmarBrickCracked,stairsAngmarBrickCracked,,Cracked Angmar Brick Stairs,cracked_angmar_brick_stairs,ported,name,
block,stairsAngmarBrickSnow,stairsAngmarBrickSnow,,Snowy Angmar Brick Stairs,angmar_snow_brick_stairs,ported,name,
block,stairsApple,stairsApple,,Apple Wood Stairs,apple_stairs,ported,name,
block,stairsArnorBrick,stairsArnorBrick,,Arnor Brick Stairs,arnor_brick_stairs,ported,name,
block,stairsArnorBrickCracked,stairsArnorBrickCracked,,Cracked Arnor Brick Stairs,cracked_arnor_brick_stairs,ported,name,
block,stairsArnorBrickMossy,stairsArnorBrickMossy,,Mossy Arnor Brick Stairs,mossy_arnor_brick_stairs,ported,name,
block,stairsAspen,stairsAspen,,Aspen Wood Stairs,aspen_stairs,ported,name,
block,stairsBanana,stairsBanana,,Banana Wood Stairs,banana_stairs,ported,name,
block,stairsBaobab,stairsBaobab,,Baobab Wood Stairs,baobab_stairs,ported,name,
block,stairsBeech,stairsBeech,,Beech Wood Stairs,beech_stairs,ported,name,
block,stairsBlackGondorBrick,stairsBlackGondorBrick,,Númenórean Brick Stairs,numenorean_brick_stairs,ported,name,
block,stairsBlueRock,stairsBlueRock,,Luigon Stairs,blue_rock_stairs,ported,name,
block,stairsBlueRockBrick,stairsBlueRockBrick,,Luigon Brick Stairs,blue_rock_brick_stairs,ported,name,
block,stairsBone,stairsBone,,Bone Stairs,bone_stairs,ported,name,
block,stairsBrickCracked,stairsBrickCracked,,Cracked Brick Stairs,red_brick_cracked_stairs,ported,name,
block,stairsBrickMossy,stairsBrickMossy,,Mossy Brick Stairs,red_brick_mossy_stairs,ported,name,
block,stairsCedar,stairsCedar,,Cedar Wood Stairs,cedar_stairs,ported,name,
block,stairsChalk,stairsChalk,,Chalk Stairs,chalk_stairs,ported,name,
block,stairsChalkBrick,stairsChalkBrick,,Chalk Brick Stairs,chalk_brick_stairs,ported,name,
block,stairsCharred,stairsCharred,,Charred Wood Stairs,charred_stairs,ported,name,
block,stairsCherry,stairsCherry,,Cherry Wood Stairs,cherry_stairs,ported,name,
block,stairsChestnut,stairsChestnut,,Chestnut Wood Stairs,chestnut_stairs,ported,name,
block,stairsClayTile,stairsClayTile,,Clay Tiling Stairs,clay_tile_stairs,ported,name,
block,stairsClayTileDyedBlack,stairsClayTileDyedBlack,,Black Clay Tiling Stairs,clay_tile_dyed_black_stairs,ported,name,
block,stairsClayTileDyedBlue,stairsClayTileDyedBlue,,Blue Clay Tiling Stairs,clay_tile_dyed_blue_stairs,ported,name,
block,stairsClayTileDyedBrown,stairsClayTileDyedBrown,,Brown Clay Tiling Stairs,clay_tile_dyed_brown_stairs,ported,name,
block,stairsClayTileDyedCyan,stairsClayTileDyedCyan,,Cyan Clay Tiling Stairs,clay_tile_dyed_cyan_stairs,ported,name,
block,stairsClayTileDyedGray,stairsClayTileDyedGray,,Gray Clay Tiling Stairs,clay_tile_dyed_gray_stairs,ported,name,
block,stairsClayTileDyedGreen,stairsClayTileDyedGreen,,Green Clay Tiling Stairs,clay_tile_dyed_green_stairs,ported,name,
block,stairsClayTileDyedLightBlue,stairsClayTileDyedLightBlue,,Light Blue Clay Tiling Stairs,clay_tile_dyed_light_blue_stairs,ported,name,
block,stairsClayTileDyedLightGray,stairsClayTileDyedLightGray,,Light Gray Clay Tiling Stairs,clay_tile_dyed_silver_stairs,ported,name,
block,stairsClayTileDyedLime,stairsClayTileDyedLime,,Lime Clay Tiling Stairs,clay_tile_dyed_lime_stairs,ported,name,
block,stairsClayTileDyedMagenta,stairsClayTileDyedMagenta,,Magenta Clay Tiling Stairs,clay_tile_dyed_magenta_stairs,ported,name,
block,stairsClayTileDyedOrange,stairsClayTileDyedOrange,,Orange Clay Tiling Stairs,clay_tile_dyed_orange_stairs,ported,name,
block,stairsClayTileDyedPink,stairsClayTileDyedPink,,Pink Clay Tiling Stairs,clay_tile_dyed_pink_stairs,ported,name,
block,stairsClayTileDyedPurple,stairsClayTileDyedPurple,,Purple Clay Tiling Stairs,clay_tile_dyed_purple_stairs,ported,name,
block,stairsClayTileDyedRed,stairsClayTileDyedRed,,Red Clay Tiling Stairs,clay_tile_dyed_red_stairs,ported,name,
block,stairsClayTileDyedWhite,stairsClayTileDyedWhite,,White Clay Tiling Stairs,clay_tile_dyed_white_stairs,ported,name,
block,stairsClayTileDyedYellow,stairsClayTileDyedYellow,,Yellow Clay Tiling Stairs,clay_tile_dyed_yellow_stairs,ported,name,
block,stairsCobblestoneMossy,stairsCobblestoneMossy,,Mossy Cobblestone Stairs,,vanilla,override,user confirmed vanilla duplicate
block,stairsCypress,stairsCypress,,Cypress Wood Stairs,cypress_stairs,ported,name,
block,stairsDaleBrick,stairsDaleBrick,,Dalish Brick Stairs,dale_brick_stairs,ported,name,
block,stairsDaleBrickCracked,stairsDaleBrickCracked,,Cracked Dalish Brick Stairs,dale_cracked_brick_stairs,ported,name,
block,stairsDaleBrickMossy,stairsDaleBrickMossy,,Mossy Dalish Brick Stairs,dale_mossy_brick_stairs,ported,name,
block,stairsDatePalm,stairsDatePalm,,Date Palm Wood Stairs,date_palm_stairs,ported,name,
block,stairsDolAmrothBrick,stairsDolAmrothBrick,,Dol Amroth Brick Stairs,dol_amroth_brick_stairs,ported,name,
block,stairsDolGuldurBrick,stairsDolGuldurBrick,,Dol Guldur Brick Stairs,dol_guldur_brick_stairs,ported,name,
block,stairsDolGuldurBrickCracked,stairsDolGuldurBrickCracked,,Cracked Dol Guldur Brick Stairs,cracked_dol_guldur_brick_stairs,ported,name,
block,stairsDolGuldurBrickMossy,stairsDolGuldurBrickMossy,,Mossy Dol Guldur Brick Stairs,mossy_dol_guldur_brick_stairs,ported,name,
block,stairsDorwinionBrick,stairsDorwinionBrick,,Dorwinion Brick Stairs,dorwinion_brick_stairs,ported,name,
block,stairsDorwinionBrickCracked,stairsDorwinionBrickCracked,,Cracked Dorwinion Brick Stairs,cracked_dorwinion_brick_stairs,ported,name,
block,stairsDorwinionBrickFlowers,stairsDorwinionBrickFlowers,,Flowery Dorwinion Brick Stairs,dorwinion_flowers_brick_stairs,ported,name,
block,stairsDorwinionBrickMossy,stairsDorwinionBrickMossy,,Mossy Dorwinion Brick Stairs,mossy_dorwinion_brick_stairs,ported,name,
block,stairsDragon,stairsDragon,,Dragonblood Wood Stairs,dragon_stairs,ported,name,
block,stairsDwarvenBrick,stairsDwarvenBrick,,Dwarven Brick Stairs,dwarven_brick_stairs,ported,name,
block,stairsDwarvenBrickCracked,stairsDwarvenBrickCracked,,Cracked Dwarven Brick Stairs,cracked_dwarven_brick_stairs,ported,name,
block,stairsDwarvenBrickObsidian,stairsDwarvenBrickObsidian,,Obsidian Dwarven Brick Stairs,obsidian_dwarven_brick_stairs,ported,name,
block,stairsElvenBrick,stairsElvenBrick,,Galadhrim Brick Stairs,galadhrim_brick_stairs,ported,name,
block,stairsElvenBrickCracked,stairsElvenBrickCracked,,Cracked Galadhrim Brick Stairs,cracked_galadhrim_brick_stairs,ported,name,
block,stairsElvenBrickMossy,stairsElvenBrickMossy,,Mossy Galadhrim Brick Stairs,mossy_galadhrim_brick_stairs,ported,name,
block,stairsFir,stairsFir,,Fir Wood Stairs,fir_stairs,ported,name,
block,stairsGondorBrick,stairsGondorBrick,,Gondor Brick Stairs,gondor_brick_stairs,ported,name,
block,stairsGondorBrickCracked,stairsGondorBrickCracked,,Cracked Gondor Brick Stairs,cracked_gondor_brick_stairs,ported,name,
block,stairsGondorBrickMossy,stairsGondorBrickMossy,,Mossy Gondor Brick Stairs,mossy_gondor_brick_stairs,ported,name,
block,stairsGondorBrickRustic,stairsGondorBrickRustic,,Gondor Cobblebrick Stairs,gondor_cobblebrick_stairs,ported,name,
block,stairsGondorBrickRusticCracked,stairsGondorBrickRusticCracked,,Cracked Gondor Cobblebrick Stairs,cracked_gondor_cobblebrick_stairs,ported,name,
block,stairsGondorBrickRusticMossy,stairsGondorBrickRusticMossy,,Mossy Gondor Cobblebrick Stairs,mossy_gondor_cobblebrick_stairs,ported,name,
block,stairsGondorRock,stairsGondorRock,,Gondor Rock Stairs,gondor_rock_stairs,ported,name,
block,stairsGreenOak,stairsGreenOak,,Green-oak Wood Stairs,green_oak_stairs,ported,name,
block,stairsHighElvenBrick,stairsHighElvenBrick,,High Elven Brick Stairs,high_elven_brick_stairs,ported,name,
block,stairsHighElvenBrickCracked,stairsHighElvenBrickCracked,,Cracked High Elven Brick Stairs,cracked_high_elven_brick_stairs,ported,name,
block,stairsHighElvenBrickMossy,stairsHighElvenBrickMossy,,Mossy High Elven Brick Stairs,mossy_high_elven_brick_stairs,ported,name,
block,stairsHolly,stairsHolly,,Holly Wood Stairs,holly_stairs,ported,name,
block,stairsKanuka,stairsKanuka,,Kanuka Wood Stairs,kanuka_stairs,ported,name,
block,stairsLairelosse,stairsLairelosse,,Lairelossë Wood Stairs,lairelosse_stairs,ported,name,
block,stairsLarch,stairsLarch,,Larch Wood Stairs,larch_stairs,ported,name,
block,stairsLebethron,stairsLebethron,,Lebethron Wood Stairs,lebethron_stairs,ported,name,
block,stairsLemon,stairsLemon,,Lemon Wood Stairs,lemon_stairs,ported,name,
block,stairsLime,stairsLime,,Lime Wood Stairs,lime_stairs,ported,name,
block,stairsMahogany,stairsMahogany,,Mahogany Wood Stairs,mahogany_stairs,ported,name,
block,stairsMallorn,stairsMallorn,,Mallorn Wood Stairs,mallorn_stairs,ported,name,
block,stairsMango,stairsMango,,Mango Wood Stairs,mango_stairs,ported,name,
block,stairsMangrove,stairsMangrove,,Mangrove Wood Stairs,mangrove_stairs,ported,name,
block,stairsMaple,stairsMaple,,Maple Wood Stairs,maple_stairs,ported,name,
block,stairsMirkOak,stairsMirkOak,,Mirk-oak Wood Stairs,mirk_oak_stairs,ported,name,
block,stairsMordorBrick,stairsMordorBrick,,Mordor Brick Stairs,mordor_brick_stairs,ported,name,
block,stairsMordorBrickCracked,stairsMordorBrickCracked,,Cracked Mordor Brick Stairs,cracked_mordor_brick_stairs,ported,name,
block,stairsMordorRock,stairsMordorRock,,Mordor Rock Stairs,mordor_rock_stairs,ported,name,
block,stairsMoredainBrick,stairsMoredainBrick,,Morwaith Brick Stairs,morwaith_brick_stairs,ported,name,
block,stairsMorwaithBrickCracked,stairsMorwaithBrickCracked,,Cracked Morwaith Brick Stairs,cracked_morwaith_brick_stairs,ported,name,
block,stairsMudBrick,stairsMudBrick,,Mud Brick Stairs,mud_brick_stairs,ported,name,
block,stairsNearHaradBrick,stairsNearHaradBrick,,Haradric Brick Stairs,near_harad_brick_stairs,ported,name,
block,stairsNearHaradBrickCracked,stairsNearHaradBrickCracked,,Cracked Haradric Brick Stairs,near_harad_cracked_brick_stairs,ported,name,
block,stairsNearHaradBrickRed,stairsNearHaradBrickRed,,Red Haradric Brick Stairs,near_harad_red_brick_stairs,ported,name,
block,stairsNearHaradBrickRedCracked,stairsNearHaradBrickRedCracked,,Cracked Red Haradric Brick Stairs,near_harad_red_cracked_brick_stairs,ported,name,
block,stairsOlive,stairsOlive,,Olive Wood Stairs,olive_stairs,ported,name,
block,stairsOrange,stairsOrange,,Orange Wood Stairs,orange_stairs,ported,name,
block,stairsPalm,stairsPalm,,Palm Wood Stairs,palm_stairs,ported,name,
block,stairsPear,stairsPear,,Pear Wood Stairs,pear_stairs,ported,name,
block,stairsShirePine,stairsPine,,Shire Pine Wood Stairs,shire_pine_stairs,ported,name,
block,stairsPine,stairsPinePine,,Pine Wood Stairs,pine_stairs,ported,name,
block,stairsPlum,stairsPlum,,Plum Wood Stairs,plum_stairs,ported,name,
block,stairsPomegranate,stairsPomegranate,,Pomegranate Wood Stairs,pomegranate_stairs,ported,name,
block,stairsRedRock,stairsRedRock,,Cargon Stairs,red_rock_stairs,ported,name,
block,stairsRedRockBrick,stairsRedRockBrick,,Cargon Brick Stairs,red_rock_brick_stairs,ported,name,
block,stairsRedSandstone,stairsRedSandstone,,Red Sandstone Stairs,,vanilla,override,user confirmed vanilla duplicate
block,stairsRedwood,stairsRedwood,,Redwood Wood Stairs,redwood_stairs,ported,name,
block,stairsReed,stairsReed,,Reed Stairs,thatch_reed_stairs,ported,name,
block,stairsRhunBrick,stairsRhunBrick,,Rhûnic Brick Stairs,rhun_brick_stairs,ported,name,
block,stairsRhunBrickCracked,stairsRhunBrickCracked,,Cracked Rhûnic Brick Stairs,rhun_cracked_brick_stairs,ported,name,
block,stairsRhunBrickFlowers,stairsRhunBrickFlowers,,Flowery Rhûnic Brick Stairs,rhun_flowers_brick_stairs,ported,name,
block,stairsRhunBrickMossy,stairsRhunBrickMossy,,Mossy Rhûnic Brick Stairs,rhun_mossy_brick_stairs,ported,name,
block,stairsRhunBrickRed,stairsRhunBrickRed,,Red Rhûnic Brick Stairs,rhun_red_brick_stairs,ported,name,
block,stairsRohanBrick,stairsRohanBrick,,Rohan Brick Stairs,rohan_brick_stairs,ported,name,
block,stairsRohanRock,stairsRohanRock,,Rohan Rock Stairs,rohan_rock_stairs,ported,name,
block,stairsRotten,stairsRotten,,Rotten Wood Stairs,rotten_stairs,ported,name,
block,stairsScorchedStone,stairsScorchedStone,,Scorched Stone Stairs,scorched_stone_stairs,ported,name,
block,stairsStone,stairsStone,,Stone Stairs,,vanilla,override,user confirmed vanilla duplicate
block,stairsStoneBrickCracked,stairsStoneBrickCracked,,Cracked Stone Brick Stairs,cracked_stone_brick_stairs,ported,name,
block,stairsStoneBrickMossy,stairsStoneBrickMossy,,Mossy Stone Brick Stairs,,vanilla,override,user confirmed vanilla duplicate
block,stairsTauredainBrick,stairsTauredainBrick,,Taurethrim Brick Stairs,tauredain_brick_stairs,ported,name,
block,stairsTauredainBrickCracked,stairsTauredainBrickCracked,,Cracked Taurethrim Brick Stairs,tauredain_cracked_brick_stairs,ported,name,
block,stairsTauredainBrickGold,stairsTauredainBrickGold,,Golden Taurethrim Brick Stairs,tauredain_gold_brick_stairs,ported,name,
block,stairsTauredainBrickMossy,stairsTauredainBrickMossy,,Mossy Taurethrim Brick Stairs,tauredain_mossy_brick_stairs,ported,name,
block,stairsTauredainBrickObsidian,stairsTauredainBrickObsidian,,Obsidian Taurethrim Brick Stairs,tauredain_obsidian_brick_stairs,ported,name,
block,stairsThatch,stairsThatch,,Thatch Stairs,thatch_thatch_stairs,ported,name,
block,stairsUmbarBrick,stairsUmbarBrick,,Umbar Brick Stairs,umbar_brick_stairs,ported,name,
block,stairsUmbarBrickCracked,stairsUmbarBrickCracked,,Cracked Umbar Brick Stairs,cracked_umbar_brick_stairs,ported,name,
block,stairsUrukBrick,stairsUrukBrick,,Uruk Brick Stairs,uruk_brick_stairs,ported,name,
block,stairsUtumnoBrickFire,stairsUtumnoBrickFire,,Fire Utumno Brick Stairs,fire_utumno_brick_stairs,ported,name,
block,stairsUtumnoBrickIce,stairsUtumnoBrickIce,,Ice Utumno Brick Stairs,ice_utumno_brick_stairs,ported,name,
block,stairsUtumnoBrickObsidian,stairsUtumnoBrickObsidian,,Obsidian Utumno Brick Stairs,obsidian_utumno_brick_stairs,ported,name,
block,stairsUtumnoTileFire,stairsUtumnoTileFire,,Fire Utumno Tiling Stairs,utumno_fire_tile_brick_stairs,ported,name,
block,stairsUtumnoTileIce,stairsUtumnoTileIce,,Ice Utumno Tiling Stairs,utumno_ice_tile_brick_stairs,ported,name,
block,stairsUtumnoTileObsidian,stairsUtumnoTileObsidian,,Obsidian Utumno Tiling Stairs,utumno_obsidian_tile_brick_stairs,ported,name,
block,stairsWhiteSandstone,stairsWhiteSandstone,,White Sandstone Stairs,white_sandstone_stairs,ported,name,
block,stairsWillow,stairsWillow,,Willow Wood Stairs,willow_stairs,ported,name,
block,stairsWoodElvenBrick,stairsWoodElvenBrick,,Wood-elven Brick Stairs,wood_elven_brick_stairs,ported,name,
block,stairsWoodElvenBrickCracked,stairsWoodElvenBrickCracked,,Cracked Wood-elven Brick Stairs,cracked_wood_elven_brick_stairs,ported,name,
block,stairsWoodElvenBrickMossy,stairsWoodElvenBrickMossy,,Mossy Wood-elven Brick Stairs,mossy_wood_elven_brick_stairs,ported,name,
block,stalactite,stalactite,0,Stalactite,,missing,,
block,stalactite,stalactite,1,Stalagmite,,missing,,
block,stalactiteIce,stalactiteIce,0,Ice Stalactite,,missing,,
block,stalactiteIce,stalactiteIce,1,Ice Stalagmite,,missing,,
block,stalactiteObsidian,stalactiteObsidian,0,Obsidian Stalactite,,missing,,
block,stalactiteObsidian,stalactiteObsidian,1,Obsidian Stalagmite,,missing,,
block,strawBed,strawBed,,,straw_bed,ported,id,
block,tallGrass,tallGrass,0,Short Grass,tall_grass_short,ported,name,
block,tallGrass,tallGrass,1,Flowery Grass,tall_grass_flower,ported,name,
block,tallGrass,tallGrass,2,Wheatgrass,tall_grass_wheat,ported,name,
block,tallGrass,tallGrass,3,Thistle,tall_grass_thistle,ported,name,
block,tallGrass,tallGrass,4,Nettles,tall_grass_nettle,ported,name,
block,tallGrass,tallGrass,5,Jungle Sprout,tall_grass_fernsprout,ported,name,
block,tauredainTable,tauredainCraftingTable,,Taurethrim Crafting Table,tauredain_crafting_table,ported,name,
block,tauredainDartTrap,tauredainDartTrap,,Taurethrim Dart Trap,tauredain_dart_trap,ported,name,
block,tauredainDartTrapGold,tauredainDartTrapGold,,Golden Taurethrim Dart Trap,gold_tauredain_dart_trap,ported,name,
block,tauredainDartTrapObsidian,tauredainDartTrapObsidian,,Obsidian Taurethrim Dart Trap,obsidian_tauredain_dart_trap,ported,name,
block,tauredainDoubleTorch,tauredainDoubleTorch,,,tauredain_double_torch,ported,id,
block,termiteMound,termiteMound,0,Infested Termite Mound,infested_termite_mound,ported,name,
block,termiteMound,termiteMound,1,Termite Mound,termite_mound,ported,name,
block,thatch,thatch,0,Thatch Block,thatch_thatch,ported,name,
block,thatch,thatch,1,Reed Block,thatch_reed,ported,name,
block,thatchFloor,thatchFloor,,Thatch Flooring,thatch_floor,ported,name,
block,trapdoorAcacia,trapdoorAcacia,,Acacia Trapdoor,,vanilla,override,user confirmed vanilla duplicate
block,trapdoorAlmond,trapdoorAlmond,,Almond Trapdoor,almond_trapdoor,ported,name,
block,trapdoorApple,trapdoorApple,,Apple Trapdoor,apple_trapdoor,ported,name,
block,trapdoorAspen,trapdoorAspen,,Aspen Trapdoor,aspen_trapdoor,ported,name,
block,trapdoorBanana,trapdoorBanana,,Banana Trapdoor,banana_trapdoor,ported,name,
block,trapdoorBaobab,trapdoorBaobab,,Baobab Trapdoor,baobab_trapdoor,ported,name,
block,trapdoorBeech,trapdoorBeech,,Beech Trapdoor,beech_trapdoor,ported,name,
block,trapdoorBirch,trapdoorBirch,,Birch Trapdoor,,vanilla,override,user confirmed vanilla duplicate
block,trapdoorCedar,trapdoorCedar,,Cedar Trapdoor,cedar_trapdoor,ported,name,
block,trapdoorCharred,trapdoorCharred,,Charred Trapdoor,charred_trapdoor,ported,name,
block,trapdoorCherry,trapdoorCherry,,Cherry Trapdoor,cherry_trapdoor,ported,name,
block,trapdoorChestnut,trapdoorChestnut,,Chestnut Trapdoor,chestnut_trapdoor,ported,name,
block,trapdoorCypress,trapdoorCypress,,Cypress Trapdoor,cypress_trapdoor,ported,name,
block,trapdoorDarkOak,trapdoorDarkOak,,Dark Oak Trapdoor,,vanilla,override,user confirmed vanilla duplicate
block,trapdoorDatePalm,trapdoorDatePalm,,Date Palm Trapdoor,date_palm_trapdoor,ported,name,
block,trapdoorDragon,trapdoorDragon,,Dragonblood Trapdoor,dragon_trapdoor,ported,name,
block,trapdoorFir,trapdoorFir,,Fir Trapdoor,fir_trapdoor,ported,name,
block,trapdoorGreenOak,trapdoorGreenOak,,Green-oak Trapdoor,green_oak_trapdoor,ported,name,
block,trapdoorHolly,trapdoorHolly,,Holly Trapdoor,holly_trapdoor,ported,name,
block,trapdoorJungle,trapdoorJungle,,Jungle Trapdoor,,vanilla,override,user confirmed vanilla duplicate
block,trapdoorKanuka,trapdoorKanuka,,Kanuka Trapdoor,kanuka_trapdoor,ported,name,
block,trapdoorLairelosse,trapdoorLairelosse,,Lairelossë Trapdoor,lairelosse_trapdoor,ported,name,
block,trapdoorLarch,trapdoorLarch,,Larch Trapdoor,larch_trapdoor,ported,name,
block,trapdoorLebethron,trapdoorLebethron,,Lebethron Trapdoor,lebethron_trapdoor,ported,name,
block,trapdoorLemon,trapdoorLemon,,Lemon Trapdoor,lemon_trapdoor,ported,name,
block,trapdoorLime,trapdoorLime,,Lime Trapdoor,lime_trapdoor,ported,name,
block,trapdoorMahogany,trapdoorMahogany,,Mahogany Trapdoor,mahogany_trapdoor,ported,name,
block,trapdoorMallorn,trapdoorMallorn,,Mallorn Trapdoor,mallorn_trapdoor,ported,name,
block,trapdoorMango,trapdoorMango,,Mango Trapdoor,mango_trapdoor,ported,name,
block,trapdoorMangrove,trapdoorMangrove,,Mangrove Trapdoor,mangrove_trapdoor,ported,name,
block,trapdoorMaple,trapdoorMaple,,Maple Trapdoor,maple_trapdoor,ported,name,
block,trapdoorMirkOak,trapdoorMirkOak,,Mirk-oak Trapdoor,mirk_oak_trapdoor,ported,name,
block,trapdoorOlive,trapdoorOlive,,Olive Trapdoor,olive_trapdoor,ported,name,
block,trapdoorOrange,trapdoorOrange,,Orange Trapdoor,orange_trapdoor,ported,name,
block,trapdoorPalm,trapdoorPalm,,Palm Trapdoor,palm_trapdoor,ported,name,
block,trapdoorPear,trapdoorPear,,Pear Trapdoor,pear_trapdoor,ported,name,
block,trapdoorPine,trapdoorPine,,Pine Trapdoor,pine_trapdoor,ported,name,
block,trapdoorPlum,trapdoorPlum,,Plum Trapdoor,plum_trapdoor,ported,name,
block,trapdoorPomegranate,trapdoorPomegranate,,Pomegranate Trapdoor,pomegranate_trapdoor,ported,name,
block,trapdoorRedwood,trapdoorRedwood,,Redwood Trapdoor,redwood_trapdoor,ported,name,
block,trapdoorRotten,trapdoorRotten,,Rotten Trapdoor,rotten_trapdoor,ported,name,
block,trapdoorShirePine,trapdoorShirePine,,Shire Pine Trapdoor,shire_pine_trapdoor,ported,name,
block,trapdoorSpruce,trapdoorSpruce,,Spruce Trapdoor,,vanilla,override,user confirmed vanilla duplicate
block,trapdoorWillow,trapdoorWillow,,Willow Trapdoor,willow_trapdoor,ported,name,
block,treasureCopper,treasureCopper,,Copper Treasure Pile,treasure_copper,ported,name,also: treasure_copper_carpet
block,treasureGold,treasureGold,,Gold Treasure Pile,treasure_gold,ported,name,also: treasure_gold_carpet
block,treasureSilver,treasureSilver,,Silver Treasure Pile,treasure_silver,ported,name,also: treasure_silver_carpet
block,trollTotem,trollTotem,0,Troll Totem Head,troll_totem_head,ported,name,
block,trollTotem,trollTotem,1,Troll Totem Body,troll_totem_body,ported,name,
block,trollTotem,trollTotem,2,Troll Totem Base,troll_totem_base,ported,name,
block,turnipCrop,turnip,,,turnip_crop,ported,id,
block,umbarTable,umbarCraftingTable,,Umbaric Crafting Table,umbar_crafting_table,ported,name,
block,unsmeltery,unsmeltery,,Unsmeltery,unsmeltery,ported,name,
block,urukBars,urukBars,,Uruk Steel Bars,uruk_bars,ported,name,
block,urukTable,urukCraftingTable,,Uruk Crafting Table,uruk_crafting_table,ported,name,
block,utumnoBrick,utumnoBrick,0,Fire Utumno Brick,fire_utumno_brick,ported,name,
block,utumnoBrick,utumnoBrick,1,Burning Utumno Brick,burning_utumno_brick,ported,name,
block,utumnoBrick,utumnoBrick,2,Ice Utumno Brick,ice_utumno_brick,ported,name,
block,utumnoBrick,utumnoBrick,3,Glowing Ice Utumno Brick,glowing_ice_utumno_brick,ported,name,
block,utumnoBrick,utumnoBrick,4,Obsidian Utumno Brick,obsidian_utumno_brick,ported,name,
block,utumnoBrick,utumnoBrick,5,Fiery Obsidian Utumno Brick,utumno_obsidian_fire_brick,ported,name,
block,utumnoBrick,utumnoBrick,6,Ice Utumno Tiling,utumno_ice_tile_brick,ported,name,
block,utumnoBrick,utumnoBrick,7,Obsidian Utumno Tiling,utumno_obsidian_tile_brick,ported,name,
block,utumnoBrick,utumnoBrick,8,Fire Utumno Tiling,utumno_fire_tile_brick,ported,name,
block,utumnoBrickEntrance,utumnoBrickEntrance,,Utumno Entrance Brick,,missing,,
block,utumnoPillar,utumnoPillar,0,Fire Utumno Pillar,fire_utumno_pillar,ported,name,
block,utumnoPillar,utumnoPillar,1,Ice Utumno Pillar,ice_utumno_pillar,ported,name,
block,utumnoPillar,utumnoPillar,2,Obsidian Utumno Pillar,obsidian_utumno_pillar,ported,name,
block,utumnoPortal,utumnoPortal,,,,missing,,
block,utumnoReturnLight,utumnoReturnLight,,,utumno_return_light,ported,id,
block,utumnoReturnPortal,utumnoReturnPortal,,,,missing,,
block,utumnoReturnPortalBase,utumnoReturnPortalBase,,,utumno_return_portal_base,ported,id,
block,wallBone,wallBone,0,Bone Wall,bone_wall,ported,name,
block,wallClayTile,wallClayTile,0,Clay Tiling Wall,clay_tile_wall,ported,name,
block,wallClayTileDyed,wallClayTileDyed,0,White Clay Tiling Wall,clay_tile_dyed_white_wall,ported,name,
block,wallClayTileDyed,wallClayTileDyed,1,Orange Clay Tiling Wall,clay_tile_dyed_orange_wall,ported,name,
block,wallClayTileDyed,wallClayTileDyed,10,Purple Clay Tiling Wall,clay_tile_dyed_purple_wall,ported,name,
block,wallClayTileDyed,wallClayTileDyed,11,Blue Clay Tiling Wall,clay_tile_dyed_blue_wall,ported,name,
block,wallClayTileDyed,wallClayTileDyed,12,Brown Clay Tiling Wall,clay_tile_dyed_brown_wall,ported,name,
block,wallClayTileDyed,wallClayTileDyed,13,Green Clay Tiling Wall,clay_tile_dyed_green_wall,ported,name,
block,wallClayTileDyed,wallClayTileDyed,14,Red Clay Tiling Wall,clay_tile_dyed_red_wall,ported,name,
block,wallClayTileDyed,wallClayTileDyed,15,Black Clay Tiling Wall,clay_tile_dyed_black_wall,ported,name,
block,wallClayTileDyed,wallClayTileDyed,2,Magenta Clay Tiling Wall,clay_tile_dyed_magenta_wall,ported,name,
block,wallClayTileDyed,wallClayTileDyed,3,Light Blue Clay Tiling Wall,clay_tile_dyed_light_blue_wall,ported,name,
block,wallClayTileDyed,wallClayTileDyed,4,Yellow Clay Tiling Wall,clay_tile_dyed_yellow_wall,ported,name,
block,wallClayTileDyed,wallClayTileDyed,5,Lime Clay Tiling Wall,clay_tile_dyed_lime_wall,ported,name,
block,wallClayTileDyed,wallClayTileDyed,6,Pink Clay Tiling Wall,clay_tile_dyed_pink_wall,ported,name,
block,wallClayTileDyed,wallClayTileDyed,7,Gray Clay Tiling Wall,clay_tile_dyed_gray_wall,ported,name,
block,wallClayTileDyed,wallClayTileDyed,8,Light Gray Clay Tiling Wall,clay_tile_dyed_silver_wall,ported,name,
block,wallClayTileDyed,wallClayTileDyed,9,Cyan Clay Tiling Wall,clay_tile_dyed_cyan_wall,ported,name,
block,wall,wallStone,0,Mordor Rock Wall,mordor_rock_wall,ported,name,
block,wall,wallStone,1,Mordor Brick Wall,mordor_brick_wall,ported,name,
block,wall,wallStone,10,Galadhrim Brick Wall,galadhrim_brick_wall,ported,name,
block,wall,wallStone,11,Mossy Galadhrim Brick Wall,mossy_galadhrim_brick_wall,ported,name,
block,wall,wallStone,12,Cracked Galadhrim Brick Wall,cracked_galadhrim_brick_wall,ported,name,
block,wall,wallStone,13,Luigon Wall,blue_rock_wall,ported,name,
block,wall,wallStone,14,Luigon Brick Wall,blue_rock_brick_wall,ported,name,
block,wall,wallStone,15,Haradric Brick Wall,near_harad_brick_wall,ported,name,
block,wall,wallStone,2,Gondor Rock Wall,gondor_rock_wall,ported,name,
block,wall,wallStone,3,Gondor Brick Wall,gondor_brick_wall,ported,name,
block,wall,wallStone,4,Mossy Gondor Brick Wall,mossy_gondor_brick_wall,ported,name,
block,wall,wallStone,5,Cracked Gondor Brick Wall,cracked_gondor_brick_wall,ported,name,
block,wall,wallStone,6,Rohan Brick Wall,rohan_brick_wall,ported,name,
block,wall,wallStone,7,Dwarven Brick Wall,dwarven_brick_wall,ported,name,
block,wall,wallStone,8,Rohan Rock Wall,rohan_rock_wall,ported,name,
block,wall,wallStone,9,Cracked Mordor Brick Wall,cracked_mordor_brick_wall,ported,name,
block,wall2,wallStone2,0,Angmar Brick Wall,angmar_brick_wall,ported,name,
block,wall2,wallStone2,1,Cracked Angmar Brick Wall,cracked_angmar_brick_wall,ported,name,
block,wall2,wallStone2,10,Númenórean Brick Wall,numenorean_brick_wall,ported,name,
block,wall2,wallStone2,11,High Elven Brick Wall,high_elven_brick_wall,ported,name,
block,wall2,wallStone2,12,Mossy High Elven Brick Wall,mossy_high_elven_brick_wall,ported,name,
block,wall2,wallStone2,13,Cracked High Elven Brick Wall,cracked_high_elven_brick_wall,ported,name,
block,wall2,wallStone2,14,Dol Amroth Brick Wall,dol_amroth_brick_wall,ported,name,
block,wall2,wallStone2,15,Morwaith Brick Wall,morwaith_brick_wall,ported,name,
block,wall2,wallStone2,2,Cargon Wall,red_rock_wall,ported,name,
block,wall2,wallStone2,3,Cargon Brick Wall,red_rock_brick_wall,ported,name,
block,wall2,wallStone2,4,Arnor Brick Wall,arnor_brick_wall,ported,name,
block,wall2,wallStone2,5,Mossy Arnor Brick Wall,mossy_arnor_brick_wall,ported,name,
block,wall2,wallStone2,6,Cracked Arnor Brick Wall,cracked_arnor_brick_wall,ported,name,
block,wall2,wallStone2,7,Uruk Brick Wall,uruk_brick_wall,ported,name,
block,wall2,wallStone2,8,Dol Guldur Brick Wall,dol_guldur_brick_wall,ported,name,
block,wall2,wallStone2,9,Cracked Dol Guldur Brick Wall,cracked_dol_guldur_brick_wall,ported,name,
block,wall3,wallStone3,0,Wood-elven Brick Wall,wood_elven_brick_wall,ported,name,
block,wall3,wallStone3,1,Mossy Wood-elven Brick Wall,mossy_wood_elven_brick_wall,ported,name,
block,wall3,wallStone3,10,Dorwinion Brick Wall,dorwinion_brick_wall,ported,name,
block,wall3,wallStone3,11,Mossy Dorwinion Brick Wall,mossy_dorwinion_brick_wall,ported,name,
block,wall3,wallStone3,12,Cracked Dorwinion Brick Wall,cracked_dorwinion_brick_wall,ported,name,
block,wall3,wallStone3,13,Flowery Dorwinion Brick Wall,dorwinion_flowers_brick_wall,ported,name,
block,wall3,wallStone3,14,White Sandstone Wall,white_sandstone_wall,ported,name,
block,wall3,wallStone3,15,Rhûnic Brick Wall,rhun_brick_wall,ported,name,
block,wall3,wallStone3,2,Cracked Wood-elven Brick Wall,cracked_wood_elven_brick_wall,ported,name,
block,wall3,wallStone3,3,Cracked Haradric Brick Wall,near_harad_cracked_brick_wall,ported,name,
block,wall3,wallStone3,4,Red Haradric Brick Wall,near_harad_red_brick_wall,ported,name,
block,wall3,wallStone3,5,Cracked Red Haradric Brick Wall,near_harad_red_cracked_brick_wall,ported,name,
block,wall3,wallStone3,6,Chalk Wall,chalk_wall,ported,name,
block,wall3,wallStone3,7,Chalk Brick Wall,chalk_brick_wall,ported,name,
block,wall3,wallStone3,8,Mud Brick Wall,mud_brick_wall,ported,name,
block,wall3,wallStone3,9,Dalish Brick Wall,dale_brick_wall,ported,name,
block,wall4,wallStone4,0,Taurethrim Brick Wall,tauredain_brick_wall,ported,name,
block,wall4,wallStone4,1,Mossy Taurethrim Brick Wall,tauredain_mossy_brick_wall,ported,name,
block,wall4,wallStone4,10,Mossy Rhûnic Brick Wall,rhun_mossy_brick_wall,ported,name,
block,wall4,wallStone4,11,Cracked Rhûnic Brick Wall,rhun_cracked_brick_wall,ported,name,
block,wall4,wallStone4,12,Flowery Rhûnic Brick Wall,rhun_flowers_brick_wall,ported,name,
block,wall4,wallStone4,13,Red Rhûnic Brick Wall,rhun_red_brick_wall,ported,name,
block,wall4,wallStone4,14,Mossy Dalish Brick Wall,dale_mossy_brick_wall,ported,name,
block,wall4,wallStone4,15,Cracked Dalish Brick Wall,dale_cracked_brick_wall,ported,name,
block,wall4,wallStone4,2,Cracked Taurethrim Brick Wall,tauredain_cracked_brick_wall,ported,name,
block,wall4,wallStone4,3,Golden Taurethrim Brick Wall,tauredain_gold_brick_wall,ported,name,
block,wall4,wallStone4,4,Obsidian Taurethrim Brick Wall,tauredain_obsidian_brick_wall,ported,name,
block,wall4,wallStone4,5,Cracked Dwarven Brick Wall,cracked_dwarven_brick_wall,ported,name,
block,wall4,wallStone4,6,Obsidian Dwarven Brick Wall,obsidian_dwarven_brick_wall,ported,name,
block,wall4,wallStone4,7,Gondor Cobblebrick Wall,gondor_cobblebrick_wall,ported,name,
block,wall4,wallStone4,8,Mossy Gondor Cobblebrick Wall,mossy_gondor_cobblebrick_wall,ported,name,
block,wall4,wallStone4,9,Cracked Gondor Cobblebrick Wall,cracked_gondor_cobblebrick_wall,ported,name,
block,wall5,wallStone5,0,Umbar Brick Wall,umbar_brick_wall,ported,name,
block,wall5,wallStone5,1,Cracked Umbar Brick Wall,cracked_umbar_brick_wall,ported,name,
block,wall5,wallStone5,2,Snowy Angmar Brick Wall,angmar_snow_brick_wall,ported,name,
block,wall5,wallStone5,3,Mossy Dol Guldur Brick Wall,mossy_dol_guldur_brick_wall,ported,name,
block,wall5,wallStone5,4,Cracked Morwaith Brick Wall,cracked_morwaith_brick_wall,ported,name,
block,wallStoneV,wallStoneV,0,Stone Wall,stone_wall,ported,name,
block,wallStoneV,wallStoneV,1,Stone Brick Wall,,vanilla,override,user confirmed vanilla duplicate
block,wallStoneV,wallStoneV,2,Mossy Stone Brick Wall,,vanilla,override,user confirmed vanilla duplicate
block,wallStoneV,wallStoneV,3,Cracked Stone Brick Wall,cracked_stone_brick_wall,ported,name,
block,wallStoneV,wallStoneV,4,Sandstone Wall,,vanilla,override,user confirmed vanilla duplicate
block,wallStoneV,wallStoneV,5,Red Sandstone Wall,,vanilla,override,user confirmed vanilla duplicate
block,wallStoneV,wallStoneV,6,Brick Wall,,vanilla,override,user confirmed vanilla duplicate
block,wallStoneV,wallStoneV,7,Mossy Brick Wall,red_brick_mossy_wall,ported,name,
block,wallStoneV,wallStoneV,8,Cracked Brick Wall,red_brick_cracked_wall,ported,name,
block,wallUtumno,wallUtumno,0,Fire Utumno Brick Wall,fire_utumno_brick_wall,ported,name,
block,wallUtumno,wallUtumno,1,Ice Utumno Brick Wall,ice_utumno_brick_wall,ported,name,
block,wallUtumno,wallUtumno,2,Obsidian Utumno Brick Wall,obsidian_utumno_brick_wall,ported,name,
block,wallUtumno,wallUtumno,3,Ice Utumno Tiling Wall,utumno_ice_tile_brick_wall,ported,name,
block,wallUtumno,wallUtumno,4,Obsidian Utumno Tiling Wall,utumno_obsidian_tile_brick_wall,ported,name,
block,wallUtumno,wallUtumno,5,Fire Utumno Tiling Wall,utumno_fire_tile_brick_wall,ported,name,
block,furBed,wargFurBed,,,fur_bed,ported,id,
block,wasteBlock,wasteBlock,,Waste Block,waste_block,ported,name,
block,weaponRack,weaponRack,,Weapon Rack,weapon_rack,ported,name,
block,webUngoliant,webUngoliant,,Web of Ungoliant,web_ungoliant,ported,name,
block,whiteSand,whiteSand,,White Sand,white_sand,ported,name,
block,whiteSandstone,whiteSandstone,,White Sandstone,white_sandstone,ported,name,
block,willowVines,willowVines,,Willow Vines,willow_vines,ported,name,
block,wineGlassBlock,wineGlass,,,wine_glass_block,ported,id,
block,wood,wood,0,Shire Pine Wood,shire_pine_log,ported,name,
block,wood,wood,1,Mallorn Wood,mallorn_log,ported,name,
block,wood,wood,2,Mirk-oak Wood,mirk_oak_log,ported,name,
block,wood,wood,3,Charred Wood,charred_log,ported,name,
block,wood2,wood2,0,Lebethron Wood,lebethron_log,ported,name,
block,wood2,wood2,1,Beech Wood,beech_log,ported,name,
block,wood2,wood2,2,Holly Wood,holly_log,ported,name,
block,wood2,wood2,3,Banana Wood,banana_log,ported,name,
block,wood3,wood3,0,Maple Wood,maple_log,ported,name,
block,wood3,wood3,1,Larch Wood,larch_log,ported,name,
block,wood3,wood3,2,Date Palm Wood,date_palm_log,ported,name,
block,wood3,wood3,3,Mangrove Wood,mangrove_log,ported,name,
block,wood4,wood4,0,Chestnut Wood,chestnut_log,ported,name,
block,wood4,wood4,1,Baobab Wood,baobab_log,ported,name,
block,wood4,wood4,2,Cedar Wood,cedar_log,ported,name,
block,wood4,wood4,3,Fir Wood,fir_log,ported,name,
block,wood5,wood5,0,Pine Wood,pine_log,ported,name,
block,wood5,wood5,1,Lemon Wood,lemon_log,ported,name,
block,wood5,wood5,2,Orange Wood,orange_log,ported,name,
block,wood5,wood5,3,Lime Wood,lime_log,ported,name,
block,wood6,wood6,0,Mahogany Wood,mahogany_log,ported,name,
block,wood6,wood6,1,Willow Wood,willow_log,ported,name,
block,wood6,wood6,2,Cypress Wood,cypress_log,ported,name,
block,wood6,wood6,3,Olive Wood,olive_log,ported,name,
block,wood7,wood7,0,Aspen Wood,aspen_log,ported,name,
block,wood7,wood7,1,Green-oak Wood,green_oak_log,ported,name,
block,wood7,wood7,2,Lairelossë Wood,lairelosse_log,ported,name,
block,wood7,wood7,3,Almond Wood,almond_log,ported,name,
block,wood8,wood8,0,Plum Wood,plum_log,ported,name,
block,wood8,wood8,1,Redwood Wood,redwood_log,ported,name,
block,wood8,wood8,2,Pomegranate Wood,pomegranate_log,ported,name,
block,wood8,wood8,3,Palm Wood,palm_log,ported,name,
block,wood9,wood9,0,Dragonblood Wood,dragon_log,ported,name,
block,wood9,wood9,1,Kanuka Wood,kanuka_log,ported,name,
block,woodBeam1,woodBeam1,0,Shire Pine Wood Beam,shire_pine_beam,ported,name,
block,woodBeam1,woodBeam1,1,Mallorn Wood Beam,mallorn_beam,ported,name,
block,woodBeam1,woodBeam1,2,Mirk-oak Wood Beam,mirk_oak_beam,ported,name,
block,woodBeam1,woodBeam1,3,Charred Wood Beam,charred_beam,ported,name,
block,woodBeam2,woodBeam2,0,Lebethron Wood Beam,lebethron_beam,ported,name,
block,woodBeam2,woodBeam2,1,Beech Wood Beam,beech_beam,ported,name,
block,woodBeam2,woodBeam2,2,Holly Wood Beam,holly_beam,ported,name,
block,woodBeam2,woodBeam2,3,Banana Wood Beam,banana_beam,ported,name,
block,woodBeam3,woodBeam3,0,Maple Wood Beam,maple_beam,ported,name,
block,woodBeam3,woodBeam3,1,Larch Wood Beam,larch_beam,ported,name,
block,woodBeam3,woodBeam3,2,Date Palm Wood Beam,date_palm_beam,ported,name,
block,woodBeam3,woodBeam3,3,Mangrove Wood Beam,mangrove_beam,ported,name,
block,woodBeam4,woodBeam4,0,Chestnut Wood Beam,chestnut_beam,ported,name,
block,woodBeam4,woodBeam4,1,Baobab Wood Beam,baobab_beam,ported,name,
block,woodBeam4,woodBeam4,2,Cedar Wood Beam,cedar_beam,ported,name,
block,woodBeam4,woodBeam4,3,Fir Wood Beam,fir_beam,ported,name,
block,woodBeam5,woodBeam5,0,Pine Wood Beam,pine_beam,ported,name,
block,woodBeam5,woodBeam5,1,Lemon Wood Beam,lemon_beam,ported,name,
block,woodBeam5,woodBeam5,2,Orange Wood Beam,orange_beam,ported,name,
block,woodBeam5,woodBeam5,3,Lime Wood Beam,lime_beam,ported,name,
block,woodBeam6,woodBeam6,0,Mahogany Wood Beam,mahogany_beam,ported,name,
block,woodBeam6,woodBeam6,1,Willow Wood Beam,willow_beam,ported,name,
block,woodBeam6,woodBeam6,2,Cypress Wood Beam,cypress_beam,ported,name,
block,woodBeam6,woodBeam6,3,Olive Wood Beam,olive_beam,ported,name,
block,woodBeam7,woodBeam7,0,Aspen Wood Beam,aspen_beam,ported,name,
block,woodBeam7,woodBeam7,1,Green-oak Wood Beam,green_oak_beam,ported,name,
block,woodBeam7,woodBeam7,2,Lairelossë Wood Beam,lairelosse_beam,ported,name,
block,woodBeam7,woodBeam7,3,Almond Wood Beam,almond_beam,ported,name,
block,woodBeam8,woodBeam8,0,Plum Wood Beam,plum_beam,ported,name,
block,woodBeam8,woodBeam8,1,Redwood Wood Beam,redwood_beam,ported,name,
block,woodBeam8,woodBeam8,2,Pomegranate Wood Beam,pomegranate_beam,ported,name,
block,woodBeam8,woodBeam8,3,Palm Wood Beam,palm_beam,ported,name,
block,woodBeam9,woodBeam9,0,Dragonblood Wood Beam,dragon_beam,ported,name,
block,woodBeam9,woodBeam9,1,Kanuka Wood Beam,kanuka_beam,ported,name,
block,woodBeamFruit,woodBeamFruit,0,Apple Wood Beam,apple_beam,ported,name,
block,woodBeamFruit,woodBeamFruit,1,Pear Wood Beam,pear_beam,ported,name,
block,woodBeamFruit,woodBeamFruit,2,Cherry Wood Beam,cherry_beam,ported,name,
block,woodBeamFruit,woodBeamFruit,3,Mango Wood Beam,mango_beam,ported,name,
block,woodBeamRotten,woodBeamRotten,0,Rotten Wood Beam,rotten_beam,ported,name,
block,woodBeamS,woodBeamS,0,Rohan Wood Beam,rohan_beam,ported,name,
block,woodBeamS,woodBeamS,1,Gold-trimmed Rohan Wood Beam,rohan_gold_beam,ported,name,
block,woodBeamV1,woodBeamV1,0,Oak Wood Beam,oak_beam,ported,name,
block,woodBeamV1,woodBeamV1,1,Spruce Wood Beam,spruce_beam,ported,name,
block,woodBeamV1,woodBeamV1,2,Birch Wood Beam,birch_beam,ported,name,
block,woodBeamV1,woodBeamV1,3,Jungle Wood Beam,jungle_beam,ported,name,
block,woodBeamV2,woodBeamV2,0,Acacia Wood Beam,acacia_beam,ported,name,
block,woodBeamV2,woodBeamV2,1,Dark Oak Wood Beam,dark_oak_beam,ported,name,
block,woodElfBars,woodElfBars,,Wood-elven Steel Bars,wood_elf_bars,ported,name,
block,woodElfWoodBars,woodElfWoodBars,,Wood-elven Wood-bars,wood_elf_wood_bars,ported,name,
block,woodElvenBed,woodElvenBed,,,wood_elven_bed,ported,id,
block,woodElvenTable,woodElvenCraftingTable,,Wood-elven Crafting Table,wood_elven_crafting_table,ported,name,
block,woodElvenTorch,woodElvenTorch,,Wood-elven Torch,wood_elven_torch,ported,name,
block,woodPlateBlock,woodPlate,,,wooden_plate,ported,override,
block,woodSlabDouble,woodSlabDouble,,,,merged,rule,double slab is a slab block state in modern MC
block,woodSlabDouble2,woodSlabDouble2,,,,merged,rule,double slab is a slab block state in modern MC
block,woodSlabDouble3,woodSlabDouble3,,,,merged,rule,double slab is a slab block state in modern MC
block,woodSlabDouble4,woodSlabDouble4,,,,merged,rule,double slab is a slab block state in modern MC
block,woodSlabDouble5,woodSlabDouble5,,,,merged,rule,double slab is a slab block state in modern MC
block,woodSlabSingle,woodSlabSingle,0,Shire Pine Wood Slab,shire_pine_slab,ported,name,
block,woodSlabSingle,woodSlabSingle,1,Mallorn Wood Slab,mallorn_slab,ported,name,
block,woodSlabSingle,woodSlabSingle,2,Mirk-oak Wood Slab,mirk_oak_slab,ported,name,
block,woodSlabSingle,woodSlabSingle,3,Charred Wood Slab,charred_slab,ported,name,
block,woodSlabSingle,woodSlabSingle,4,Apple Wood Slab,apple_slab,ported,name,
block,woodSlabSingle,woodSlabSingle,5,Pear Wood Slab,pear_slab,ported,name,
block,woodSlabSingle,woodSlabSingle,6,Cherry Wood Slab,cherry_slab,ported,name,
block,woodSlabSingle,woodSlabSingle,7,Mango Wood Slab,mango_slab,ported,name,
block,woodSlabSingle2,woodSlabSingle2,0,Lebethron Wood Slab,lebethron_slab,ported,name,
block,woodSlabSingle2,woodSlabSingle2,1,Beech Wood Slab,beech_slab,ported,name,
block,woodSlabSingle2,woodSlabSingle2,2,Holly Wood Slab,holly_slab,ported,name,
block,woodSlabSingle2,woodSlabSingle2,3,Banana Wood Slab,banana_slab,ported,name,
block,woodSlabSingle2,woodSlabSingle2,4,Maple Wood Slab,maple_slab,ported,name,
block,woodSlabSingle2,woodSlabSingle2,5,Larch Wood Slab,larch_slab,ported,name,
block,woodSlabSingle2,woodSlabSingle2,6,Date Palm Wood Slab,date_palm_slab,ported,name,
block,woodSlabSingle2,woodSlabSingle2,7,Mangrove Wood Slab,mangrove_slab,ported,name,
block,woodSlabSingle3,woodSlabSingle3,0,Chestnut Wood Slab,chestnut_slab,ported,name,
block,woodSlabSingle3,woodSlabSingle3,1,Baobab Wood Slab,baobab_slab,ported,name,
block,woodSlabSingle3,woodSlabSingle3,2,Cedar Wood Slab,cedar_slab,ported,name,
block,woodSlabSingle3,woodSlabSingle3,3,Fir Wood Slab,fir_slab,ported,name,
block,woodSlabSingle3,woodSlabSingle3,4,Pine Wood Slab,pine_slab,ported,name,
block,woodSlabSingle3,woodSlabSingle3,5,Lemon Wood Slab,lemon_slab,ported,name,
block,woodSlabSingle3,woodSlabSingle3,6,Orange Wood Slab,orange_slab,ported,name,
block,woodSlabSingle3,woodSlabSingle3,7,Lime Wood Slab,lime_slab,ported,name,
block,woodSlabSingle4,woodSlabSingle4,0,Mahogany Wood Slab,mahogany_slab,ported,name,
block,woodSlabSingle4,woodSlabSingle4,1,Willow Wood Slab,willow_slab,ported,name,
block,woodSlabSingle4,woodSlabSingle4,2,Cypress Wood Slab,cypress_slab,ported,name,
block,woodSlabSingle4,woodSlabSingle4,3,Olive Wood Slab,olive_slab,ported,name,
block,woodSlabSingle4,woodSlabSingle4,4,Aspen Wood Slab,aspen_slab,ported,name,
block,woodSlabSingle4,woodSlabSingle4,5,Green-oak Wood Slab,green_oak_slab,ported,name,
block,woodSlabSingle4,woodSlabSingle4,6,Lairelossë Wood Slab,lairelosse_slab,ported,name,
block,woodSlabSingle4,woodSlabSingle4,7,Almond Wood Slab,almond_slab,ported,name,
block,woodSlabSingle5,woodSlabSingle5,0,Plum Wood Slab,plum_slab,ported,name,
block,woodSlabSingle5,woodSlabSingle5,1,Redwood Wood Slab,redwood_slab,ported,name,
block,woodSlabSingle5,woodSlabSingle5,2,Pomegranate Wood Slab,pomegranate_slab,ported,name,
block,woodSlabSingle5,woodSlabSingle5,3,Palm Wood Slab,palm_slab,ported,name,
block,woodSlabSingle5,woodSlabSingle5,4,Dragonblood Wood Slab,dragon_slab,ported,name,
block,woodSlabSingle5,woodSlabSingle5,5,Kanuka Wood Slab,kanuka_slab,ported,name,
block,yamCrop,yam,,,yam_crop,ported,id,
item,aleHorn,aleHorn,,Ale Horn,ale_horn,ported,name,also: ale_horn_block
item,aleHornGold,aleHornGold,,Golden Ale Horn,golden_ale_horn,ported,name,also: golden_ale_horn_block
item,almond,almond,,Almond,almond,ported,name,
item,amber,amber,,Amber,amber,ported,name,
item,amethyst,amethyst,,Amethyst,amethyst,ported,name,
item,ancientItem,ancient,0,Ancient Sword,ancient_sword,ported,name,
item,ancientItem,ancient,1,Ancient Dagger,ancient_dagger,ported,name,
item,ancientItem,ancient,2,Ancient Helmet,ancient_helmet,ported,name,
item,ancientItem,ancient,3,Ancient Chestplate,ancient_chestplate,ported,name,
item,ancientItem,ancient,4,Ancient Leggings,ancient_leggings,ported,name,
item,ancientItem,ancient,5,Ancient Boots,ancient_boots,ported,name,
item,ancientItemParts,ancientParts,0,Ancient Sword Tip,ancient_sword_tip,ported,name,
item,ancientItemParts,ancientParts,1,Ancient Sword Blade,ancient_sword_blade,ported,name,
item,ancientItemParts,ancientParts,2,Ancient Sword Hilt,ancient_sword_hilt,ported,name,
item,ancientItemParts,ancientParts,3,Ancient Armor Plate,ancient_armor_plate,ported,name,
item,anduril,anduril,,Andúril,anduril,ported,name,
item,appleCrumbleItem,appleCrumble,,Apple Crumble,apple_crumble,ported,name,
item,appleGreen,appleGreen,,Apple,green_apple,ported,name,
item,armorStandItem,armorStand,,Armor Stand,,excluded,rule,
item,arrowPoisoned,arrowPoisoned,,Poisoned Arrow,poisoned_arrow,ported,name,
item,axeAngmar,axeAngmar,,Angmar Axe,angmar_axe,ported,name,
item,axeBlueDwarven,axeBlueDwarven,,Blue Dwarven Axe,blue_dwarven_axe,ported,name,
item,axeBronze,axeBronze,,Bronze Axe,bronze_axe,ported,name,
item,axeDolGuldur,axeDolGuldur,,Dol Guldur Axe,dol_guldur_axe,ported,name,
item,axeDwarven,axeDwarven,,Dwarven Axe,dwarven_axe,ported,name,
item,axeElven,axeElven,,Galadhrim Axe,galadhrim_axe,ported,name,
item,axeHighElven,axeHighElven,,Lindon Axe,lindon_axe,ported,name,
item,axeMallorn,axeMallorn,,Mallorn Axe,mallorn_axe,ported,name,
item,axeMithril,axeMithril,,Mithril Axe,mithril_axe,ported,name,
item,axeOrc,axeOrc,,Mordor Axe,mordor_axe,ported,name,
item,axeRivendell,axeRivendell,,Rivendell Axe,rivendell_axe,ported,name,
item,axeTauredain,axeTauredain,,Taurethrim Axe,taurethrim_axe,ported,name,
item,axeUruk,axeUruk,,Uruk Axe,uruk_axe,ported,name,
item,axeWoodElven,axeWoodElven,,Wood-elven Axe,wood_elven_axe,ported,name,
item,balrogFire,balrogFire,,Flame of Udûn,flame_of_udun,ported,name,
item,balrogWhip,balrogWhip,,Balrog Whip,balrog_whip,ported,name,
item,banana,banana,,Banana,banana,ported,name,also: banana_block
item,bananaBread,bananaBread,,Banana Bread,banana_bread,ported,name,
item,bananaCakeItem,bananaCake,,Banana Cake,banana_cake,ported,name,
item,banner,banner,angmar,Banner of Angmar,angmar_banner,ported,name,also: angmar_wall_banner
item,banner,banner,anorien,Banner of Anórien,anorien_banner,ported,name,also: anorien_wall_banner
item,banner,banner,blackUruk,Banner of the Black Uruks,black_uruk_banner,ported,name,also: black_uruk_wall_banner
item,banner,banner,blackrootVale,Banner of Blackroot Vale,blackroot_vale_banner,ported,name,also: blackroot_vale_wall_banner
item,banner,banner,blueMountains,Banner of the Blue Mountains,blue_mountains_banner,ported,name,also: blue_mountains_wall_banner
item,banner,banner,bree,Banner of Bree-land,bree_banner,ported,name,also: bree_wall_banner
item,banner,banner,dale,Banner of Dale,dale_banner,ported,name,also: dale_wall_banner
item,banner,banner,dolAmroth,Banner of Dol Amroth,dol_amroth_banner,ported,name,also: dol_amroth_wall_banner
item,banner,banner,dolGuldur,Banner of Dol Guldur,dol_guldur_banner,ported,name,also: dol_guldur_wall_banner
item,banner,banner,dorwinion,Banner of Dorwinion,dorwinion_banner,ported,name,also: dorwinion_wall_banner
item,banner,banner,dunland,Banner of Dunland,dunland_banner,ported,name,also: dunland_wall_banner
item,banner,banner,durin,Banner of Durin's Folk,durin_banner,ported,name,also: durin_wall_banner
item,banner,banner,esgaroth,Banner of Esgaroth,esgaroth_banner,ported,name,also: esgaroth_wall_banner
item,banner,banner,gondor,Banner of Gondor,gondor_banner,ported,name,also: gondor_wall_banner
item,banner,banner,gondorSteward,Banner of the Stewards of Gondor,gondor_steward_banner,ported,name,also: gondor_steward_wall_banner
item,banner,banner,gundabad,Banner of Gundabad,gundabad_banner,ported,name,also: gundabad_wall_banner
item,banner,banner,halfTroll,Banner of the Half-trolls,half_troll_banner,ported,name,also: half_troll_wall_banner
item,banner,banner,haradGulf,Banner of the Gulf of Harad,harad_gulf_banner,ported,name,also: harad_gulf_wall_banner
item,banner,banner,haradNomad,Banner of the Southron Nomads,harad_nomad_banner,ported,name,also: harad_nomad_wall_banner
item,banner,banner,highElf,Banner of Lindon,high_elf_banner,ported,name,also: high_elf_wall_banner
item,banner,banner,hobbit,Banner of the Hobbits,hobbit_banner,ported,name,also: hobbit_wall_banner
item,banner,banner,isengard,Banner of Isengard,isengard_banner,ported,name,also: isengard_wall_banner
item,banner,banner,ithilien,Banner of Ithilien,ithilien_banner,ported,name,also: ithilien_wall_banner
item,banner,banner,lamedon,Banner of Lamedon,lamedon_banner,ported,name,also: lamedon_wall_banner
item,banner,banner,lebennin,Banner of Lebennin,lebennin_banner,ported,name,also: lebennin_wall_banner
item,banner,banner,lossarnach,Banner of Lossarnach,lossarnach_banner,ported,name,also: lossarnach_wall_banner
item,banner,banner,lothlorien,Banner of Lothlórien,lothlorien_banner,ported,name,also: lothlorien_wall_banner
item,banner,banner,minasMorgul,Banner of Minas Morgul,minas_morgul_banner,ported,name,also: minas_morgul_wall_banner
item,banner,banner,mirkwood,Banner of the Woodland Realm,mirkwood_banner,ported,name,also: mirkwood_wall_banner
item,banner,banner,mordor,Banner of Mordor,mordor_banner,ported,name,also: mordor_wall_banner
item,banner,banner,moredain,Banner of the Morwaith,moredain_banner,ported,name,also: moredain_wall_banner
item,banner,banner,nanUngol,Banner of Nan Ungol,nan_ungol_banner,ported,name,also: nan_ungol_wall_banner
item,banner,banner,nearHarad,Banner of Near Harad,near_harad_banner,ported,name,also: near_harad_wall_banner
item,banner,banner,pelargir,Banner of Pelargir,pelargir_banner,ported,name,also: pelargir_wall_banner
item,banner,banner,pinnathGelin,Banner of Pinnath Gelin,pinnath_gelin_banner,ported,name,also: pinnath_gelin_wall_banner
item,banner,banner,ranger,Banner of the Dúnedain of the North,ranger_banner,ported,name,also: ranger_wall_banner
item,banner,banner,rhudaur,Banner of the Rhudaur Hillmen,rhudaur_banner,ported,name,also: rhudaur_wall_banner
item,banner,banner,rhun,Banner of Rhúdel,rhun_banner,ported,name,also: rhun_wall_banner
item,banner,banner,rivendell,Banner of Rivendell,rivendell_banner,ported,name,also: rivendell_wall_banner
item,banner,banner,rohan,Banner of Rohan,rohan_banner,ported,name,also: rohan_wall_banner
item,banner,banner,tauredain,Banner of the Taurethrim,tauredain_banner,ported,name,also: tauredain_wall_banner
item,banner,banner,umbar,Banner of Umbar,umbar_banner,ported,name,also: umbar_wall_banner
item,battleaxeAngmar,battleaxeAngmar,,Angmar Battleaxe,angmar_battleaxe,ported,name,
item,battleaxeBlackUruk,battleaxeBlackUruk,,Black Uruk Battleaxe,black_uruk_battleaxe,ported,name,
item,battleaxeBlueDwarven,battleaxeBlueDwarven,,Blue Dwarven Battleaxe,blue_dwarven_battleaxe,ported,name,
item,battleaxeBronze,battleaxeBronze,,Bronze Battleaxe,bronze_battleaxe,ported,name,
item,battleaxeCorsair,battleaxeCorsair,,Corsair Battleaxe,corsair_battleaxe,ported,name,
item,battleaxeDale,battleaxeDale,,Dalish Battleaxe,dale_battleaxe,ported,name,
item,battleaxeDolGuldur,battleaxeDolGuldur,,Dol Guldur Battleaxe,dol_guldur_battleaxe,ported,name,
item,battleaxeDwarven,battleaxeDwarven,,Dwarven Battleaxe,dwarven_battleaxe,ported,name,
item,battleaxeGundabadUruk,battleaxeGundabadUruk,,Gundabad Uruk Waraxe,gundabad_uruk_waraxe,ported,name,
item,battleaxeHalfTroll,battleaxeHalfTroll,,Half-troll Battleaxe,half_troll_battleaxe,ported,name,
item,battleaxeIron,battleaxeIron,,Iron Battleaxe,iron_battleaxe,ported,name,
item,battleaxeLossarnach,battleaxeLossarnach,,Lossarnach Battleaxe,lossarnach_battleaxe,ported,name,
item,battleaxeMithril,battleaxeMithril,,Mithril Battleaxe,mithril_battleaxe,ported,name,
item,battleaxeMoredain,battleaxeMoredain,,Morwaith Battleaxe,morwaith_battleaxe,ported,name,
item,battleaxeOrc,battleaxeOrc,,Mordor Battleaxe,mordor_battleaxe,ported,name,
item,battleaxeRhun,battleaxeRhun,,Rhûnic Battleaxe,rhunic_battleaxe,ported,name,
item,battleaxeRohan,battleaxeRohan,,Rohirric Battleaxe,rohirric_battleaxe,ported,name,
item,battleaxeTauredain,battleaxeTauredain,,Taurethrim Battleaxe,taurethrim_battleaxe,ported,name,
item,battleaxeUruk,battleaxeUruk,,Uruk Battleaxe,uruk_battleaxe,ported,name,
item,battleaxeUtumno,battleaxeUtumno,,Utumno Battleaxe,utumno_battleaxe,ported,name,
item,bearRug,bearRug,,Bearskin Rug,,missing,,
item,berryPieItem,berryPie,,Berry Pie,berry_pie,ported,name,
item,blackUrukBow,blackUrukBow,,Black Uruk Bow,black_uruk_bow,ported,name,
item,blackUrukSteel,blackUrukSteel,,Black Uruk Steel Ingot,black_uruk_steel_ingot,ported,name,
item,blackberry,blackberry,,Blackberries,blackberries,ported,name,
item,blackrootBow,blackrootBow,,Blackroot Bow,blackroot_bow,ported,name,
item,blackrootStick,blackrootStick,,Blackroot Stick,blackroot_stick,ported,name,
item,blacksmithHammer,blacksmithHammer,,Blacksmith Hammer,blacksmith_hammer,ported,name,
item,blueDwarfSteel,blueDwarfSteel,,Blue Dwarven Steel Ingot,blue_dwarven_steel_ingot,ported,name,
item,blueberry,blueberry,,Blueberries,blueberries,ported,name,
item,boarArmorBlueDwarven,boarArmorBlueDwarven,,Blue Dwarven Boar Armor,blue_dwarven_boar_armor,ported,name,
item,boarArmorDwarven,boarArmorDwarven,,Dwarven Boar Armor,dwarven_boar_armor,ported,name,
item,bodyAngmar,bodyAngmar,,Angmar Chestplate,angmar_chestplate,ported,name,
item,bodyArnor,bodyArnor,,Arnorian Chestplate,arnor_chestplate,ported,name,
item,bodyBlackNumenorean,bodyBlackNumenorean,,Black Númenórean Chestplate,black_numenorean_chestplate,ported,name,
item,bodyBlackUruk,bodyBlackUruk,,Black Uruk Chestplate,black_uruk_chestplate,ported,name,
item,bodyBlackroot,bodyBlackroot,,Blackroot Vale Chestplate,blackroot_vale_chestplate,ported,name,
item,bodyBlueDwarven,bodyBlueDwarven,,Blue Dwarven Chestplate,blue_dwarven_chestplate,ported,name,
item,bodyBone,bodyBone,,Bone Chestplate,bone_chestplate,ported,name,
item,bodyBronze,bodyBronze,,Bronze Chestplate,bronze_chestplate,ported,name,
item,bodyCorsair,bodyCorsair,,Corsair Chestplate,corsair_chestplate,ported,name,
item,bodyDale,bodyDale,,Dalish Chestplate,dale_chestplate,ported,name,
item,bodyDaleGambeson,bodyDaleGambeson,,Dalish Gambeson,dale_gambeson,ported,name,
item,bodyDolAmroth,bodyDolAmroth,,Dol Amroth Chestplate,dol_amroth_chestplate,ported,name,
item,bodyDolAmrothGambeson,bodyDolAmrothGambeson,,Dol Amroth Gambeson,dol_amroth_gambeson,ported,name,
item,bodyDolGuldur,bodyDolGuldur,,Dol Guldur Chestplate,dol_guldur_chestplate,ported,name,
item,bodyDorwinion,bodyDorwinion,,Dorwinion Chestplate,dorwinion_chestplate,ported,name,
item,bodyDorwinionElf,bodyDorwinionElf,,Dorwinion Elven Chestplate,dorwinion_elven_chestplate,ported,name,
item,bodyDunlending,bodyDunlending,,Dunlending Chestplate,dunlending_chestplate,ported,name,
item,bodyDwarven,bodyDwarven,,Dwarven Chestplate,dwarven_chestplate,ported,name,
item,bodyDwarvenGold,bodyDwarvenGold,,Gold-trimmed Dwarven Chestplate,gold_trimmed_dwarven_chestplate,ported,name,
item,bodyDwarvenMithril,bodyDwarvenMithril,,Mithril-trimmed Dwarven Chestplate,mithril_trimmed_dwarven_chestplate,ported,name,
item,bodyDwarvenSilver,bodyDwarvenSilver,,Silver-trimmed Dwarven Chestplate,silver_trimmed_dwarven_chestplate,ported,name,
item,bodyElven,bodyElven,,Galadhrim Chestplate,galadhrim_chestplate,ported,name,
item,bodyGalvorn,bodyGalvorn,,Galvorn Chestplate,galvorn_chestplate,ported,name,
item,bodyGemsbok,bodyGemsbok,,Gemsbok Hide Chestplate,gemsbok_hide_chestplate,ported,name,
item,bodyGondolin,bodyGondolin,,Gondolinian Chestplate,gondolin_chestplate,ported,name,
item,bodyGondor,bodyGondor,,Gondorian Chestplate,gondor_chestplate,ported,name,
item,bodyGondorGambeson,bodyGondorGambeson,,Gondorian Gambeson,gondor_gambeson,ported,name,
item,bodyGulfHarad,bodyGulfHarad,,Gulfen Chestplate,gulfen_chestplate,ported,name,
item,bodyGundabadUruk,bodyGundabadUruk,,Gundabad Uruk Chestplate,gundabad_uruk_chestplate,ported,name,
item,bodyHalfTroll,bodyHalfTroll,,Half-troll Chestplate,half_troll_chestplate,ported,name,
item,bodyHaradRobes,bodyHaradRobes,,Harad Robe,harad_robe,ported,name,
item,bodyHarnedor,bodyHarnedor,,Harnennor Chestplate,harnennor_chestplate,ported,name,
item,bodyHighElven,bodyHighElven,,Lindon Chestplate,lindon_chestplate,ported,name,
item,bodyHithlain,bodyHithlain,,Galadhrim Cloak Tunic,galadhrim_cloak_tunic,ported,name,
item,bodyKaftan,bodyKaftan,,Kaftan,kaftan,ported,name,
item,bodyLamedon,bodyLamedon,,Lamedon Chestplate,lamedon_chestplate,ported,name,
item,bodyLamedonJacket,bodyLamedonJacket,,Lamedon Jacket,lamedon_jacket,ported,name,
item,bodyLebenninGambeson,bodyLebenninGambeson,,Lebennin Gambeson,lebennin_gambeson,ported,name,
item,bodyLossarnach,bodyLossarnach,,Lossarnach Chestplate,lossarnach_chestplate,ported,name,
item,bodyMithril,bodyMithril,,Mithril Chestplate,mithril_chestplate,ported,name,
item,bodyMoredain,bodyMoredain,,Morwaith Chestplate,morwaith_chestplate,ported,name,
item,bodyMoredainLion,bodyMoredainLion,,Morwaith Chieftain Chestplate,morwaith_chieftain_chestplate,ported,name,
item,bodyMorgul,bodyMorgul,,Morgul Chestplate,morgul_chestplate,ported,name,
item,bodyNearHarad,bodyNearHarad,,Coast Southron Chestplate,coast_southron_chestplate,ported,name,
item,bodyNomad,bodyNomad,,Nomad Tunic,nomad_tunic,ported,name,
item,bodyOrc,bodyOrc,,Mordor Chestplate,mordor_chestplate,ported,name,
item,bodyPelargir,bodyPelargir,,Pelargir Chestplate,pelargir_chestplate,ported,name,
item,bodyPinnathGelin,bodyPinnathGelin,,Pinnath Gelin Chestplate,pinnath_gelin_chestplate,ported,name,
item,bodyRanger,bodyRanger,,Ranger Tunic,ranger_tunic,ported,name,
item,bodyRangerIthilien,bodyRangerIthilien,,Ithilien Ranger Tunic,ithilien_ranger_tunic,ported,name,
item,bodyRhun,bodyRhun,,Rhûnic Chestplate,rhunic_chestplate,ported,name,
item,bodyRhunGold,bodyRhunGold,,Golden Rhûnic Chestplate,golden_rhunic_chestplate,ported,name,
item,bodyRivendell,bodyRivendell,,Rivendell Chestplate,rivendell_chestplate,ported,name,
item,bodyRohan,bodyRohan,,Rohirric Hauberk,rohirric_hauberk,ported,name,
item,bodyRohanMarshal,bodyRohanMarshal,,Rohirric Marshal Chestplate,rohirric_marshal_chestplate,ported,name,
item,bodyTauredain,bodyTauredain,,Taurethrim Chestplate,taurethrim_chestplate,ported,name,
item,bodyTauredainGold,bodyTauredainGold,,Golden Taurethrim Chestplate,golden_taurethrim_chestplate,ported,name,
item,bodyUmbar,bodyUmbar,,Umbaric Chestplate,umbaric_chestplate,ported,name,
item,bodyUruk,bodyUruk,,Uruk Chestplate,uruk_chestplate,ported,name,
item,bodyUtumno,bodyUtumno,,Utumno Chestplate,utumno_chestplate,ported,name,
item,bodyFur,bodyWarg,,Fur Tunic,fur_tunic,ported,name,
item,bodyWoodElven,bodyWoodElven,,Wood-elven Chestplate,wood_elven_chestplate,ported,name,
item,bodyWoodElvenScout,bodyWoodElvenScout,,Wood-elven Scout Tunic,wood_elven_scout_tunic,ported,name,
item,bootsAngmar,bootsAngmar,,Angmar Boots,angmar_boots,ported,name,
item,bootsArnor,bootsArnor,,Arnorian Boots,arnor_boots,ported,name,
item,bootsBlackNumenorean,bootsBlackNumenorean,,Black Númenórean Boots,black_numenorean_boots,ported,name,
item,bootsBlackUruk,bootsBlackUruk,,Black Uruk Boots,black_uruk_boots,ported,name,
item,bootsBlackroot,bootsBlackroot,,Blackroot Vale Boots,blackroot_vale_boots,ported,name,
item,bootsBlueDwarven,bootsBlueDwarven,,Blue Dwarven Boots,blue_dwarven_boots,ported,name,
item,bootsBone,bootsBone,,Bone Boots,bone_boots,ported,name,
item,bootsBronze,bootsBronze,,Bronze Boots,bronze_boots,ported,name,
item,bootsCorsair,bootsCorsair,,Corsair Boots,corsair_boots,ported,name,
item,bootsDale,bootsDale,,Dalish Boots,dale_boots,ported,name,
item,bootsDolAmroth,bootsDolAmroth,,Dol Amroth Boots,dol_amroth_boots,ported,name,
item,bootsDolGuldur,bootsDolGuldur,,Dol Guldur Boots,dol_guldur_boots,ported,name,
item,bootsDorwinion,bootsDorwinion,,Dorwinion Boots,dorwinion_boots,ported,name,
item,bootsDorwinionElf,bootsDorwinionElf,,Dorwinion Elven Boots,dorwinion_elven_boots,ported,name,
item,bootsDunlending,bootsDunlending,,Dunlending Boots,dunlending_boots,ported,name,
item,bootsDwarven,bootsDwarven,,Dwarven Boots,dwarven_boots,ported,name,
item,bootsDwarvenGold,bootsDwarvenGold,,Gold-trimmed Dwarven Boots,gold_trimmed_dwarven_boots,ported,name,
item,bootsDwarvenMithril,bootsDwarvenMithril,,Mithril-trimmed Dwarven Boots,mithril_trimmed_dwarven_boots,ported,name,
item,bootsDwarvenSilver,bootsDwarvenSilver,,Silver-trimmed Dwarven Boots,silver_trimmed_dwarven_boots,ported,name,
item,bootsElven,bootsElven,,Galadhrim Boots,galadhrim_boots,ported,name,
item,bootsGalvorn,bootsGalvorn,,Galvorn Boots,galvorn_boots,ported,name,
item,bootsGemsbok,bootsGemsbok,,Gemsbok Hide Boots,gemsbok_hide_boots,ported,name,
item,bootsGondolin,bootsGondolin,,Gondolinian Boots,gondolin_boots,ported,name,
item,bootsGondor,bootsGondor,,Gondorian Boots,gondor_boots,ported,name,
item,bootsGulfHarad,bootsGulfHarad,,Gulfen Boots,gulfen_boots,ported,name,
item,bootsGundabadUruk,bootsGundabadUruk,,Gundabad Uruk Boots,gundabad_uruk_boots,ported,name,
item,bootsHalfTroll,bootsHalfTroll,,Half-troll Boots,half_troll_boots,ported,name,
item,bootsHaradRobes,bootsHaradRobes,,Harad Robe Shoes,harad_robe_shoes,ported,name,
item,bootsHarnedor,bootsHarnedor,,Harnennor Boots,harnennor_boots,ported,name,
item,bootsHighElven,bootsHighElven,,Lindon Boots,lindon_boots,ported,name,
item,bootsHithlain,bootsHithlain,,Galadhrim Cloak Boots,galadhrim_cloak_boots,ported,name,
item,bootsLamedon,bootsLamedon,,Lamedon Boots,lamedon_boots,ported,name,
item,bootsLossarnach,bootsLossarnach,,Lossarnach Boots,lossarnach_boots,ported,name,
item,bootsMithril,bootsMithril,,Mithril Boots,mithril_boots,ported,name,
item,bootsMoredain,bootsMoredain,,Morwaith Boots,morwaith_boots,ported,name,
item,bootsMoredainLion,bootsMoredainLion,,Morwaith Chieftain Boots,morwaith_chieftain_boots,ported,name,
item,bootsMorgul,bootsMorgul,,Morgul Boots,morgul_boots,ported,name,
item,bootsNearHarad,bootsNearHarad,,Coast Southron Boots,coast_southron_boots,ported,name,
item,bootsNomad,bootsNomad,,Nomad Shoes,nomad_shoes,ported,name,
item,bootsOrc,bootsOrc,,Mordor Boots,mordor_boots,ported,name,
item,bootsPelargir,bootsPelargir,,Pelargir Boots,pelargir_boots,ported,name,
item,bootsPinnathGelin,bootsPinnathGelin,,Pinnath Gelin Boots,pinnath_gelin_boots,ported,name,
item,bootsRanger,bootsRanger,,Ranger Boots,ranger_boots,ported,name,
item,bootsRangerIthilien,bootsRangerIthilien,,Ithilien Ranger Boots,ithilien_ranger_boots,ported,name,
item,bootsRhun,bootsRhun,,Rhûnic Boots,rhunic_boots,ported,name,
item,bootsRhunGold,bootsRhunGold,,Golden Rhûnic Boots,golden_rhunic_boots,ported,name,
item,bootsRivendell,bootsRivendell,,Rivendell Boots,rivendell_boots,ported,name,
item,bootsRohan,bootsRohan,,Rohirric Boots,rohirric_boots,ported,name,
item,bootsRohanMarshal,bootsRohanMarshal,,Rohirric Marshal Boots,rohirric_marshal_boots,ported,name,
item,bootsTauredain,bootsTauredain,,Taurethrim Boots,taurethrim_boots,ported,name,
item,bootsTauredainGold,bootsTauredainGold,,Golden Taurethrim Boots,golden_taurethrim_boots,ported,name,
item,bootsUmbar,bootsUmbar,,Umbaric Boots,umbaric_boots,ported,name,
item,bootsUruk,bootsUruk,,Uruk Boots,uruk_boots,ported,name,
item,bootsUtumno,bootsUtumno,,Utumno Boots,utumno_boots,ported,name,
item,bootsFur,bootsWarg,,Fur Boots,fur_boots,ported,name,
item,bootsWoodElven,bootsWoodElven,,Wood-elven Boots,wood_elven_boots,ported,name,
item,bootsWoodElvenScout,bootsWoodElvenScout,,Wood-elven Scout Boots,wood_elven_scout_boots,ported,name,
item,bossTrophy,bossTrophy,mallornEnt,Mallorn Ent Trunk,mallorn_ent_trophy,ported,name,
item,bossTrophy,bossTrophy,mtc,Hill-troll Chieftain Skull,mountain_troll_chieftain_trophy,ported,name,
item,bottlePoison,bottlePoison,,Bottle of Poison,bottle_of_poison,ported,name,
item,bountyTrophy,bountyTrophy,,Headhunter's Trophy,headhunters_trophy,ported,name,
item,brandingIron,brandingIron,,Branding Iron,,missing,,
item,bronze,bronze,,Bronze Ingot,bronze_ingot,ported,name,
item,bronzeCrossbow,bronzeCrossbow,,Bronze Crossbow,bronze_crossbow,ported,name,
item,camelCooked,camelCooked,,Cooked Camel,cooked_camel,ported,name,
item,camelRaw,camelRaw,,Raw Camel,raw_camel,ported,name,
item,ceramicMug,ceramicMug,,Ceramic Mug,ceramic_mug,ported,name,also: ceramic_mug_block
item,ceramicPlate,ceramicPlate,,Stoneware Plate,stoneware_plate,ported,name,
item,cherry,cherry,,Cherries,cherries,ported,name,
item,cherryPieItem,cherryPie,,Cherry Pie,cherry_pie,ported,name,
item,chestnut,chestnut,,Conker,conker,ported,name,
item,chestnutRoast,chestnutRoast,,Roast Chestnut,roast_chestnut,ported,name,
item,chilling,chilling,,Chill of Daedelos,chill_of_daedelos,ported,name,
item,chisel,chisel,,Chisel,chisel,ported,name,
item,chiselIthildin,chiselIthildin,,Moon-chisel,moon_chisel,ported,name,
item,clayMug,clayMug,,Clay Mug,clay_mug,ported,name,
item,clayPlate,clayPlate,,Clay Plate,clay_plate,ported,name,
item,clubMoredain,clubMoredain,,Morwaith Club,morwaith_club,ported,name,
item,silverCoin,coin,1,Silver Coin,silver_coin,ported,name,
item,silverCoin,coin,10,Silver Coin (10),silver_coin_stack,ported,name,
item,silverCoin,coin,100,Silver Coin (100),silver_coin_pile,ported,name,
item,commandHorn,commandHorn,halt,Horn of Command - Halt Units,command_horn[halt],ported,name,
item,commandHorn,commandHorn,ready,Horn of Command - Ready Units,command_horn[ready],ported,name,
item,commandHorn,commandHorn,summon,Horn of Command - Summon Units,command_horn[summon],ported,name,
item,commandSword,commandSword,,Sword of Command,command_sword,ported,name,
item,conquestHorn,conquestHorn,,Warhorn,warhorn,ported,name,
item,copper,copper,,Copper Ingot,,vanilla,override,user confirmed vanilla duplicate
item,coral,coral,,Coral,coral,ported,name,
item,corn,corn,,Corn,corn,ported,name,
item,cornBread,cornBread,,Corn Bread,corn_bread,ported,name,
item,cornCooked,cornCooked,,Cooked Corn,cooked_corn,ported,name,
item,cram,cram,,Cram,cram,ported,name,
item,cranberry,cranberry,,Cranberries,cranberries,ported,name,
item,crossbowBolt,crossbowBolt,,Crossbow Bolt,crossbow_bolt,ported,name,
item,crossbowBoltPoisoned,crossbowBoltPoisoned,,Poisoned Crossbow Bolt,poisoned_crossbow_bolt,ported,name,
item,daggerAncientHarad,daggerAncientHarad,,Old-Haradric Sacrificial Dagger,old_haradric_sacrificial_dagger,ported,name,
item,daggerAngmar,daggerAngmar,,Angmar Dagger,angmar_dagger,ported,name,
item,daggerAngmarPoisoned,daggerAngmarPoisoned,,Poisoned Angmar Dagger,poisoned_angmar_dagger,ported,name,
item,daggerArnor,daggerArnor,,Arnorian Dagger,arnor_dagger,ported,name,
item,daggerArnorPoisoned,daggerArnorPoisoned,,Poisoned Arnorian Dagger,poisoned_arnor_dagger,ported,name,
item,daggerBarrow,daggerBarrow,,Barrow-blade,barrow_blade,ported,name,
item,daggerBarrowPoisoned,daggerBarrowPoisoned,,Poisoned Barrow-blade,poisoned_barrow_blade,ported,name,
item,daggerBlackNumenorean,daggerBlackNumenorean,,Black Númenórean Dagger,black_numenorean_dagger,ported,name,
item,daggerBlackNumenoreanPoisoned,daggerBlackNumenoreanPoisoned,,Poisoned Black Númenórean Dagger,poisoned_black_numenorean_dagger,ported,name,
item,daggerBlackUruk,daggerBlackUruk,,Black Uruk Dagger,black_uruk_dagger,ported,name,
item,daggerBlackUrukPoisoned,daggerBlackUrukPoisoned,,Poisoned Black Uruk Dagger,poisoned_black_uruk_dagger,ported,name,
item,daggerBlueDwarven,daggerBlueDwarven,,Blue Dwarven Dagger,blue_dwarven_dagger,ported,name,
item,daggerBlueDwarvenPoisoned,daggerBlueDwarvenPoisoned,,Poisoned Blue Dwarven Dagger,poisoned_blue_dwarven_dagger,ported,name,
item,daggerBronze,daggerBronze,,Bronze Dagger,bronze_dagger,ported,name,
item,daggerBronzePoisoned,daggerBronzePoisoned,,Poisoned Bronze Dagger,poisoned_bronze_dagger,ported,name,
item,daggerCorsair,daggerCorsair,,Corsair Dagger,corsair_dagger,ported,name,
item,daggerCorsairPoisoned,daggerCorsairPoisoned,,Poisoned Corsair Dagger,poisoned_corsair_dagger,ported,name,
item,daggerDale,daggerDale,,Dalish Dagger,dale_dagger,ported,name,
item,daggerDalePoisoned,daggerDalePoisoned,,Poisoned Dalish Dagger,poisoned_dale_dagger,ported,name,
item,daggerDolAmroth,daggerDolAmroth,,Dol Amroth Dagger,dol_amroth_dagger,ported,name,
item,daggerDolAmrothPoisoned,daggerDolAmrothPoisoned,,Poisoned Dol Amroth Dagger,poisoned_dol_amroth_dagger,ported,name,
item,daggerDolGuldur,daggerDolGuldur,,Dol Guldur Dagger,dol_guldur_dagger,ported,name,
item,daggerDolGuldurPoisoned,daggerDolGuldurPoisoned,,Poisoned Dol Guldur Dagger,poisoned_dol_guldur_dagger,ported,name,
item,daggerDorwinionElf,daggerDorwinionElf,,Dorwinion Elven Dagger,dorwinion_elven_dagger,ported,name,
item,daggerDorwinionElfPoisoned,daggerDorwinionElfPoisoned,,Poisoned Dorwinion Elven Dagger,poisoned_dorwinion_elven_dagger,ported,name,
item,daggerDwarven,daggerDwarven,,Dwarven Dagger,dwarven_dagger,ported,name,
item,daggerDwarvenPoisoned,daggerDwarvenPoisoned,,Poisoned Dwarven Dagger,poisoned_dwarven_dagger,ported,name,
item,daggerElven,daggerElven,,Galadhrim Dagger,galadhrim_dagger,ported,name,
item,daggerElvenPoisoned,daggerElvenPoisoned,,Poisoned Galadhrim Dagger,poisoned_galadhrim_dagger,ported,name,
item,daggerGondor,daggerGondor,,Gondorian Dagger,gondor_dagger,ported,name,
item,daggerGondorPoisoned,daggerGondorPoisoned,,Poisoned Gondorian Dagger,poisoned_gondor_dagger,ported,name,
item,daggerGundabadUruk,daggerGundabadUruk,,Gundabad Uruk Dagger,gundabad_uruk_dagger,ported,name,
item,daggerGundabadUrukPoisoned,daggerGundabadUrukPoisoned,,Poisoned Gundabad Uruk Dagger,poisoned_gundabad_uruk_dagger,ported,name,
item,daggerHalfTroll,daggerHalfTroll,,Half-troll Dagger,half_troll_dagger,ported,name,
item,daggerHalfTrollPoisoned,daggerHalfTrollPoisoned,,Poisoned Half-troll Dagger,poisoned_half_troll_dagger,ported,name,
item,daggerHarad,daggerHarad,,Haradric Dagger,haradric_dagger,ported,name,
item,daggerHaradPoisoned,daggerHaradPoisoned,,Poisoned Haradric Dagger,poisoned_haradric_dagger,ported,name,
item,daggerHighElven,daggerHighElven,,Lindon Dagger,lindon_dagger,ported,name,
item,daggerHighElvenPoisoned,daggerHighElvenPoisoned,,Poisoned Lindon Dagger,poisoned_lindon_dagger,ported,name,
item,daggerIron,daggerIron,,Iron Dagger,iron_dagger,ported,name,
item,daggerIronPoisoned,daggerIronPoisoned,,Poisoned Iron Dagger,poisoned_iron_dagger,ported,name,
item,daggerMithril,daggerMithril,,Mithril Dagger,mithril_dagger,ported,name,
item,daggerMithrilPoisoned,daggerMithrilPoisoned,,Poisoned Mithril Dagger,poisoned_mithril_dagger,ported,name,
item,daggerMoredain,daggerMoredain,,Morwaith Dagger,morwaith_dagger,ported,name,
item,daggerMoredainPoisoned,daggerMoredainPoisoned,,Poisoned Morwaith Dagger,poisoned_morwaith_dagger,ported,name,
item,daggerNearHarad,daggerNearHarad,,Umbaric Dagger,umbaric_dagger,ported,name,
item,daggerNearHaradPoisoned,daggerNearHaradPoisoned,,Poisoned Umbaric Dagger,poisoned_umbaric_dagger,ported,name,
item,daggerOrc,daggerOrc,,Mordor Dagger,mordor_dagger,ported,name,
item,daggerOrcPoisoned,daggerOrcPoisoned,,Poisoned Mordor Dagger,poisoned_mordor_dagger,ported,name,
item,daggerRhun,daggerRhun,,Rhûnic Dagger,rhunic_dagger,ported,name,
item,daggerRhunPoisoned,daggerRhunPoisoned,,Poisoned Rhûnic Dagger,poisoned_rhunic_dagger,ported,name,
item,daggerRivendell,daggerRivendell,,Rivendell Dagger,rivendell_dagger,ported,name,
item,daggerRivendellPoisoned,daggerRivendellPoisoned,,Poisoned Rivendell Dagger,poisoned_rivendell_dagger,ported,name,
item,daggerRohan,daggerRohan,,Rohirric Dagger,rohirric_dagger,ported,name,
item,daggerRohanPoisoned,daggerRohanPoisoned,,Poisoned Rohirric Dagger,poisoned_rohirric_dagger,ported,name,
item,daggerTauredain,daggerTauredain,,Taurethrim Dagger,taurethrim_dagger,ported,name,
item,daggerTauredainPoisoned,daggerTauredainPoisoned,,Poisoned Taurethrim Dagger,poisoned_taurethrim_dagger,ported,name,
item,daggerUruk,daggerUruk,,Uruk Dagger,uruk_dagger,ported,name,
item,daggerUrukPoisoned,daggerUrukPoisoned,,Poisoned Uruk Dagger,poisoned_uruk_dagger,ported,name,
item,daggerUtumno,daggerUtumno,,Utumno Dagger,utumno_dagger,ported,name,
item,daggerUtumnoPoisoned,daggerUtumnoPoisoned,,Poisoned Utumno Dagger,poisoned_utumno_dagger,ported,name,
item,daggerWoodElven,daggerWoodElven,,Wood-elven Dagger,wood_elven_dagger,ported,name,
item,daggerWoodElvenPoisoned,daggerWoodElvenPoisoned,,Poisoned Wood-elven Dagger,poisoned_wood_elven_dagger,ported,name,
item,daleBow,daleBow,,Dalish Longbow,dale_bow,ported,name,
item,daleCracker,daleCracker,,Dalish Cracker,red_dalish_cracker,ported,name,also: blue_dalish_cracker green_dalish_cracker silver_dalish_cracker gold_dalish_cracker
item,dalishPastryItem,dalishPastry,,Dalish Pastry,dalish_pastry,ported,name,
item,date,date,,Date,date,ported,name,also: date_block
item,deerCooked,deerCooked,,Cooked Venison,cooked_venison,ported,name,
item,deerRaw,deerRaw,,Raw Venison,raw_venison,ported,name,
item,diamond,diamond,,Diamond,diamond,ported,name,
item,dorwinionElfBow,dorwinionElfBow,,Dorwinion Elven Bow,dorwinion_elven_bow,ported,name,
item,dunlendingClub,dunlendingClub,,Dunlending Club,dunlending_club,ported,name,
item,dunlendingTrident,dunlendingTrident,,Dunlending Trident,dunlending_trident,ported,name,
item,dwarfBone,dwarfBone,,Dwarf Bone,dwarf_bone,ported,name,
item,dwarfSteel,dwarfSteel,,Dwarven Steel Ingot,dwarven_steel_ingot,ported,name,
item,dwarvenBedItem,dwarvenBed,,Dwarven Bed,dwarven_bed,ported,name,
item,dwarvenDoor,dwarvenDoor,,Dwarven Door,dwarven_door,ported,name,
item,dwarvenRing,dwarvenRing,,Dwarven Marriage Ring,dwarven_marriage_ring,ported,name,
item,dye,dye,0,Yellow Dye,yellow_dye,ported,name,
item,dye,dye,1,White Dye,white_dye,ported,name,
item,dye,dye,2,Bluebell Blue,bluebell_blue,ported,name,
item,dye,dye,3,Clover Green,clover_green,ported,name,
item,dye,dye,4,Charcoal Dust,charcoal_dust,ported,name,
item,dye,dye,5,Brown Dye,brown_dye,ported,name,
item,elderberry,elderberry,,Elderberries,elderberries,ported,name,
item,elfBone,elfBone,,Elf Bone,elf_bone,ported,name,
item,elfSteel,elfSteel,,Elven Steel Ingot,elven_steel_ingot,ported,name,
item,elkArmorWoodElven,elkArmorWoodElven,,Wood-elven Elk Armor,wood_elven_elk_armor,ported,name,
item,elvenBedItem,elvenBed,,Galadhrim Bed,galadhrim_bed,ported,override,
item,elvenBow,elvenBow,,Galadhrim Bow,galadhrim_bow,ported,name,
item,emerald,emerald,,Emerald,emerald,ported,name,
item,entDraught,entDraught,0,Green Ent-draught,ent_draught[0],ported,name,
item,entDraught,entDraught,1,Brown Ent-draught,ent_draught[1],ported,name,
item,entDraught,entDraught,2,Golden Ent-draught,ent_draught[2],ported,name,
item,entDraught,entDraught,3,Yellow Ent-draught,ent_draught[3],ported,name,
item,entDraught,entDraught,4,Red Ent-draught,ent_draught[4],ported,name,
item,entDraught,entDraught,5,Silver Ent-draught,ent_draught[5],ported,name,
item,entDraught,entDraught,6,Blue Ent-draught,ent_draught[6],ported,name,
item,featherDyed,featherDyed,,Dyed Feather,,missing,,
item,flax,flax,,Flax,flax,ported,name,also: flax_crop
item,flaxSeeds,flaxSeeds,,Flax Seeds,flax_seeds,ported,name,
item,galvorn,galvorn,,Galvorn Ingot,galvorn_ingot,ported,name,
item,gammon,gammon,,Gammon,gammon,ported,name,
item,gandalfStaffGrey,gandalfStaffGrey,,Staff of Gandalf the Grey,gandalf_staff_grey,ported,name,
item,gandalfStaffWhite,gandalfStaffWhite,,Staff of Gandalf the White,gandalf_staff_white,ported,name,
item,gateGear,gateGear,,Gate Gears,gate_gears,ported,name,
item,gemsbokHide,gemsbokHide,,Gemsbok Hide,gemsbok_hide,ported,name,
item,gemsbokHorn,gemsbokHorn,,Gemsbok Horn,gemsbok_horn,ported,name,
item,gildedIron,gildedIron,,Gilded Iron Ingot,gilded_iron_ingot,ported,name,
item,giraffeRug,giraffeRug,,Giraffeskin Rug,,missing,,
item,glamdring,glamdring,,Glamdring,glamdring,ported,name,
item,gobletCopper,gobletCopper,,Copper Goblet,copper_goblet,ported,name,also: copper_goblet_block
item,gobletGold,gobletGold,,Golden Goblet,golden_goblet,ported,name,also: golden_goblet_block
item,gobletSilver,gobletSilver,,Silver Goblet,silver_goblet,ported,name,also: silver_goblet_block
item,gobletWood,gobletWood,,Wooden Cup,wooden_cup,ported,name,also: wooden_cup_block
item,goldRing,goldRing,,Gold Ring,gold_ring,ported,name,
item,gondorBow,gondorBow,,Gondorian Bow,gondor_bow,ported,name,
item,grapeRed,grapeRed,,Red Grapes,red_grapes,ported,name,
item,grapeWhite,grapeWhite,,Green Grapes,green_grapes,ported,name,
item,guldurilCrystal,guldurilCrystal,,Gulduril,gulduril,ported,name,
item,gundabadUrukBow,gundabadUrukBow,,Gundabad Uruk Bow,gundabad_uruk_bow,ported,name,
item,halberdMithril,halberdMithril,,Mithril Halberd,mithril_halberd,ported,name,
item,hammerAngmar,hammerAngmar,,Angmar Warhammer,angmar_warhammer,ported,name,
item,hammerBlackUruk,hammerBlackUruk,,Black Uruk Warhammer,black_uruk_warhammer,ported,name,
item,hammerBlueDwarven,hammerBlueDwarven,,Blue Dwarven Warhammer,blue_dwarven_warhammer,ported,name,
item,hammerDolGuldur,hammerDolGuldur,,Dol Guldur Warhammer,dol_guldur_warhammer,ported,name,
item,hammerDwarven,hammerDwarven,,Dwarven Warhammer,dwarven_warhammer,ported,name,
item,hammerGondor,hammerGondor,,Gondorian Warhammer,gondor_warhammer,ported,name,
item,hammerGundabadUruk,hammerGundabadUruk,,Gundabad Uruk Bludgeon,gundabad_uruk_bludgeon,ported,name,
item,hammerHalfTroll,hammerHalfTroll,,Half-troll Warhammer,half_troll_warhammer,ported,name,
item,hammerMithril,hammerMithril,,Mithril Warhammer,mithril_warhammer,ported,name,
item,hammerOrc,hammerOrc,,Mordor Warhammer,mordor_warhammer,ported,name,
item,hammerTauredain,hammerTauredain,,Taurethrim Bludgeon,taurethrim_bludgeon,ported,name,
item,hammerUruk,hammerUruk,,Uruk Warhammer,uruk_warhammer,ported,name,
item,hammerUtumno,hammerUtumno,,Utumno Warhammer,utumno_warhammer,ported,name,
item,helmetAngmar,helmetAngmar,,Angmar Helmet,angmar_helmet,ported,name,
item,helmetArnor,helmetArnor,,Arnorian Helmet,arnor_helmet,ported,name,
item,helmetBlackNumenorean,helmetBlackNumenorean,,Black Númenórean Helmet,black_numenorean_helmet,ported,name,
item,helmetBlackUruk,helmetBlackUruk,,Black Uruk Helmet,black_uruk_helmet,ported,name,
item,helmetBlackroot,helmetBlackroot,,Blackroot Vale Helmet,blackroot_vale_helmet,ported,name,
item,helmetBlueDwarven,helmetBlueDwarven,,Blue Dwarven Helmet,blue_dwarven_helmet,ported,name,
item,helmetBone,helmetBone,,Bone Helmet,bone_helmet,ported,name,
item,helmetBronze,helmetBronze,,Bronze Helmet,bronze_helmet,ported,name,
item,helmetCorsair,helmetCorsair,,Corsair Helmet,corsair_helmet,ported,name,
item,helmetDale,helmetDale,,Dalish Helmet,dale_helmet,ported,name,
item,helmetDolAmroth,helmetDolAmroth,,Dol Amroth Helmet,dol_amroth_helmet,ported,name,
item,helmetDolGuldur,helmetDolGuldur,,Dol Guldur Helmet,dol_guldur_helmet,ported,name,
item,helmetDorwinion,helmetDorwinion,,Dorwinion Helmet,dorwinion_helmet,ported,name,
item,helmetDorwinionElf,helmetDorwinionElf,,Dorwinion Elven Helmet,dorwinion_elven_helmet,ported,name,
item,helmetDunlending,helmetDunlending,,Dunlending Helmet,dunlending_helmet,ported,name,
item,helmetDwarven,helmetDwarven,,Dwarven Helmet,dwarven_helmet,ported,name,
item,helmetDwarvenGold,helmetDwarvenGold,,Gold-trimmed Dwarven Helmet,gold_trimmed_dwarven_helmet,ported,name,
item,helmetDwarvenMithril,helmetDwarvenMithril,,Mithril-trimmed Dwarven Helmet,mithril_trimmed_dwarven_helmet,ported,name,
item,helmetDwarvenSilver,helmetDwarvenSilver,,Silver-trimmed Dwarven Helmet,silver_trimmed_dwarven_helmet,ported,name,
item,helmetElven,helmetElven,,Galadhrim Helmet,galadhrim_helmet,ported,name,
item,helmetGalvorn,helmetGalvorn,,Galvorn Helmet,galvorn_helmet,ported,name,
item,helmetGemsbok,helmetGemsbok,,Gemsbok Hide Helmet,gemsbok_hide_helmet,ported,name,
item,helmetGondolin,helmetGondolin,,Gondolinian Helmet,gondolin_helmet,ported,name,
item,helmetGondor,helmetGondor,,Gondorian Helmet,gondor_helmet,ported,name,
item,helmetGondorWinged,helmetGondorWinged,,Winged Gondorian Helmet,gondor_winged_helmet,ported,name,
item,helmetGulfHarad,helmetGulfHarad,,Gulfen Helmet,gulfen_helmet,ported,name,
item,helmetGundabadUruk,helmetGundabadUruk,,Gundabad Uruk Helmet,gundabad_uruk_helmet,ported,name,
item,helmetHalfTroll,helmetHalfTroll,,Half-troll Helmet,half_troll_helmet,ported,name,
item,helmetHaradRobes,helmetHaradRobes,,Harad Turban,harad_turban,ported,name,
item,helmetHarnedor,helmetHarnedor,,Harnennor Helmet,harnennor_helmet,ported,name,
item,helmetHighElven,helmetHighElven,,Lindon Helmet,lindon_helmet,ported,name,
item,helmetHithlain,helmetHithlain,,Galadhrim Cloak Hood,galadhrim_cloak_hood,ported,name,
item,helmetLamedon,helmetLamedon,,Lamedon Helmet,lamedon_helmet,ported,name,
item,helmetLossarnach,helmetLossarnach,,Lossarnach Helmet,lossarnach_helmet,ported,name,
item,helmetMithril,helmetMithril,,Mithril Helmet,mithril_helmet,ported,name,
item,helmetMoredain,helmetMoredain,,Morwaith Helmet,morwaith_helmet,ported,name,
item,helmetMoredainLion,helmetMoredainLion,,Morwaith Chieftain Helmet,morwaith_chieftain_helmet,ported,name,
item,helmetMorgul,helmetMorgul,,Morgul Helmet,morgul_helmet,ported,name,
item,helmetNearHarad,helmetNearHarad,,Coast Southron Helmet,coast_southron_helmet,ported,name,
item,helmetNearHaradWarlord,helmetNearHaradWarlord,,Southron Champion Helmet,southron_champion_helmet,ported,name,
item,helmetNomad,helmetNomad,,Nomad Cap,nomad_cap,ported,name,
item,helmetOrc,helmetOrc,,Mordor Helmet,mordor_helmet,ported,name,
item,helmetPelargir,helmetPelargir,,Pelargir Helmet,pelargir_helmet,ported,name,
item,helmetPinnathGelin,helmetPinnathGelin,,Pinnath Gelin Helmet,pinnath_gelin_helmet,ported,name,
item,helmetRanger,helmetRanger,,Ranger Hood,ranger_hood,ported,name,
item,helmetRangerIthilien,helmetRangerIthilien,,Ithilien Ranger Hood,ithilien_ranger_hood,ported,name,
item,helmetRhun,helmetRhun,,Rhûnic Helmet,rhunic_helmet,ported,name,
item,helmetRhunGold,helmetRhunGold,,Golden Rhûnic Helmet,golden_rhunic_helmet,ported,name,
item,helmetRhunWarlord,helmetRhunWarlord,,Rhûnic Warlord Helmet,rhunic_warlord_helmet,ported,name,
item,helmetRivendell,helmetRivendell,,Rivendell Helmet,rivendell_helmet,ported,name,
item,helmetRohan,helmetRohan,,Rohirric Coif,rohirric_coif,ported,name,
item,helmetRohanMarshal,helmetRohanMarshal,,Rohirric Marshal Helmet,rohirric_marshal_helmet,ported,name,
item,helmetTauredain,helmetTauredain,,Taurethrim Helmet,taurethrim_helmet,ported,name,
item,helmetTauredainChieftain,helmetTauredainChieftain,,Taurethrim Chieftain Helmet,taurethrim_chieftain_helmet,ported,name,
item,helmetTauredainGold,helmetTauredainGold,,Golden Taurethrim Helmet,golden_taurethrim_helmet,ported,name,
item,helmetUmbar,helmetUmbar,,Umbaric Helmet,umbaric_helmet,ported,name,
item,helmetUruk,helmetUruk,,Uruk Helmet,uruk_helmet,ported,name,
item,helmetUrukBerserker,helmetUrukBerserker,,Uruk Berserker Helmet,uruk_berserker_helmet,ported,name,
item,helmetUtumno,helmetUtumno,,Utumno Helmet,utumno_helmet,ported,name,
item,helmetFur,helmetWarg,,Fur Hat,fur_hat,ported,name,
item,helmetWoodElven,helmetWoodElven,,Wood-elven Helmet,wood_elven_helmet,ported,name,
item,helmetWoodElvenScout,helmetWoodElvenScout,,Wood-elven Scout Hood,wood_elven_scout_hood,ported,name,
item,highElvenBedItem,highElvenBed,,High Elven Bed,high_elven_bed,ported,name,
item,highElvenBow,highElvenBow,,Lindon Bow,lindon_bow,ported,name,
item,hithlain,hithlain,,Hithlain,hithlain,ported,name,
item,hobbitBone,hobbitBone,,Hobbit Bone,hobbit_bone,ported,name,
item,hobbitPancake,hobbitPancake,,Hobbit Pancake,hobbit_pancake,ported,name,
item,hobbitPancakeMapleSyrup,hobbitPancakeMapleSyrup,,Hobbit Pancake with Maple Syrup,hobbit_pancake_with_maple_syrup,ported,name,
item,hobbitPipe,hobbitPipe,,Smoking Pipe,smoking_pipe,ported,name,
item,hobbitRing,hobbitRing,,Hobbit Marriage Ring,hobbit_marriage_ring,ported,name,
item,hoeAngmar,hoeAngmar,,Angmar Hoe,angmar_hoe,ported,name,
item,hoeBlueDwarven,hoeBlueDwarven,,Blue Dwarven Hoe,blue_dwarven_hoe,ported,name,
item,hoeBronze,hoeBronze,,Bronze Hoe,bronze_hoe,ported,name,
item,hoeDolGuldur,hoeDolGuldur,,Dol Guldur Hoe,dol_guldur_hoe,ported,name,
item,hoeDwarven,hoeDwarven,,Dwarven Hoe,dwarven_hoe,ported,name,
item,hoeElven,hoeElven,,Galadhrim Hoe,galadhrim_hoe,ported,name,
item,hoeHighElven,hoeHighElven,,Lindon Hoe,lindon_hoe,ported,name,
item,hoeMallorn,hoeMallorn,,Mallorn Hoe,mallorn_hoe,ported,name,
item,hoeMithril,hoeMithril,,Mithril Hoe,mithril_hoe,ported,name,
item,hoeOrc,hoeOrc,,Mordor Hoe,mordor_hoe,ported,name,
item,hoeRivendell,hoeRivendell,,Rivendell Hoe,rivendell_hoe,ported,name,
item,hoeTauredain,hoeTauredain,,Taurethrim Hoe,taurethrim_hoe,ported,name,
item,hoeUruk,hoeUruk,,Uruk Hoe,uruk_hoe,ported,name,
item,hoeWoodElven,hoeWoodElven,,Wood-elven Hoe,wood_elven_hoe,ported,name,
item,horn,horn,,Horn,horn,ported,name,
item,horseArmorDale,horseArmorDale,,Dalish Horse Armor,dale_horse_armor,ported,name,
item,horseArmorDiamond,horseArmorDiamond,,,diamond_horse_armor,ported,override,LOTR diamond horse armour (14 protection)
item,horseArmorDolAmroth,horseArmorDolAmroth,,Dol Amroth Horse Armor,dol_amroth_horse_armor,ported,name,
item,horseArmorGaladhrim,horseArmorGaladhrim,,Galadhrim Horse Armor,galadhrim_horse_armor,ported,name,
item,horseArmorGold,horseArmorGold,,,,vanilla,override,user confirmed vanilla duplicate
item,horseArmorGondor,horseArmorGondor,,Gondorian Horse Armor,gondor_horse_armor,ported,name,
item,horseArmorHighElven,horseArmorHighElven,,Lindon Horse Armor,lindon_horse_armor,ported,name,
item,horseArmorIron,horseArmorIron,,,,vanilla,override,user confirmed vanilla duplicate
item,horseArmorLamedon,horseArmorLamedon,,Lamedon Horse Armor,lamedon_horse_armor,ported,name,
item,horseArmorMithril,horseArmorMithril,,Mithril Horse Armor,mithril_horse_armor,ported,name,
item,horseArmorMorgul,horseArmorMorgul,,Morgul Horse Armor,morgul_horse_armor,ported,name,
item,horseArmorNearHarad,horseArmorNearHarad,,Coast Southron Horse Armor,coast_southron_horse_armor,ported,name,
item,horseArmorRhunGold,horseArmorRhunGold,,Rhûnic Horse Armor,rhunic_horse_armor,ported,name,
item,horseArmorRivendell,horseArmorRivendell,,Rivendell Horse Armor,rivendell_horse_armor,ported,name,
item,horseArmorRohan,horseArmorRohan,,Rohirric Horse Armor,rohirric_horse_armor,ported,name,
item,horseArmorUmbar,horseArmorUmbar,,Umbaric Horse Armor,umbaric_horse_armor,ported,name,
item,ironCrossbow,ironCrossbow,,Iron Crossbow,iron_crossbow,ported,name,
item,ironNugget,ironNugget,,Iron Nugget,,vanilla,override,user confirmed vanilla duplicate
item,ithildin,ithildin,,Ithildin,ithildin,ported,name,
item,kebab,kebab,,Kebab,kebab,ported,name,
item,kineArawHorn,kineArawHorn,,Kine of Araw Horn,kine_of_araw_horn,ported,name,
item,lanceDolAmroth,lanceDolAmroth,,Dol Amroth Lance,dol_amroth_lance,ported,name,
item,lanceGondor,lanceGondor,,Gondorian Lance,gondor_lance,ported,name,
item,lanceRohan,lanceRohan,,Rohirric Lance,rohirric_lance,ported,name,
item,leatherHat,leatherHat,,Leather Hat,leather_hat,ported,name,
item,leek,leek,,Leek,leek,ported,name,
item,leekSoup,leekSoup,,Leek Soup,leek_soup,ported,name,
item,legsAngmar,legsAngmar,,Angmar Leggings,angmar_leggings,ported,name,
item,legsArnor,legsArnor,,Arnorian Leggings,arnor_leggings,ported,name,
item,legsBlackNumenorean,legsBlackNumenorean,,Black Númenórean Leggings,black_numenorean_leggings,ported,name,
item,legsBlackUruk,legsBlackUruk,,Black Uruk Leggings,black_uruk_leggings,ported,name,
item,legsBlackroot,legsBlackroot,,Blackroot Vale Leggings,blackroot_vale_leggings,ported,name,
item,legsBlueDwarven,legsBlueDwarven,,Blue Dwarven Leggings,blue_dwarven_leggings,ported,name,
item,legsBone,legsBone,,Bone Leggings,bone_leggings,ported,name,
item,legsBronze,legsBronze,,Bronze Leggings,bronze_leggings,ported,name,
item,legsCorsair,legsCorsair,,Corsair Leggings,corsair_leggings,ported,name,
item,legsDale,legsDale,,Dalish Leggings,dale_leggings,ported,name,
item,legsDolAmroth,legsDolAmroth,,Dol Amroth Leggings,dol_amroth_leggings,ported,name,
item,legsDolAmrothGambeson,legsDolAmrothGambeson,,Dol Amroth Chaps,dol_amroth_chaps,ported,name,
item,legsDolGuldur,legsDolGuldur,,Dol Guldur Leggings,dol_guldur_leggings,ported,name,
item,legsDorwinion,legsDorwinion,,Dorwinion Leggings,dorwinion_leggings,ported,name,
item,legsDorwinionElf,legsDorwinionElf,,Dorwinion Elven Leggings,dorwinion_elven_leggings,ported,name,
item,legsDunlending,legsDunlending,,Dunlending Leggings,dunlending_leggings,ported,name,
item,legsDwarven,legsDwarven,,Dwarven Leggings,dwarven_leggings,ported,name,
item,legsDwarvenGold,legsDwarvenGold,,Gold-trimmed Dwarven Leggings,gold_trimmed_dwarven_leggings,ported,name,
item,legsDwarvenMithril,legsDwarvenMithril,,Mithril-trimmed Dwarven Leggings,mithril_trimmed_dwarven_leggings,ported,name,
item,legsDwarvenSilver,legsDwarvenSilver,,Silver-trimmed Dwarven Leggings,silver_trimmed_dwarven_leggings,ported,name,
item,legsElven,legsElven,,Galadhrim Leggings,galadhrim_leggings,ported,name,
item,legsGalvorn,legsGalvorn,,Galvorn Leggings,galvorn_leggings,ported,name,
item,legsGemsbok,legsGemsbok,,Gemsbok Hide Leggings,gemsbok_hide_leggings,ported,name,
item,legsGondolin,legsGondolin,,Gondolinian Leggings,gondolin_leggings,ported,name,
item,legsGondor,legsGondor,,Gondorian Leggings,gondor_leggings,ported,name,
item,legsGulfHarad,legsGulfHarad,,Gulfen Leggings,gulfen_leggings,ported,name,
item,legsGundabadUruk,legsGundabadUruk,,Gundabad Uruk Leggings,gundabad_uruk_leggings,ported,name,
item,legsHalfTroll,legsHalfTroll,,Half-troll Leggings,half_troll_leggings,ported,name,
item,legsHaradRobes,legsHaradRobes,,Harad Robe Leggings,harad_robe_leggings,ported,name,
item,legsHarnedor,legsHarnedor,,Harnennor Leggings,harnennor_leggings,ported,name,
item,legsHighElven,legsHighElven,,Lindon Leggings,lindon_leggings,ported,name,
item,legsHithlain,legsHithlain,,Galadhrim Cloak Leggings,galadhrim_cloak_leggings,ported,name,
item,legsKaftan,legsKaftan,,Kaftan Leggings,kaftan_leggings,ported,name,
item,legsLamedon,legsLamedon,,Lamedon Leggings,lamedon_leggings,ported,name,
item,legsLossarnach,legsLossarnach,,Lossarnach Leggings,lossarnach_leggings,ported,name,
item,legsMithril,legsMithril,,Mithril Leggings,mithril_leggings,ported,name,
item,legsMoredain,legsMoredain,,Morwaith Leggings,morwaith_leggings,ported,name,
item,legsMoredainLion,legsMoredainLion,,Morwaith Chieftain Leggings,morwaith_chieftain_leggings,ported,name,
item,legsMorgul,legsMorgul,,Morgul Leggings,morgul_leggings,ported,name,
item,legsNearHarad,legsNearHarad,,Coast Southron Leggings,coast_southron_leggings,ported,name,
item,legsNomad,legsNomad,,Nomad Leggings,nomad_leggings,ported,name,
item,legsOrc,legsOrc,,Mordor Leggings,mordor_leggings,ported,name,
item,legsPelargir,legsPelargir,,Pelargir Leggings,pelargir_leggings,ported,name,
item,legsPinnathGelin,legsPinnathGelin,,Pinnath Gelin Leggings,pinnath_gelin_leggings,ported,name,
item,legsRanger,legsRanger,,Ranger Leggings,ranger_leggings,ported,name,
item,legsRangerIthilien,legsRangerIthilien,,Ithilien Ranger Leggings,ithilien_ranger_leggings,ported,name,
item,legsRhun,legsRhun,,Rhûnic Leggings,rhunic_leggings,ported,name,
item,legsRhunGold,legsRhunGold,,Golden Rhûnic Leggings,golden_rhunic_leggings,ported,name,
item,legsRivendell,legsRivendell,,Rivendell Leggings,rivendell_leggings,ported,name,
item,legsRohan,legsRohan,,Rohirric Leggings,rohirric_leggings,ported,name,
item,legsRohanMarshal,legsRohanMarshal,,Rohirric Marshal Leggings,rohirric_marshal_leggings,ported,name,
item,legsTauredain,legsTauredain,,Taurethrim Leggings,taurethrim_leggings,ported,name,
item,legsTauredainGold,legsTauredainGold,,Golden Taurethrim Leggings,golden_taurethrim_leggings,ported,name,
item,legsUmbar,legsUmbar,,Umbaric Leggings,umbaric_leggings,ported,name,
item,legsUruk,legsUruk,,Uruk Leggings,uruk_leggings,ported,name,
item,legsUtumno,legsUtumno,,Utumno Leggings,utumno_leggings,ported,name,
item,legsFur,legsWarg,,Fur Leggings,fur_leggings,ported,name,
item,legsWoodElven,legsWoodElven,,Wood-elven Leggings,wood_elven_leggings,ported,name,
item,legsWoodElvenScout,legsWoodElvenScout,,Wood-elven Scout Leggings,wood_elven_scout_leggings,ported,name,
item,lembas,lembas,,Lembas,lembas,ported,name,
item,lemon,lemon,,Lemon,lemon,ported,name,
item,lemonCakeItem,lemonCake,,Lemon Cake,lemon_cake,ported,name,
item,lettuce,lettuce,,Lettuce,lettuce,ported,name,also: lettuce_crop
item,lime,lime,,Lime,lime,ported,name,
item,lionBedItem,lionBed,,Lion Fur Bed,lion_fur_bed,ported,override,
item,lionCooked,lionCooked,,Cooked Lion,cooked_lion,ported,name,
item,lionFur,lionFur,,Lion Fur,lion_fur,ported,name,
item,lionRaw,lionRaw,,Raw Lion,raw_lion,ported,name,
item,lionRug,lionRug,,Lionskin Rug,,missing,,
item,longspearDolAmroth,longspearDolAmroth,,Dol Amroth Longspear,dol_amroth_longspear,ported,name,
item,longspearElven,longspearElven,,Galadhrim Longspear,galadhrim_longspear,ported,name,
item,longspearHighElven,longspearHighElven,,Lindon Longspear,lindon_longspear,ported,name,
item,longspearRivendell,longspearRivendell,,Rivendell Longspear,rivendell_longspear,ported,name,
item,longspearWoodElven,longspearWoodElven,,Wood-elven Longspear,wood_elven_longspear,ported,name,
item,maceBlackNumenorean,maceBlackNumenorean,,Black Númenórean Mace,black_numenorean_mace,ported,name,
item,maceHalfTroll,maceHalfTroll,,Half-troll Mace,half_troll_mace,ported,name,
item,maceMallornCharred,maceMallornCharred,,Charred Mallorn Mace,charred_mallorn_mace,ported,name,
item,maceNearHarad,maceNearHarad,,Umbaric Mace,umbaric_mace,ported,name,
item,maggotyBread,maggotyBread,,Maggoty Bread,maggoty_bread,ported,name,
item,mallornBow,mallornBow,,Mallorn Bow,mallorn_bow,ported,name,
item,mallornNut,mallornNut,,Mallorn Nut,mallorn_nut,ported,name,
item,mallornStick,mallornStick,,Mallorn Stick,mallorn_stick,ported,name,
item,manFlesh,manFlesh,,Man-flesh,man_flesh,ported,name,
item,mango,mango,,Mango,mango,ported,name,
item,mapleSyrup,mapleSyrup,,Maple Syrup,maple_syrup,ported,name,
item,marzipan,marzipan,,Marchpane,marchpane,ported,name,
item,marzipanChocolate,marzipanChocolate,,Chocolate Marchpane,chocolate_marchpane,ported,name,
item,mattockBlueDwarven,mattockBlueDwarven,,Blue Dwarven Mattock,blue_dwarven_mattock,ported,name,
item,mattockDwarven,mattockDwarven,,Dwarven Mattock,dwarven_mattock,ported,name,
item,mattockMithril,mattockMithril,,Mithril Mattock,mithril_mattock,ported,name,
item,mechanism,mechanism,,Mechanism,mechanism,ported,name,
item,melonSoup,melonSoup,,Melon Soup,melon_soup,ported,name,
item,mirkwoodBow,mirkwoodBow,,Bow of Mirkwood,mirkwood_bow,ported,name,
item,mithril,mithril,,Mithril Ingot,mithril,ported,id,
item,mithrilBook,mithrilBook,,Book of True-silver,book_of_true_silver,ported,name,
item,mithrilCrossbow,mithrilCrossbow,,Mithril Crossbow,mithril_crossbow,ported,name,
item,mithrilMail,mithrilMail,,Mithril Mail,mithril_mail,ported,name,
item,mithrilNugget,mithrilNugget,,Mithril Nugget,mithril_nugget,ported,name,
item,mithrilRing,mithrilRing,,Mithril Ring,mithril_ring,ported,name,
item,modTemplate,modTemplate,,%s Smith's Scroll,smiths_scroll[named],ported,name,
item,morgulBlade,morgulBlade,,Morgul Blade,morgul_blade,ported,name,
item,morgulSteel,morgulSteel,,Morgul Steel Ingot,morgul_steel_ingot,ported,name,
item,mug,mug,,Mug,mug,ported,name,also: mug_block
item,mugAle,mugAle,,Ale,ale,ported,name,
item,mugAppleJuice,mugAppleJuice,,Apple Juice,apple_juice,ported,name,
item,mugAraq,mugAraq,,Arak,arak,ported,name,
item,mugAthelasBrew,mugAthelasBrew,,Athelas Brew,athelas_brew,ported,name,
item,mugBananaBeer,mugBananaBeer,,Banana Beer,banana_beer,ported,name,
item,mugBlackberryJuice,mugBlackberryJuice,,Blackberry Juice,blackberry_juice,ported,name,
item,mugBlueberryJuice,mugBlueberryJuice,,Blueberry Juice,blueberry_juice,ported,name,
item,mugCactusLiqueur,mugCactusLiqueur,,Cactus Liqueur,cactus_liqueur,ported,name,
item,mugCarrotWine,mugCarrotWine,,Carrot Wine,carrot_wine,ported,name,
item,mugCherryLiqueur,mugCherryLiqueur,,Cherry Liqueur,cherry_liqueur,ported,name,
item,mugChocolate,mugChocolate,,Chocolate,chocolate,ported,name,
item,mugCider,mugCider,,Cider,cider,ported,name,
item,mugCornLiquor,mugCornLiquor,,Corn Liquor,corn_liquor,ported,name,
item,mugCranberryJuice,mugCranberryJuice,,Cranberry Juice,cranberry_juice,ported,name,
item,mugDwarvenAle,mugDwarvenAle,,Dwarven Ale,dwarven_ale,ported,name,
item,mugDwarvenTonic,mugDwarvenTonic,,Dwarven Tonic,dwarven_tonic,ported,name,
item,mugElderberryJuice,mugElderberryJuice,,Elderberry Juice,elderberry_juice,ported,name,
item,mugLemonLiqueur,mugLemonLiqueur,,Lemon Liqueur,lemon_liqueur,ported,name,
item,mugLemonade,mugLemonade,,Lemonade,lemonade,ported,name,
item,mugLimeLiqueur,mugLimeLiqueur,,Lime Liqueur,lime_liqueur,ported,name,
item,mugMangoJuice,mugMangoJuice,,Mango Juice,mango_juice,ported,name,
item,mugMapleBeer,mugMapleBeer,,Maple Beer,maple_beer,ported,name,
item,mugMead,mugMead,,Mead,mead,ported,name,
item,mugMelonLiqueur,mugMelonLiqueur,,Melon Liqueur,melon_liqueur,ported,name,
item,mugMilk,mugMilk,,Milk,milk,ported,name,
item,mugMiruvor,mugMiruvor,,Miruvor,miruvor,ported,name,
item,mugMorgulDraught,mugMorgulDraught,,Morgul-draught,morgul_draught,ported,name,
item,mugOrangeJuice,mugOrangeJuice,,Orange Juice,orange_juice,ported,name,
item,mugOrcDraught,mugOrcDraught,,Orc Draught,orc_draught,ported,name,
item,mugPerry,mugPerry,,Perry,perry,ported,name,
item,mugPlumKvass,mugPlumKvass,,Plum Kvass,plum_kvass,ported,name,
item,mugPomegranateJuice,mugPomegranateJuice,,Pomegranate Juice,pomegranate_juice,ported,name,
item,mugPomegranateWine,mugPomegranateWine,,Pomegranate Wine,pomegranate_wine,ported,name,
item,mugRaspberryJuice,mugRaspberryJuice,,Raspberry Juice,raspberry_juice,ported,name,
item,mugRedGrapeJuice,mugRedGrapeJuice,,Red Grape Juice,red_grape_juice,ported,name,
item,mugRedWine,mugRedWine,,Red Wine,red_wine,ported,name,
item,mugRum,mugRum,,Rum,rum,ported,name,
item,mugSourMilk,mugSourMilk,,Soured Milk,soured_milk,ported,name,
item,mugTauredainCocoa,mugTauredainCocoa,,Taurethrim Cocoa,taurethrim_cocoa,ported,name,
item,mugTauredainCure,mugTauredainCure,,Jungle Remedy,jungle_remedy,ported,name,
item,mugTermiteTequila,mugTermiteTequila,,Termite Tequila,termite_tequila,ported,name,
item,mugTorogDraught,mugTorogDraught,,Torog Draught,torog_draught,ported,name,
item,mugVodka,mugVodka,,Vodka,vodka,ported,name,
item,mugWater,mugWater,,Water,water,ported,name,
item,mugWhiteGrapeJuice,mugWhiteGrapeJuice,,Green Grape Juice,green_grape_juice,ported,name,
item,mugWhiteWine,mugWhiteWine,,White Wine,white_wine,ported,name,
item,mushroomPie,mushroomPie,,Mushroom Pie,mushroom_pie,ported,name,
item,muttonCooked,muttonCooked,,Cooked Mutton,cooked_mutton,ported,name,
item,muttonRaw,muttonRaw,,Raw Mutton,raw_mutton,ported,name,
item,mysteryWeb,mysteryWeb,,Mystery Web,mystery_web,ported,name,
item,nauriteGem,naurite,,Durnor,durnor,ported,name,
item,nearHaradBow,nearHaradBow,,Bow of Harad,harad_bow,ported,name,
item,npcRespawner,npcRespawner,,NPC Respawner,,missing,,
item,obsidianShard,obsidianShard,,Obsidian Shard,obsidian_shard,ported,name,
item,olive,olive,,Olives,olives,ported,name,
item,oliveBread,oliveBread,,Olive Bread,olive_bread,ported,name,
item,opal,opal,,Opal,opal,ported,name,
item,orange,orange,,Orange,orange,ported,name,
item,orcBedItem,orcBed,,Orc Bed,orc_bed,ported,name,
item,orcBone,orcBone,,Orc Bone,orc_bone,ported,name,
item,orcBow,orcBow,,Orc Bow,orc_bow,ported,name,
item,orcSkullStaff,orcSkullStaff,,Orc Skull Staff,orc_skull_staff,ported,name,
item,orcSteel,orcSteel,,Orc Steel Ingot,orc_steel_ingot,ported,name,
item,orcTorchItem,orcTorch,,Orc Torch,orc_torch,ported,name,
item,partyHat,partyHat,,Party Hat,party_hat,ported,name,
item,pear,pear,,Pear,pear,ported,name,
item,pearl,pearl,,Pearl,pearl,ported,name,
item,pebble,pebble,,Pebble,pebble,ported,name,
item,pickaxeAngmar,pickaxeAngmar,,Angmar Pickaxe,angmar_pickaxe,ported,name,
item,pickaxeBlueDwarven,pickaxeBlueDwarven,,Blue Dwarven Pickaxe,blue_dwarven_pickaxe,ported,name,
item,pickaxeBronze,pickaxeBronze,,Bronze Pickaxe,bronze_pickaxe,ported,name,
item,pickaxeDolGuldur,pickaxeDolGuldur,,Dol Guldur Pickaxe,dol_guldur_pickaxe,ported,name,
item,pickaxeDwarven,pickaxeDwarven,,Dwarven Pickaxe,dwarven_pickaxe,ported,name,
item,pickaxeElven,pickaxeElven,,Galadhrim Pickaxe,galadhrim_pickaxe,ported,name,
item,pickaxeHighElven,pickaxeHighElven,,Lindon Pickaxe,lindon_pickaxe,ported,name,
item,pickaxeMallorn,pickaxeMallorn,,Mallorn Pickaxe,mallorn_pickaxe,ported,name,
item,pickaxeMithril,pickaxeMithril,,Mithril Pickaxe,mithril_pickaxe,ported,name,
item,pickaxeOrc,pickaxeOrc,,Mordor Pickaxe,mordor_pickaxe,ported,name,
item,pickaxeRivendell,pickaxeRivendell,,Rivendell Pickaxe,rivendell_pickaxe,ported,name,
item,pickaxeTauredain,pickaxeTauredain,,Taurethrim Pickaxe,taurethrim_pickaxe,ported,name,
item,pickaxeUruk,pickaxeUruk,,Uruk Pickaxe,uruk_pickaxe,ported,name,
item,pickaxeWoodElven,pickaxeWoodElven,,Wood-elven Pickaxe,wood_elven_pickaxe,ported,name,
item,pikeBlueDwarven,pikeBlueDwarven,,Blue Dwarven Pike,blue_dwarven_pike,ported,name,
item,pikeDale,pikeDale,,Dalish Pitchfork,dale_pitchfork,ported,name,
item,pikeDolGuldur,pikeDolGuldur,,Dol Guldur Spike,dol_guldur_spike,ported,name,
item,pikeDwarven,pikeDwarven,,Dwarven Pike,dwarven_pike,ported,name,
item,pikeGondor,pikeGondor,,Gondorian Pike,gondor_pike,ported,name,
item,pikeGundabadUruk,pikeGundabadUruk,,Gundabad Uruk Pike,gundabad_uruk_pike,ported,name,
item,pikeHalfTroll,pikeHalfTroll,,Half-troll Pike,half_troll_pike,ported,name,
item,pikeHarad,pikeHarad,,Haradric Pike,haradric_pike,ported,name,
item,pikeIron,pikeIron,,Iron Pike,iron_pike,ported,name,
item,pikeNearHarad,pikeNearHarad,,Umbaric Pike,umbaric_pike,ported,name,
item,pikeRhun,pikeRhun,,Rhûnic Pike,rhunic_pike,ported,name,
item,pikeTauredain,pikeTauredain,,Taurethrim Pike,taurethrim_pike,ported,name,
item,pikeUruk,pikeUruk,,Uruk Pike,uruk_pike,ported,name,
item,pipeweed,pipeweed,,Pipe-weed,pipeweed,ported,name,also: pipeweed_crop
item,pipeweedLeaf,pipeweedLeaf,,Pipe-weed Leaf,pipeweed_leaf,ported,name,
item,pipeweedSeeds,pipeweedSeeds,,Pipe-weed Seeds,pipeweed_seeds,ported,name,
item,plate,plate,,Fine Plate,fine_plate,ported,name,
item,plum,plum,,Plum,plum,ported,name,
item,polearmAngmar,polearmAngmar,,Angmar Poleaxe,angmar_poleaxe,ported,name,
item,polearmElven,polearmElven,,Galadhrim Battlestaff,galadhrim_battlestaff,ported,name,
item,polearmHighElven,polearmHighElven,,Lindon Battlestaff,lindon_battlestaff,ported,name,
item,polearmOrc,polearmOrc,,Mordor Warscythe,mordor_warscythe,ported,name,
item,polearmRhun,polearmRhun,,Rhûnic Bardiche,rhunic_bardiche,ported,name,
item,polearmRivendell,polearmRivendell,,Rivendell Battlestaff,rivendell_battlestaff,ported,name,
item,polearmWoodElven,polearmWoodElven,,Wood-elven Battlestaff,wood_elven_battlestaff,ported,name,
item,poleaxeNearHarad,poleaxeNearHarad,,Umbaric Poleaxe,umbaric_poleaxe,ported,name,
item,pomegranate,pomegranate,,Pomegranate,pomegranate,ported,name,
item,pouch,pouch,0,Small Pouch,,excluded,rule,
item,pouch,pouch,1,Medium Pouch,,excluded,rule,
item,pouch,pouch,2,Large Pouch,,excluded,rule,
item,quenditeCrystal,quenditeCrystal,,Edhelvir,edhelvir,ported,name,
item,rabbitCooked,rabbitCooked,,Cooked Rabbit,,vanilla,override,user confirmed vanilla duplicate
item,rabbitRaw,rabbitRaw,,Raw Rabbit,,vanilla,override,user confirmed vanilla duplicate
item,rabbitStew,rabbitStew,,Rabbit Stew,rabbit_stew,ported,name,
item,raisins,raisins,,Raisins,raisins,ported,name,
item,rangerBow,rangerBow,,Ranger Bow,ranger_bow,ported,name,
item,raspberry,raspberry,,Raspberries,raspberries,ported,name,
item,redBook,redBook,,Red Book,red_book,ported,name,
item,redClayBall,redClayBall,,Red Clay,red_clay,ported,name,
item,rhinoArmorHalfTroll,rhinoArmorHalfTroll,,Half-troll Rhino Armor,half_troll_rhino_armor,ported,name,
item,rhinoCooked,rhinoCooked,,Cooked Rhino,cooked_rhino,ported,name,
item,rhinoHorn,rhinoHorn,,Rhino Horn,rhino_horn,ported,name,
item,rhinoRaw,rhinoRaw,,Raw Rhino,raw_rhino,ported,name,
item,rhunBow,rhunBow,,Rhûnic Bow,rhunic_bow,ported,name,
item,rhunFirePot,rhunFirePot,,Rhûnic Fire-pot,rhunic_fire_pot,ported,name,
item,ringil,ringil,,Ringil,ringil,ported,name,
item,rivendellBow,rivendellBow,,Rivendell Bow,rivendell_bow,ported,name,
item,rohanBow,rohanBow,,Rohirric Bow,rohirric_bow,ported,name,
item,rollingPin,rollingPin,,Rolling Pin,rolling_pin,ported,name,
item,ruby,ruby,,Ruby,ruby,ported,name,
item,salt,salt,,Salt,salt,ported,name,
item,saltedFlesh,saltedFlesh,,Suspicious Meat,suspicious_meat,ported,name,
item,saltpeter,saltpeter,,Niter,niter,ported,name,
item,sapphire,sapphire,,Sapphire,sapphire,ported,name,
item,sauronMace,sauronMace,,Mace of Sauron,sauron_mace,ported,name,
item,scimitarBlackUruk,scimitarBlackUruk,,Black Uruk Cleaver,black_uruk_cleaver,ported,name,
item,scimitarHalfTroll,scimitarHalfTroll,,Half-troll Scimitar,half_troll_scimitar,ported,name,
item,scimitarNearHarad,scimitarNearHarad,,Umbaric Scimitar,umbaric_scimitar,ported,name,
item,scimitarOrc,scimitarOrc,,Mordor Scimitar,mordor_scimitar,ported,name,
item,scimitarUruk,scimitarUruk,,Uruk Cleaver,uruk_cleaver,ported,name,
item,scimitarUrukBerserker,scimitarUrukBerserker,,Uruk Berserker Cleaver,uruk_berserker_cleaver,ported,name,
item,seedsGrapeRed,seedsGrapeRed,,Red Grape Seeds,red_grape_seeds,ported,name,
item,seedsGrapeWhite,seedsGrapeWhite,,Green Grape Seeds,green_grape_seeds,ported,name,
item,shishKebab,shishKebab,,Shish Kebab,shish_kebab,ported,name,
item,shovelAngmar,shovelAngmar,,Angmar Shovel,angmar_shovel,ported,name,
item,shovelBlueDwarven,shovelBlueDwarven,,Blue Dwarven Shovel,blue_dwarven_shovel,ported,name,
item,shovelBronze,shovelBronze,,Bronze Shovel,bronze_shovel,ported,name,
item,shovelDolGuldur,shovelDolGuldur,,Dol Guldur Shovel,dol_guldur_shovel,ported,name,
item,shovelDwarven,shovelDwarven,,Dwarven Shovel,dwarven_shovel,ported,name,
item,shovelElven,shovelElven,,Galadhrim Shovel,galadhrim_shovel,ported,name,
item,shovelHighElven,shovelHighElven,,Lindon Shovel,lindon_shovel,ported,name,
item,shovelMallorn,shovelMallorn,,Mallorn Shovel,mallorn_shovel,ported,name,
item,shovelMithril,shovelMithril,,Mithril Shovel,mithril_shovel,ported,name,
item,shovelOrc,shovelOrc,,Mordor Shovel,mordor_shovel,ported,name,
item,shovelRivendell,shovelRivendell,,Rivendell Shovel,rivendell_shovel,ported,name,
item,shovelTauredain,shovelTauredain,,Taurethrim Shovel,taurethrim_shovel,ported,name,
item,shovelUruk,shovelUruk,,Uruk Shovel,uruk_shovel,ported,name,
item,shovelWoodElven,shovelWoodElven,,Wood-elven Shovel,wood_elven_shovel,ported,name,
item,silver,silver,,Silver Ingot,silver_ingot,ported,name,
item,silverNugget,silverNugget,,Silver Nugget,silver_nugget,ported,name,
item,silverRing,silverRing,,Silver Ring,silver_ring,ported,name,
item,skullCup,skullCup,,Skull Cup,skull_cup,ported,name,also: skull_cup_block
item,sling,sling,,Sling,sling,ported,name,
item,spawnEgg,spawnEgg,,Spawn,,missing,override,user: keep; add with NPCs/animals (Track D)
item,spearAngmar,spearAngmar,,Angmar Spear,angmar_spear,ported,name,
item,spearArnor,spearArnor,,Arnorian Spear,arnor_spear,ported,name,
item,spearBlackNumenorean,spearBlackNumenorean,,Black Númenórean Spear,black_numenorean_spear,ported,name,
item,spearBlackUruk,spearBlackUruk,,Black Uruk Spear,black_uruk_spear,ported,name,
item,spearBladorthin,spearBladorthin,,Spear of Bladorthin,bladorthin_spear,ported,name,
item,spearBlueDwarven,spearBlueDwarven,,Blue Dwarven Spear,blue_dwarven_spear,ported,name,
item,spearBronze,spearBronze,,Bronze Spear,bronze_spear,ported,name,
item,spearCorsair,spearCorsair,,Corsair Harpoon,corsair_harpoon,ported,name,
item,spearDale,spearDale,,Dalish Spear,dale_spear,ported,name,
item,spearDolGuldur,spearDolGuldur,,Dol Guldur Spear,dol_guldur_spear,ported,name,
item,spearDwarven,spearDwarven,,Dwarven Spear,dwarven_spear,ported,name,
item,spearElven,spearElven,,Galadhrim Spear,galadhrim_spear,ported,name,
item,spearGondor,spearGondor,,Gondorian Spear,gondor_spear,ported,name,
item,spearGundabadUruk,spearGundabadUruk,,Gundabad Uruk Spear,gundabad_uruk_spear,ported,name,
item,spearHarad,spearHarad,,Haradric Spear,haradric_spear,ported,name,
item,spearHighElven,spearHighElven,,Lindon Spear,lindon_spear,ported,name,
item,spearIron,spearIron,,Iron Spear,iron_spear,ported,name,
item,spearMithril,spearMithril,,Mithril Spear,mithril_spear,ported,name,
item,spearMoredain,spearMoredain,,Morwaith Spear,morwaith_spear,ported,name,
item,spearNearHarad,spearNearHarad,,Umbaric Spear,umbaric_spear,ported,name,
item,spearOrc,spearOrc,,Mordor Spear,mordor_spear,ported,name,
item,spearRhun,spearRhun,,Rhûnic Spear,rhunic_spear,ported,name,
item,spearRivendell,spearRivendell,,Rivendell Spear,rivendell_spear,ported,name,
item,spearRohan,spearRohan,,Rohirric Spear,rohirric_spear,ported,name,
item,spearStone,spearStone,,Stone Spear,stone_spear,ported,name,
item,spearTauredain,spearTauredain,,Taurethrim Spear,taurethrim_spear,ported,name,
item,spearUruk,spearUruk,,Uruk Spear,uruk_spear,ported,name,
item,spearUtumno,spearUtumno,,Utumno Spear,utumno_spear,ported,name,
item,spearWoodElven,spearWoodElven,,Wood-elven Spear,wood_elven_spear,ported,name,
item,sting,sting,,Sting,sting,ported,name,
item,strawBedItem,strawBed,,Straw Bed,straw_bed,ported,name,
item,structureSpawner,structureSpawner,,Build,,missing,,
item,sulfur,sulfur,,Sulfur,sulfur,ported,name,
item,sulfurMatch,sulfurMatch,,Sulfur Match,sulfur_match,ported,name,
item,swanFeather,swanFeather,,Swan Feather,swan_feather,ported,name,
item,swordAngmar,swordAngmar,,Angmar Sword,angmar_sword,ported,name,
item,swordArnor,swordArnor,,Arnorian Sword,arnor_sword,ported,name,
item,swordBlackNumenorean,swordBlackNumenorean,,Black Númenórean Sword,black_numenorean_sword,ported,name,
item,swordBlueDwarven,swordBlueDwarven,,Blue Dwarven Sword,blue_dwarven_sword,ported,name,
item,swordBronze,swordBronze,,Bronze Sword,bronze_sword,ported,name,
item,swordCorsair,swordCorsair,,Corsair Eket,corsair_eket,ported,name,
item,swordDale,swordDale,,Dalish Sword,dale_sword,ported,name,
item,swordDolAmroth,swordDolAmroth,,Dol Amroth Sword,dol_amroth_sword,ported,name,
item,swordDolGuldur,swordDolGuldur,,Dol Guldur Sword,dol_guldur_sword,ported,name,
item,swordDorwinionElf,swordDorwinionElf,,Dorwinion Elven Sword,dorwinion_elven_sword,ported,name,
item,swordDwarven,swordDwarven,,Dwarven Sword,dwarven_sword,ported,name,
item,swordElven,swordElven,,Galadhrim Sword,galadhrim_sword,ported,name,
item,swordGondolin,swordGondolin,,Gondolinian Sword,gondolin_sword,ported,name,
item,swordGondor,swordGondor,,Gondorian Sword,gondor_sword,ported,name,
item,swordGulfHarad,swordGulfHarad,,Gulfen Khopesh,gulfen_khopesh,ported,name,
item,swordGundabadUruk,swordGundabadUruk,,Gundabad Uruk Cleaver,gundabad_uruk_cleaver,ported,name,
item,swordHarad,swordHarad,,Haradric Sword,haradric_sword,ported,name,
item,swordHighElven,swordHighElven,,Lindon Sword,lindon_sword,ported,name,
item,swordMallorn,swordMallorn,,Mallorn Sword,mallorn_sword,ported,name,
item,swordMithril,swordMithril,,Mithril Sword,mithril_sword,ported,name,
item,swordMoredain,swordMoredain,,Morwaith Sword,morwaith_sword,ported,name,
item,swordPelargir,swordPelargir,,Pelargir Eket,pelargir_eket,ported,name,
item,swordRhun,swordRhun,,Rhûnic Sword,rhunic_sword,ported,name,
item,swordRivendell,swordRivendell,,Rivendell Sword,rivendell_sword,ported,name,
item,swordRohan,swordRohan,,Rohirric Sword,rohirric_sword,ported,name,
item,swordTauredain,swordTauredain,,Taurethrim Sword,taurethrim_sword,ported,name,
item,swordUtumno,swordUtumno,,Utumno Sword,utumno_sword,ported,name,
item,swordWoodElven,swordWoodElven,,Wood-elven Sword,wood_elven_sword,ported,name,
item,tauredainAmulet,tauredainAmulet,,Taurethrim Amulet,taurethrim_amulet,ported,name,
item,tauredainBlowgun,tauredainBlowgun,,Taurethrim Blowgun,taurethrim_blowgun,ported,name,
item,tauredainDart,tauredainDart,,Taurethrim Dart,taurethrim_dart,ported,name,
item,tauredainDartPoisoned,tauredainDartPoisoned,,Poisoned Taurethrim Dart,poisoned_taurethrim_dart,ported,name,
item,tauredainDoubleTorchItem,tauredainDoubleTorch,,Taurethrim Torch,tauredain_double_torch,ported,name,
item,termite,termite,,Exploding Termite,exploding_termite,ported,name,
item,throwingAxeBlueDwarven,throwingAxeBlueDwarven,,Blue Dwarven Throwing Axe,blue_dwarven_throwing_axe,ported,name,
item,throwingAxeBronze,throwingAxeBronze,,Bronze Throwing Axe,bronze_throwing_axe,ported,name,
item,throwingAxeDwarven,throwingAxeDwarven,,Dwarven Throwing Axe,dwarven_throwing_axe,ported,name,
item,throwingAxeIron,throwingAxeIron,,Iron Throwing Axe,iron_throwing_axe,ported,name,
item,throwingAxeLossarnach,throwingAxeLossarnach,,Lossarnach Throwing Axe,lossarnach_throwing_axe,ported,name,
item,tin,tin,,Tin Ingot,tin_ingot,ported,name,
item,topaz,topaz,,Topaz,topaz,ported,name,
item,torogStew,torogStew,,Torog Stew,torog_stew,ported,name,
item,tridentPelargir,tridentPelargir,,Pelargir Trident,pelargir_trident,ported,name,
item,trollBone,trollBone,,Troll Bone,troll_bone,ported,name,
item,trollStatue,trollStatue,0,Troll Statue #1,troll_statue[0],ported,name,
item,trollStatue,trollStatue,1,Troll Statue #2,troll_statue[1],ported,name,
item,trollStatue,trollStatue,2,Troll Statue #3,troll_statue[2],ported,name,
item,turnip,turnip,,Turnip,turnip,ported,name,
item,turnipCooked,turnipCooked,,Roast Turnip,roast_turnip,ported,name,
item,urukCrossbow,urukCrossbow,,Uruk Crossbow,uruk_crossbow,ported,name,
item,urukSteel,urukSteel,,Uruk Steel Ingot,uruk_steel_ingot,ported,name,
item,utumnoBow,utumnoBow,,Utumno Bow,utumno_bow,ported,name,
item,utumnoKey,utumnoKey,0,Key of Ice,key_of_ice,ported,name,
item,utumnoKey,utumnoKey,1,Key of Obsidian,key_of_obsidian,ported,name,
item,utumnoKey,utumnoKey,2,Key Handle,ice_key_handle,ported,name,also: obsidian_key_handle
item,utumnoKey,utumnoKey,3,Key Shaft,ice_key_shaft,ported,name,also: obsidian_key_shaft
item,utumnoKey,utumnoKey,4,Key Pin,ice_key_pin,ported,name,also: obsidian_key_pin
item,utumnoKey,utumnoKey,5,Key Handle,ice_key_handle,ported,name,also: obsidian_key_handle
item,utumnoKey,utumnoKey,6,Key Shaft,ice_key_shaft,ported,name,also: obsidian_key_shaft
item,utumnoKey,utumnoKey,7,Key Pin,ice_key_pin,ported,name,also: obsidian_key_pin
item,utumnoPickaxe,utumnoPickaxe,,Pickaxe of the Underworld,utumno_pickaxe,ported,name,
item,wargArmorAngmar,wargArmorAngmar,,Angmar Warg Armor,angmar_warg_armor,ported,name,
item,wargArmorMordor,wargArmorMordor,,Mordor Warg Armor,mordor_warg_armor,ported,name,
item,wargArmorUruk,wargArmorUruk,,Isengard Warg Armor,isengard_warg_armor,ported,name,
item,wargBone,wargBone,,Warg Bone,warg_bone,ported,name,
item,fur,wargFur,,Fur,fur,ported,name,
item,furBedItem,wargFurBed,,Fur Bed,fur_bed,ported,name,
item,wargskinRug,wargskinRug,,Wargskin Rug,,missing,,
item,waterskin,waterskin,,Waterskin,waterskin,ported,name,
item,wildberry,wildberry,,Wildberries,wildberries,ported,name,
item,wineGlass,wineGlass,,Wine Glass,wine_glass,ported,name,also: wine_glass_block
item,woodElvenBedItem,woodElvenBed,,Wood-elven Bed,wood_elven_bed,ported,name,
item,woodPlate,woodPlate,,Wooden Plate,wooden_plate,ported,name,
item,yam,yam,,Yam,yam,ported,name,
item,yamRoast,yamRoast,,Roast Yam,roast_yam,ported,name,
item,zebraCooked,zebraCooked,,Cooked Zebra,cooked_zebra,ported,name,
item,zebraRaw,zebraRaw,,Raw Zebra,raw_zebra,ported,name,
