group,old_key,old_text
lotr.menu,lotr.menu.title,The Lord of the Rings Mod: Bringing Middle-earth to Minecraft
lotr.config,lotr.config.dimension,Dimension IDs
lotr.config,lotr.config.gameplay,Gameplay
lotr.config,lotr.config.gui,Display & GUI
lotr.config,lotr.config.environment,Environment & World
lotr.config,lotr.config.misc,Miscellaneous
generator.middleEarth,generator.middleEarth.info,Spawn directly into Middle-earth
generator.meClassic,generator.meClassic,M.E. Classic
generator.meClassic,generator.meClassic.info,"Spawn directly into Middle-earth, with random biome generation"
tile.dirt,tile.dirt.coarse.name,Barren Dirt
tile.stoneSlab,tile.stoneSlab.stone.name,Smooth Stone Slab
tile.stairsStone,tile.stairsStone.name,Cobblestone Stairs
tile.trapdoor,tile.trapdoor.name,Oak Trapdoor
tile.monsterStoneEgg,tile.monsterStoneEgg.stone.name,Silverfish Block
tile.monsterStoneEgg,tile.monsterStoneEgg.cobble.name,Silverfish Block
tile.monsterStoneEgg,tile.monsterStoneEgg.brick.name,Silverfish Block
tile.monsterStoneEgg,tile.monsterStoneEgg.mossybrick.name,Silverfish Block
tile.monsterStoneEgg,tile.monsterStoneEgg.crackedbrick.name,Silverfish Block
tile.monsterStoneEgg,tile.monsterStoneEgg.chiseledbrick.name,Silverfish Block
tile.fenceGate,tile.fenceGate.name,Oak Fence Gate
item.doorWood,item.doorWood.name,Oak Door
tile.lotr,tile.lotr.fenceVanilla.0.name,Oak Fence
tile.lotr,tile.lotr.fenceVanilla.1.name,Spruce Fence
tile.lotr,tile.lotr.fenceVanilla.2.name,Birch Fence
tile.lotr,tile.lotr.fenceVanilla.3.name,Jungle Fence
tile.lotr,tile.lotr.fenceVanilla.4.name,Acacia Fence
tile.lotr,tile.lotr.fenceVanilla.5.name,Dark Oak Fence
tile.lotr,tile.lotr.fallenLeaves,Fallen %s
item.lotr,item.lotr.crossbow.loaded,%s (Loaded)
item.lotr,item.lotr.crossbow.loadedItem,Loaded with: %s
item.lotr,item.lotr.hat.dyed,Dyed
item.lotr,item.lotr.hat.feathered,Feathered
item.lotr,item.lotr.pouch.slots,%d of %d slots in use
item.lotr,item.lotr.pouch.dyed,Dyed
item.lotr,item.lotr.banner.protect,Carries protection data
item.lotr,item.lotr.banner.toggleRepossess,%s-click while placing to keep banner's previous owner
item.lotr,item.lotr.redBook.activeQuests,%d active quests
item.lotr,item.lotr.haradRobes.dyed,Dyed
item.lotr,item.lotr.haradRobes.ornament,Ornament
item.lotr,item.lotr.brandingIron.unnamed,Unnamed %s
item.lotr,item.lotr.generic.stolen,§c§lSTOLEN§r§c from: %s!
item.lotr,item.lotr.generic.stolenWanted,§c%s wants this
item.lotr,item.lotr.generic.squadron,Company: %s
death.attack,death.attack.lotr.frost,%1$s succumbed to the cold
lotr.weaponstat,lotr.weaponstat.meleeDamage,Melee Damage: +%d
lotr.weaponstat,lotr.weaponstat.meleeSpeed,Melee Speed: %d%%
lotr.weaponstat,lotr.weaponstat.reach,Melee Reach: %d%%
lotr.weaponstat,lotr.weaponstat.kb,Knockback: +%d
lotr.weaponstat,lotr.weaponstat.rangedSpeed,Draw Speed: %d%%
lotr.weaponstat,lotr.weaponstat.rangedDamage,Ranged Damage: %d%%
lotr.weaponstat,lotr.weaponstat.range,Range: %d%%
lotr.weaponstat,lotr.weaponstat.poison,Inflicts poison
lotr.weaponstat,lotr.weaponstat.protection,Common Protection: +%d (%d%%)
lotr.enchant,lotr.enchant.baneElf,Elfbane
lotr.enchant,lotr.enchant.baneElf.desc,%s melee damage vs. Elves
lotr.enchant,lotr.enchant.baneElf.earn,"Your %s has claimed the lives of many Elves, and it shall be their bane evermore!"
lotr.enchant,lotr.enchant.baneElf.earnName,"%s's %s has claimed the lives of many Elves, and it shall be their bane evermore!"
lotr.enchant,lotr.enchant.baneOrc,Orcbane
lotr.enchant,lotr.enchant.baneOrc.desc,%s melee damage vs. Orcs
lotr.enchant,lotr.enchant.baneOrc.earn,"Your %s has claimed the lives of many Orcs, and it shall be their bane evermore!"
lotr.enchant,lotr.enchant.baneOrc.earnName,"%s's %s has claimed the lives of many Orcs, and it shall be their bane evermore!"
lotr.enchant,lotr.enchant.baneDwarf,Dwarfbane
lotr.enchant,lotr.enchant.baneDwarf.desc,%s melee damage vs. Dwarves
lotr.enchant,lotr.enchant.baneDwarf.earn,"Your %s has claimed the lives of many Dwarves, and it shall be their bane evermore!"
lotr.enchant,lotr.enchant.baneDwarf.earnName,"%s's %s has claimed the lives of many Dwarves, and it shall be their bane evermore!"
lotr.enchant,lotr.enchant.baneWarg,Wargbane
lotr.enchant,lotr.enchant.baneWarg.desc,%s melee damage vs. Wargs
lotr.enchant,lotr.enchant.baneWarg.earn,"Your %s has claimed the lives of many Wargs, and it shall be their bane evermore!"
lotr.enchant,lotr.enchant.baneWarg.earnName,"%s's %s has claimed the lives of many Wargs, and it shall be their bane evermore!"
lotr.enchant,lotr.enchant.baneTroll,Trollbane
lotr.enchant,lotr.enchant.baneTroll.desc,%s melee damage vs. Trolls
lotr.enchant,lotr.enchant.baneTroll.earn,"Your %s has claimed the lives of many Trolls, and it shall be their bane evermore!"
lotr.enchant,lotr.enchant.baneTroll.earnName,"%s's %s has claimed the lives of many Trolls, and it shall be their bane evermore!"
lotr.enchant,lotr.enchant.baneWraith,Wraithbane
lotr.enchant,lotr.enchant.baneWraith.desc,Slays Marsh Wraiths
lotr.enchant,lotr.enchant.break1,Brittle
lotr.enchant,lotr.enchant.break2,Shoddy
lotr.creativetab,lotr.creativetab.blocks,Middle-earth Blocks
lotr.creativetab,lotr.creativetab.util,Middle-earth Utilities
lotr.creativetab,lotr.creativetab.decorations,Middle-earth Decorations
lotr.creativetab,lotr.creativetab.food,Middle-earth Food and Drink
lotr.creativetab,lotr.creativetab.materials,Middle-earth Materials
lotr.creativetab,lotr.creativetab.misc,Middle-earth Miscellaneous
lotr.creativetab,lotr.creativetab.tools,Middle-earth Tools
lotr.creativetab,lotr.creativetab.combat,Middle-earth Combat
lotr.creativetab,lotr.creativetab.story,Middle-earth Story
lotr.creativetab,lotr.creativetab.spawning,Middle-earth Spawning
container.lotr,container.lotr.crafting.elven,Galadhrim Crafting
container.lotr,container.lotr.crafting.woodElven,Wood-elven Crafting
container.lotr,container.lotr.crafting.nearHarad,Haradric Crafting
container.lotr,container.lotr.crafting.highElven,Lindon Crafting
container.lotr,container.lotr.crafting.blueDwarven,Blue Mountains Crafting
container.lotr,container.lotr.crafting.moredain,Morwaith Crafting
container.lotr,container.lotr.crafting.tauredain,Taurethrim Crafting
container.lotr,container.lotr.crafting.dale,Dalish Crafting
container.lotr,container.lotr.crafting.rhun,Rhûnic Crafting
container.lotr,container.lotr.crafting.umbar,Umbaric Crafting
container.lotr,container.lotr.crafting.gulf,Gulfen Crafting
container.lotr,container.lotr.crafting.bree,Bree-land Crafting
container.lotr,container.lotr.armorStand,Armor Stand
container.lotr,container.lotr.dartTrap,Dart Trap
container.lotr,container.lotr.smith,Smith
container.lotr,container.lotr.smith.cost,Coin Cost: %d
container.lotr,container.lotr.bookshelf,Bookshelf
container.lotr,container.lotr.beacon.lit,The beacon of %s is lit!
container.lotr,container.lotr.beacon.unlit,The beacon of %s is quenched
container.lotr,container.lotr.trade.buy,Buy
container.lotr,container.lotr.trade.sell,Sell
container.lotr,container.lotr.trade.sellOffer,Sell offers
container.lotr,container.lotr.trade.sellPrice,x %d
container.lotr,container.lotr.trade.locked,...
container.lotr,container.lotr.unitTrade.requiresAlignment,Requires +%d alignment
container.lotr,container.lotr.unitTrade.pledge,More...
container.lotr,container.lotr.unitTrade.squadronBox,Assign company?
container.lotr,container.lotr.coinExchange,Coin Exchange
lotr.miniquest,lotr.miniquest.collect,Collect %d %s
lotr.miniquest,lotr.miniquest.collect.progress,%d of %d given
lotr.miniquest,lotr.miniquest.kill,Slay %d %s
lotr.miniquest,lotr.miniquest.kill.progress,%d of %d slain
lotr.miniquest,lotr.miniquest.retrieve1,Retrieve the lost %s
lotr.miniquest,lotr.miniquest.retrieveMany,Retrieve the lost %d %s
lotr.miniquest,lotr.miniquest.retrieve.progress,%d of %d given
lotr.miniquest,lotr.miniquest.bounty,Find and slay %s
lotr.miniquest,lotr.miniquest.bounty.progress.notSlain,Not yet slain
lotr.miniquest,lotr.miniquest.bounty.progress.slain,Slain
lotr.miniquest,lotr.miniquest.bounty.claimed,The bounty on %s was claimed by another. The quest has failed.
lotr.miniquest,lotr.miniquest.bounty.claimed.short,Bounty claimed by another
lotr.miniquest,lotr.miniquest.bounty.killedBy,"My target, %s, has defeated me! Curses!"
lotr.miniquest,lotr.miniquest.bounty.killedBy.short,Killed by target
lotr.miniquest,lotr.miniquest.pickpocket,Pickpocket %d %s and deliver the stolen goods
lotr.miniquest,lotr.miniquest.pickpocket.progress,%d of %d delivered
lotr.miniquest,lotr.miniquest.progressShort,%d / %d
lotr.miniquest,lotr.miniquest.welcome.speak,Speak with the Grey Wanderer
lotr.miniquest,lotr.miniquest.welcome.book,Open the Red Book
lotr.miniquest,lotr.miniquest.welcome.map,Press '%s' to open the map
lotr.miniquest,lotr.miniquest.welcome.align,Use '%s' and '%s' to cycle alignment factions
lotr.miniquest,lotr.miniquest.welcome.alignRegions,Use '%s' and '%s' to cycle alignment regions
lotr.miniquest,lotr.miniquest.welcome.factions,Press '%s' to open the factions guide
lotr.gui,lotr.gui.miniquestOffer.accept,Accept
lotr.gui,lotr.gui.miniquestOffer.decline,Decline
lotr.gui,lotr.gui.redBook.page.miniquests,Mini-Quests
lotr.gui,lotr.gui.redBook.mq.viewActive,Active
lotr.gui,lotr.gui.redBook.mq.viewComplete,Completed
lotr.gui,lotr.gui.redBook.mq.numActive,Active Mini-Quests: %d
lotr.gui,lotr.gui.redBook.mq.numComplete,Completed Mini-Quests: %d
lotr.gui,lotr.gui.redBook.mq.dead,Quest giver has died
lotr.gui,lotr.gui.redBook.mq.movedOn,Quest giver has moved on
lotr.gui,lotr.gui.redBook.mq.tracking,Tracking progress!
lotr.gui,lotr.gui.redBook.mq.complete,Completed
lotr.gui,lotr.gui.redBook.mq.delete,Are you sure you want to abandon this mini-quest?
lotr.gui,lotr.gui.redBook.mq.deleteYes,Abandon
lotr.gui,lotr.gui.redBook.mq.deleteNo,Cancel
lotr.gui,lotr.gui.redBook.mq.deleteCmp,Are you sure you want to remove this completed mini-quest record?
lotr.gui,lotr.gui.redBook.mq.deleteCmpYes,Remove
lotr.gui,lotr.gui.redBook.mq.deleteCmpNo,Cancel
lotr.gui,lotr.gui.redBook.mq.diary.quote,"""%s"""
lotr.gui,lotr.gui.redBook.mq.diary.asked,%s has asked me to: %s.
lotr.gui,lotr.gui.redBook.mq.diary.progress,%s.
lotr.gui,lotr.gui.redBook.mq.diary.willHire,"If I fulfil this quest, %s will pledge service to me."
lotr.gui,lotr.gui.redBook.mq.diary.complete,Quest completed!
lotr.gui,lotr.gui.redBook.mq.diary.reward,%s rewarded me with:
lotr.gui,lotr.gui.redBook.mq.diary.reward.align,• %1$s %2$s alignment
lotr.gui,lotr.gui.redBook.mq.diary.reward.coins,• %d coins
lotr.gui,lotr.gui.redBook.mq.diary.reward.item,• %2$d %1$s
lotr.gui,lotr.gui.redBook.mq.diary.reward.book,"• ""%s"""
lotr.gui,lotr.gui.redBook.mq.diary.reward.hired,%s pledged service to me as a result of my deeds.
lotr.gui,lotr.gui.redBook.mq.diary.dead,%s has since died. The quest has failed.
lotr.gui,lotr.gui.redBook.mq.diary.movedOn,%s has since moved on. The quest has failed.
lotr.date,lotr.date.shire,S.R.
lotr.date,lotr.date.shire.long,Shire Reckoning
lotr.date,lotr.date.shire.day.sterday,Sterday
lotr.date,lotr.date.shire.day.sunday,Sunday
lotr.date,lotr.date.shire.day.monday,Monday
lotr.date,lotr.date.shire.day.trewsday,Trewsday
lotr.date,lotr.date.shire.day.hevensday,Hevensday
lotr.date,lotr.date.shire.day.mersday,Mersday
lotr.date,lotr.date.shire.day.highday,Highday
lotr.date,lotr.date.shire.month.yule2,2 Yule
lotr.date,lotr.date.shire.month.afteryule,Afteryule
lotr.date,lotr.date.shire.month.solmath,Solmath
lotr.date,lotr.date.shire.month.rethe,Rethe
lotr.date,lotr.date.shire.month.astron,Astron
lotr.date,lotr.date.shire.month.thrimidge,Thrimidge
lotr.date,lotr.date.shire.month.forelithe,Forelithe
lotr.date,lotr.date.shire.month.lithe1,1 Lithe
lotr.date,lotr.date.shire.month.midyearsday,Mid-year's Day
lotr.date,lotr.date.shire.month.overlithe,Overlithe
lotr.date,lotr.date.shire.month.lithe2,2 Lithe
lotr.date,lotr.date.shire.month.afterlithe,Afterlithe
lotr.date,lotr.date.shire.month.wedmath,Wedmath
lotr.date,lotr.date.shire.month.halimath,Halimath
lotr.date,lotr.date.shire.month.winterfilth,Winterfilth
lotr.date,lotr.date.shire.month.blotmath,Blotmath
lotr.date,lotr.date.shire.month.foreyule,Foreyule
lotr.date,lotr.date.shire.month.yule1,1 Yule
lotr.gui,lotr.gui.menu,%s Menu
lotr.gui,lotr.gui.menuButton,Menu
lotr.gui,lotr.gui.map,Map
lotr.gui,lotr.gui.achievements,Achievements
lotr.gui,lotr.gui.fellowships,Fellowships
lotr.gui,lotr.gui.titles,Titles
lotr.gui,lotr.gui.shields,Shields
lotr.gui,lotr.gui.options,Options
lotr.gui,lotr.gui.time.hours,%dh
lotr.gui,lotr.gui.time.minutes,%dm
lotr.gui,lotr.gui.time.seconds,%ds
lotr.gui,lotr.gui.time.format.hms,%s %s %s
lotr.gui,lotr.gui.time.format.s,%s
lotr.gui,lotr.gui.map.title,Middle-earth Map
lotr.gui,lotr.gui.map.coords,"x: %d, z: %d"
lotr.gui,lotr.gui.map.coordsY,"x: %d, y: %d, z: %d"
lotr.gui,lotr.gui.map.locked.enemy,This waypoint is not available for enemy players
lotr.gui,lotr.gui.map.locked.conquerable,(You can unlock it through %s conquest)
lotr.gui,lotr.gui.map.locked.region,Unlock this waypoint by visiting its region
lotr.gui,lotr.gui.map.locked.shared,Unlock this shared waypoint by visting the nearby area
lotr.gui,lotr.gui.map.fastTravel.prompt,Press '%s' to fast travel to the selected waypoint
lotr.gui,lotr.gui.map.fastTravel.moreTime,You can fast travel to the selected waypoint in: %s
lotr.gui,lotr.gui.map.fastTravel.waitTime,(Waypoint wait time: %s. Decreases after each travel here)
lotr.gui,lotr.gui.map.tp,Press '%s' to /tp
lotr.gui,lotr.gui.map.controlZones,Displaying %s areas of influence
lotr.gui,lotr.gui.map.controlZonesDisabled,Areas of influence are disabled in this world!
lotr.gui,lotr.gui.map.controlZoneFull,Full alignment area
lotr.gui,lotr.gui.map.controlZoneReduced,Reduced alignment area
lotr.gui,lotr.gui.map.conquest.title,%s: Conquest Map
lotr.gui,lotr.gui.map.conquest.wait,Gathering conquest records
lotr.gui,lotr.gui.map.conquest.noPledge,You must pledge service to a faction before you can engage in conquest.
lotr.gui,lotr.gui.map.conquest.needRank,"You are pledged to %s, so you can view their conquest, and the conquests of their allies, enemies, and mortal enemies.\n\nTo see all other faction conquests (neutral and friendly), you must reach the rank of %s (%s alignment)."
lotr.gui,lotr.gui.map.conquest.allyBoost,Only aids %s allies
lotr.gui,lotr.gui.map.conquest.noEffect,No effect
lotr.gui,lotr.gui.map.conquest.notif,conquest in this area
lotr.gui,lotr.gui.map.widget.addCWP,Create custom waypoint
lotr.gui,lotr.gui.map.widget.delCWP,Delete custom waypoint
lotr.gui,lotr.gui.map.widget.renameCWP,Rename custom waypoint
lotr.gui,lotr.gui.map.widget.toggleWPs,Toggle waypoints
lotr.gui,lotr.gui.map.widget.toggleCWPs,Toggle custom waypoints
lotr.gui,lotr.gui.map.widget.toggleHiddenSWPs,Toggle hidden shared waypoints
lotr.gui,lotr.gui.map.widget.zoomIn,Zoom in
lotr.gui,lotr.gui.map.widget.zoomOut,Zoom out
lotr.gui,lotr.gui.map.widget.fullScreen,Toggle fullscreen
lotr.gui,lotr.gui.map.widget.sepia,Toggle sepia
lotr.gui,lotr.gui.map.widget.labels,Toggle labels
lotr.gui,lotr.gui.map.widget.shareCWP,Open custom waypoint to Fellowships
lotr.gui,lotr.gui.map.widget.hideSWP,Hide shared waypoint
lotr.gui,lotr.gui.map.widget.unhideSWP,Unhide shared waypoint
lotr.gui,lotr.gui.map.customWaypoint.allUsed.1,You have used all of %d custom waypoints
lotr.gui,lotr.gui.map.customWaypoint.allUsed.2,Earn more Middle-earth achievements or delete existing waypoints if you wish to add more
lotr.gui,lotr.gui.map.customWaypoint.create.1,You have used %d of %d custom waypoints
lotr.gui,lotr.gui.map.customWaypoint.create.2,Additional custom waypoints can be unlocked by earning more Middle-earth achievements
lotr.gui,lotr.gui.map.customWaypoint.create.button,Create New Waypoint
lotr.gui,lotr.gui.map.customWaypoint.createNew.1,Custom waypoint name:
lotr.gui,lotr.gui.map.customWaypoint.createNew.button,Create Waypoint
lotr.gui,lotr.gui.map.customWaypoint.delete.1,Are you sure you want to delete the waypoint %s?
lotr.gui,lotr.gui.map.customWaypoint.delete.button,Delete Waypoint
lotr.gui,lotr.gui.map.customWaypoint.rename.1,Rename %s:
lotr.gui,lotr.gui.map.customWaypoint.rename.button,Rename Waypoint
lotr.gui,lotr.gui.map.customWaypoint.protected.1,%s
lotr.gui,lotr.gui.map.customWaypoint.protected.2,You cannot create a custom waypoint here
lotr.gui,lotr.gui.map.customWaypoint.share.1,Sharing %s with Fellowships will allow other players to use the waypoint after they have visited the nearby area
lotr.gui,lotr.gui.map.customWaypoint.share.button,Share with new Fellowship
lotr.gui,lotr.gui.map.customWaypoint.shareNew.1,Share %s with new Fellowship:
lotr.gui,lotr.gui.map.customWaypoint.shareNew.button,Share with Fellowship
lotr.gui,lotr.gui.map.customWaypoint.shareNew.already,Already shared!
lotr.gui,lotr.gui.factions.title,%s Factions
lotr.gui,lotr.gui.factions.titleOther,Viewing %s's alignments
lotr.gui,lotr.gui.factions.pageOther,%s's alignment
lotr.gui,lotr.gui.factions.alignment,Alignment:
lotr.gui,lotr.gui.factions.alignment.state,(%s)
lotr.gui,lotr.gui.factions.alignment.limits,%s (%s)
lotr.gui,lotr.gui.factions.data.enemiesKilled,Enemies Slain: %d
lotr.gui,lotr.gui.factions.data.trades,Trades Made: %d
lotr.gui,lotr.gui.factions.data.hires,Units Hired: %d
lotr.gui,lotr.gui.factions.data.miniquests,Mini-Quests Completed: %d
lotr.gui,lotr.gui.factions.data.conquest,Conquest Earned: %d
lotr.gui,lotr.gui.factions.data.npcsKilled,NPCs Slain: %d
lotr.gui,lotr.gui.factions.relationHeader,%s:
lotr.gui,lotr.gui.factions.list,• %s
lotr.gui,lotr.gui.factions.rankHeader,Ranks:
lotr.gui,lotr.gui.factions.listRank,• %s (%s)
lotr.gui,lotr.gui.factions.viewMap,View areas of influence on the map
lotr.gui,lotr.gui.factions.pledgeReq,(requires %s alignment)
lotr.gui,lotr.gui.factions.pledgeDesc1,"Pledging service to %s will earn their friendship and grant you many special benefits, including the ability to engage in conquest."
lotr.gui,lotr.gui.factions.pledgeDesc2,"If you choose to make this pledge, you may break it at any time - but doing so will incur a large penalty."
lotr.gui,lotr.gui.factions.pledgeBreakCooldown,"You cannot pledge service to %1$s, because the world has not yet forgotten your broken pledge to %2$s."
lotr.gui,lotr.gui.factions.pledgeEnemies,You cannot pledge service to %s while you maintain good relations with their mortal enemies. (%s)
lotr.gui,lotr.gui.factions.enemies1,%s
lotr.gui,lotr.gui.factions.enemies2,"%s, %s"
lotr.gui,lotr.gui.factions.enemies3,"%s, %s, %s"
lotr.gui,lotr.gui.factions.enemies3+,"%s, %s, %s, and %d more..."
lotr.gui,lotr.gui.factions.pledgeLocked,You cannot earn above %1$s alignment because of your pledge to %2$s
lotr.gui,lotr.gui.factions.warCrimesYes,This faction encourages war crimes (the killing of peaceful enemy civilians)
lotr.gui,lotr.gui.factions.warCrimesNo,This faction does not encourage war crimes (the killing of peaceful enemy civilians)
lotr.gui,lotr.gui.achievements.title,%s Achievements (%d/%d)
lotr.gui,lotr.gui.achievements.category,%s (%d/%d)
lotr.gui,lotr.gui.achievements.hover.name,%s
lotr.gui,lotr.gui.achievements.hover.subtitle,%s Achievement: %s
lotr.gui,lotr.gui.fellowships.title,Middle-earth Fellowships
lotr.gui,lotr.gui.fellowships.leading,Leading Fellowships
lotr.gui,lotr.gui.fellowships.member,Other Fellowships
lotr.gui,lotr.gui.fellowships.create,Create a Fellowship
lotr.gui,lotr.gui.fellowships.createLimit,Earn more Middle-earth achievements to lead more Fellowships
lotr.gui,lotr.gui.fellowships.creationDisabled,Fellowship creation is disabled on this server
lotr.gui,lotr.gui.fellowships.createName,Name your Fellowship:
lotr.gui,lotr.gui.fellowships.nameExists,You already belong to this Fellowship!
lotr.gui,lotr.gui.fellowships.createThis,Create Fellowship
lotr.gui,lotr.gui.fellowships.nameAndPlayers,%s (%d members)
lotr.gui,lotr.gui.fellowships.memberCount,%d members
lotr.gui,lotr.gui.fellowships.invite,Invite a player to the Fellowship
lotr.gui,lotr.gui.fellowships.inviteName,Invite a player to %s:
lotr.gui,lotr.gui.fellowships.playerExists,%s is already in this Fellowship!
lotr.gui,lotr.gui.fellowships.inviteThis,Send Invitation
lotr.gui,lotr.gui.fellowships.invite.maxSize,You cannot invite any more players to %s - it has already reached the maximum size of %d members.
lotr.gui,lotr.gui.fellowships.disband,Disband the Fellowship
lotr.gui,lotr.gui.fellowships.disbandCheck1,Are you sure you want to disband %s?
lotr.gui,lotr.gui.fellowships.disbandCheck2,"If you do, it will be lost forever!"
lotr.gui,lotr.gui.fellowships.disbandCheck3,You may wish to transfer the leadership instead.
lotr.gui,lotr.gui.fellowships.disbandThis,Disband Fellowship
lotr.gui,lotr.gui.fellowships.leave,Leave Fellowship
lotr.gui,lotr.gui.fellowships.leaveCheck1,Are you sure you want to leave %s?
lotr.gui,lotr.gui.fellowships.leaveCheck2,You will not be able to return unless invited.
lotr.gui,lotr.gui.fellowships.leaveThis,Leave Fellowship
lotr.gui,lotr.gui.fellowships.setIcon,Set the Fellowship Icon to your current held item
lotr.gui,lotr.gui.fellowships.removeCheck,Are you sure you want to remove %2$s from %1$s?
lotr.gui,lotr.gui.fellowships.remove,Remove Player
lotr.gui,lotr.gui.fellowships.opCheck1,Are you sure you want to make %2$s a guide of %1$s?
lotr.gui,lotr.gui.fellowships.opCheck2,"They will be able to invite and remove members, and toggle Fellowship settings."
lotr.gui,lotr.gui.fellowships.op,Make Guide
lotr.gui,lotr.gui.fellowships.deopCheck,Are you sure you want to remove %2$s as a guide of %1$s?
lotr.gui,lotr.gui.fellowships.deop,Remove Guide
lotr.gui,lotr.gui.fellowships.transferCheck1,Are you sure you want to transfer the leadership of %1$s to %2$s?
lotr.gui,lotr.gui.fellowships.transferCheck2,"If you do, you will lose all leadership rights!"
lotr.gui,lotr.gui.fellowships.transfer,Transfer Fellowship
lotr.gui,lotr.gui.fellowships.rename,Rename the Fellowship
lotr.gui,lotr.gui.fellowships.renameName,Enter a new name for %s:
lotr.gui,lotr.gui.fellowships.renameThis,Rename Fellowship
lotr.gui,lotr.gui.fellowships.invites,Fellowship Invitations
lotr.gui,lotr.gui.fellowships.invitesNone,You don't have any Fellowship invitations!
lotr.gui,lotr.gui.fellowships.invitesTooltip,Invitations
lotr.gui,lotr.gui.fellowships.invited.disbanded,The Fellowship %s has been disbanded since you were invited to join.
lotr.gui,lotr.gui.fellowships.invited.maxSize,You cannot join the Fellowship %s - it has already reached the maximum size of %d members.
lotr.gui,lotr.gui.fellowships.invited.notFound,The Fellowship you tried to join does not exist.
lotr.gui,lotr.gui.fellowships.togglePVP,Toggle prevention of PVP among members
lotr.gui,lotr.gui.fellowships.pvp.allow,PVP: Allowed
lotr.gui,lotr.gui.fellowships.pvp.prevent,PVP: Prevented
lotr.gui,lotr.gui.fellowships.toggleHiredFF,Toggle prevention of friendly fire against members' hired units
lotr.gui,lotr.gui.fellowships.hiredFF.allow,Hired unit friendly fire: Allowed
lotr.gui,lotr.gui.fellowships.hiredFF.prevent,Hired unit friendly fire: Prevented
lotr.gui,lotr.gui.fellowships.toggleMapShow,Toggle showing members' map locations
lotr.gui,lotr.gui.fellowships.mapShow.on,Map locations: Shown
lotr.gui,lotr.gui.fellowships.mapShow.off,Map locations: Not shown
lotr.gui,lotr.gui.fellowships.notifyInvite,%s invited you to join a Fellowship
lotr.gui,lotr.gui.fellowships.notifyAccept,%s accepted your Fellowship invitation
lotr.gui,lotr.gui.fellowships.notifyLeave,%s left your Fellowship
lotr.gui,lotr.gui.fellowships.notifyDisband,%s disbanded a Fellowship
lotr.gui,lotr.gui.fellowships.notifyTransfer,%s made you leader of their Fellowship
lotr.gui,lotr.gui.fellowships.notifyRemove,%s removed you from a Fellowship
lotr.gui,lotr.gui.fellowships.notifyOp,%s made you a guide of their Fellowship
lotr.gui,lotr.gui.fellowships.notifyDeop,%s removed you as a guide of their Fellowship
lotr.gui,lotr.gui.titles.title,Middle-earth Titles
lotr.gui,lotr.gui.titles.currentTitle,Current title: %s
lotr.gui,lotr.gui.titles.currentTitle.none,None
lotr.gui,lotr.gui.titles.select,Select Title
lotr.gui,lotr.gui.titles.remove,Remove Title
lotr.titles,lotr.titles.unlock.starter,Starter title
lotr.titles,lotr.titles.unlock.exclusive,Exclusive title!
lotr.titles,lotr.titles.unlock.alignment,Reach %2$s %1$s alignment
lotr.titles,lotr.titles.unlock.alignment.pledge,Pledge to %1$s and reach %2$s alignment
lotr.titles,lotr.titles.unlock.alignment.any,Reach %s alignment with any faction
lotr.title,lotr.title.adventurer,Adventurer
lotr.title,lotr.title.rogue,Rogue
lotr.title,lotr.title.bartender,Bartender
lotr.title,lotr.title.gaffer,Gaffer
lotr.title,lotr.title.scholar,Scholar
lotr.title,lotr.title.minstrel,Minstrel
lotr.title,lotr.title.bard,Bard
lotr.title,lotr.title.artisan,Artisan
lotr.title,lotr.title.wanderer,Wanderer
lotr.title,lotr.title.peacekeeper,Peacekeeper
lotr.title,lotr.title.warmongerer,Warmonger
lotr.title,lotr.title.explorer,Explorer
lotr.title,lotr.title.mercenary,Mercenary
lotr.title,lotr.title.shipwright,Shipwright
lotr.title,lotr.title.marksman,Marksman
lotr.title,lotr.title.merchant,Merchant
lotr.title,lotr.title.farmer,Farmer
lotr.title,lotr.title.burglar,Burglar
lotr.title,lotr.title.ruffian,Ruffian
lotr.title,lotr.title.architect,Architect
lotr.title,lotr.title.miner,Miner
lotr.title,lotr.title.swordsman,Swordsman
lotr.title,lotr.title.scout,Scout
lotr.title,lotr.title.spearman,Spearman
lotr.title,lotr.title.rider,Rider
lotr.title,lotr.title.watcher,Watcher
lotr.title,lotr.title.shepherd,Shepherd
lotr.title,lotr.title.creator,Eru Ilúvatar
lotr.title,lotr.title.creator2,Manwë Súlimo
lotr.title,lotr.title.moderator,Vala
lotr.title,lotr.title.gruk,Polish Noble
lotr.title,lotr.title.boyd,House Catsman
lotr.title,lotr.title.bat,Kebab Sultan
lotr.title,lotr.title.translator,Lambengolmo
lotr.title,lotr.title.patron,Patron
lotr.title,lotr.title.loremaster,Loremaster
lotr.title,lotr.title.builder,Buildmaster
lotr.title,lotr.title.renewedBuilder,Renewed Builder
lotr.title,lotr.title.renewedBuildmaster,Renewed Buildmaster
lotr.title,lotr.title.MULTI_freePeoples,Free Peoples
lotr.title,lotr.title.MULTI_elf,Elf
lotr.title,lotr.title.MULTI_orc,Orc
lotr.title,lotr.title.MULTI_goblin,Goblin
lotr.title,lotr.title.MULTI_dwarf,Dwarf
lotr.title,lotr.title.MULTI_dunedain,Dúnedain
lotr.title,lotr.title.MULTI_moria,Moria
lotr.title,lotr.title.MULTI_easterling,Easterling
lotr.title,lotr.title.MULTI_haradrim,Haradrim
lotr.title,lotr.title.MULTI_southron,Southron
lotr.title,lotr.title.MULTI_farHarad,Far Harad
lotr.title,lotr.title.MULTI_farHaradrim,Far Haradrim
lotr.title,lotr.title.MULTI_silvanElf,Silvan Elf
lotr.title,lotr.title.MULTI_sindar,Sindar
lotr.title,lotr.title.MULTI_greyElf,Grey-elf
lotr.title,lotr.title.MULTI_noldor,Noldor
lotr.title,lotr.title.MULTI_avari,Avari
lotr.title,lotr.title.MULTI_sunlands,Sunlands
lotr.title,lotr.title.MULTI_swerting,Swerting
lotr.title,lotr.title.MULTI_sutherland,Sutherland
lotr.title,lotr.title.MULTI_rhudaur,Rhudaur
lotr.title,lotr.title.MULTI_wickedDwarf,Wicked Dwarf
lotr.title,lotr.title.HOBBIT_hobbit,Hobbit
lotr.title,lotr.title.HOBBIT_halfling,Halfling
lotr.title,lotr.title.HOBBIT_shire,The Shire
lotr.title,lotr.title.HOBBIT_hobbiton,Hobbiton
lotr.title,lotr.title.HOBBIT_buckland,Buckland
lotr.title,lotr.title.HOBBIT_tookland,Tookland
lotr.title,lotr.title.HOBBIT_bywater,Bywater
lotr.title,lotr.title.HOBBIT_longbottom,Longbottom
lotr.title,lotr.title.HOBBIT_michelDelving,Michel Delving
lotr.title,lotr.title.HOBBIT_northfarthing,Northfarthing
lotr.title,lotr.title.HOBBIT_westfarthing,Westfarthing
lotr.title,lotr.title.HOBBIT_southfarthing,Southfarthing
lotr.title,lotr.title.HOBBIT_eastfarthing,Eastfarthing
lotr.title,lotr.title.HOBBIT_mathomKeeper,Mathom Keeper
lotr.title,lotr.title.HOBBIT_burrahobbit,Burrahobbit
lotr.title,lotr.title.BREE_bree,Bree
lotr.title,lotr.title.BREE_staddle,Staddle
lotr.title,lotr.title.BREE_combe,Combe
lotr.title,lotr.title.BREE_archet,Archet
lotr.title,lotr.title.BREE_hobbit,Bree-hobbit
lotr.title,lotr.title.BREE_chetwood,Chetwood
lotr.title,lotr.title.RANGER_northDunedain,Northern Dúnedain
lotr.title,lotr.title.RANGER_arnor,Arnor
lotr.title,lotr.title.RANGER_annuminas,Annúminas
lotr.title,lotr.title.RANGER_fornost,Fornost
lotr.title,lotr.title.RANGER_arthedain,Arthedain
lotr.title,lotr.title.RANGER_cardolan,Cardolan
lotr.title,lotr.title.BLUE_MOUNTAINS_blueDwarf,Blue Dwarf
lotr.title,lotr.title.BLUE_MOUNTAINS_firebeard,Firebeard
lotr.title,lotr.title.BLUE_MOUNTAINS_broadbeam,Broadbeam
lotr.title,lotr.title.BLUE_MOUNTAINS_belegost,Belegost
lotr.title,lotr.title.BLUE_MOUNTAINS_nogrod,Nogrod
lotr.title,lotr.title.HIGH_ELF_highElf,High Elf
lotr.title,lotr.title.HIGH_ELF_mithlond,Mithlond
lotr.title,lotr.title.HIGH_ELF_eregion,Eregion
lotr.title,lotr.title.HIGH_ELF_forlindon,Forlindon
lotr.title,lotr.title.HIGH_ELF_harlindon,Harlindon
lotr.title,lotr.title.HIGH_ELF_imladris,Imladris
lotr.title,lotr.title.GUNDABAD_gundabadOrc,Gundabad Orc
lotr.title,lotr.title.GUNDABAD_moriaOrc,Moria Orc
lotr.title,lotr.title.GUNDABAD_goblinTown,Goblin-town
lotr.title,lotr.title.GUNDABAD_mountGundabad,Mount Gundabad
lotr.title,lotr.title.GUNDABAD_mountGram,Mount Gram
lotr.title,lotr.title.GUNDABAD_gundabadUruk,Gundabad Uruk
lotr.title,lotr.title.ANGMAR_angmarOrc,Angmar Orc
lotr.title,lotr.title.ANGMAR_troll,Troll
lotr.title,lotr.title.ANGMAR_carnDum,Carn Dûm
lotr.title,lotr.title.ANGMAR_hillman,Hillman
lotr.title,lotr.title.ANGMAR_rhudaur,Rhudaur
lotr.title,lotr.title.ANGMAR_ettenmoors,Ettenmoors
lotr.title,lotr.title.ANGMAR_coldfells,Coldfells
lotr.title,lotr.title.WOOD_ELF_woodElf,Wood-elf
lotr.title,lotr.title.DOL_GULDUR_dolGuldurOrc,Dol Guldur Orc
lotr.title,lotr.title.DOL_GULDUR_necromancer,Necromancer
lotr.title,lotr.title.DOL_GULDUR_sorcerer,Sorcerer
lotr.title,lotr.title.DOL_GULDUR_spiderRider,Spider Rider
lotr.title,lotr.title.DALE_northman,Northman
lotr.title,lotr.title.DALE_barding,Barding
lotr.title,lotr.title.DALE_esgaroth,Esgaroth
lotr.title,lotr.title.DWARF_greyDwarf,Grey Dwarf
lotr.title,lotr.title.DWARF_ironHills,Iron Hills
lotr.title,lotr.title.DWARF_erebor,Erebor
lotr.title,lotr.title.DWARF_khazadDum,Khazad-dûm
lotr.title,lotr.title.GALADHRIM_galadhrim,Galadhrim
lotr.title,lotr.title.GALADHRIM_carasGaladhon,Caras Galadhon
lotr.title,lotr.title.DUNLAND_dunlending,Dunlending
lotr.title,lotr.title.DUNLAND_wildman,Wildman
lotr.title,lotr.title.DUNLAND_barbarian,Barbarian
lotr.title,lotr.title.DUNLAND_adorn,Adorning
lotr.title,lotr.title.URUK_uruk,Uruk
lotr.title,lotr.title.URUK_urukHai,Uruk-hai
lotr.title,lotr.title.URUK_whiteHand,White Hand
lotr.title,lotr.title.FANGORN_ent,Ent
lotr.title,lotr.title.ROHAN_rohirrim,Rohirrim
lotr.title,lotr.title.ROHAN_eorlingas,Eorling
lotr.title,lotr.title.ROHAN_strawhead,Strawhead
lotr.title,lotr.title.ROHAN_edoras,Edoras
lotr.title,lotr.title.ROHAN_helmsDeep,Helm's Deep
lotr.title,lotr.title.ROHAN_grimslade,Grimslade
lotr.title,lotr.title.ROHAN_aldburg,Aldburg
lotr.title,lotr.title.ROHAN_westfold,Westfold
lotr.title,lotr.title.ROHAN_eastfold,Eastfold
lotr.title,lotr.title.ROHAN_westemnet,Westemnet
lotr.title,lotr.title.ROHAN_eastemnet,Eastemnet
lotr.title,lotr.title.ROHAN_wold,The Wold
lotr.title,lotr.title.ROHAN_shieldmaiden,Shieldmaiden
lotr.title,lotr.title.ROHAN_horselord,Horse-lord
lotr.title,lotr.title.GONDOR_gondorian,Gondorian
lotr.title,lotr.title.GONDOR_southDunedain,Southern Dúnedain
lotr.title,lotr.title.GONDOR_swanKnight,Swan Knight
lotr.title,lotr.title.GONDOR_ithilien,Ithilien
lotr.title,lotr.title.GONDOR_ithilienRanger,Ithilien Ranger
lotr.title,lotr.title.GONDOR_minasTirith,Minas Tirith
lotr.title,lotr.title.GONDOR_towerGuard,Tower Guard
lotr.title,lotr.title.GONDOR_osgiliath,Osgiliath
lotr.title,lotr.title.GONDOR_anorien,Anórien
lotr.title,lotr.title.GONDOR_imlothMelui,Imloth Melui
lotr.title,lotr.title.GONDOR_mornan,Mornan
lotr.title,lotr.title.GONDOR_anfalas,Anfalas
lotr.title,lotr.title.GONDOR_belfalas,Belfalas
lotr.title,lotr.title.GONDOR_linhir,Linhir
lotr.title,lotr.title.GONDOR_edhellond,Edhellond
lotr.title,lotr.title.GONDOR_tarnost,Tarnost
lotr.title,lotr.title.GONDOR_calembel,Calembel
lotr.title,lotr.title.GONDOR_ethring,Ethring
lotr.title,lotr.title.GONDOR_erech,Erech
lotr.title,lotr.title.GONDOR_ethirAnduin,Ethir Anduin
lotr.title,lotr.title.MORDOR_mordorOrc,Mordor Orc
lotr.title,lotr.title.MORDOR_blackUruk,Black Uruk
lotr.title,lotr.title.MORDOR_nurn,Nurn
lotr.title,lotr.title.MORDOR_baradDur,Barad-dûr
lotr.title,lotr.title.MORDOR_morannon,Morannon
lotr.title,lotr.title.MORDOR_minasMorgul,Minas Morgul
lotr.title,lotr.title.MORDOR_cirithUngol,Cirith Ungol
lotr.title,lotr.title.MORDOR_blackNumenorean,Black Númenórean
lotr.title,lotr.title.DORWINION_vintner,Vintner
lotr.title,lotr.title.DORWINION_dorwinrim,Dorwinman
lotr.title,lotr.title.DORWINION_dorwinionElf,Dorwinion Elf
lotr.title,lotr.title.DORWINION_bladorthin,Order of Bladorthin
lotr.title,lotr.title.DORWINION_wineTaster,Wine Taster
lotr.title,lotr.title.RHUN_rhunaer,Rhúnaer
lotr.title,lotr.title.RHUN_rhunaerim,Rhúnaerim
lotr.title,lotr.title.NEAR_HARAD_corsair,Corsair
lotr.title,lotr.title.NEAR_HARAD_ninzayan,Ninzâyan
lotr.title,lotr.title.NEAR_HARAD_belkadar,Bêlkadar
lotr.title,lotr.title.NEAR_HARAD_southronCoasts,Southron Coasts
lotr.title,lotr.title.NEAR_HARAD_azrazain,Azra-zâin
lotr.title,lotr.title.NEAR_HARAD_ain,Ain an-Ahâr
lotr.title,lotr.title.NEAR_HARAD_aj,Ajtiaz an-Ahâr
lotr.title,lotr.title.NEAR_HARAD_nomad,Nomad
lotr.title,lotr.title.NEAR_HARAD_khopazul,Khopazûl
lotr.title,lotr.title.NEAR_HARAD_khopakadar,Khôpakadar
lotr.title,lotr.title.NEAR_HARAD_yaphu,Yaphurushi
lotr.title,lotr.title.NEAR_HARAD_serpent,Serpent
lotr.title,lotr.title.NEAR_HARAD_gulfing,Gulfing
lotr.title,lotr.title.NEAR_HARAD_coastling,Coast Southron
lotr.title,lotr.title.MOREDAIN_lion,Lion
lotr.title,lotr.title.MOREDAIN_lioness,Lioness
lotr.title,lotr.title.HALF_TROLL_halfTroll,Half-troll
lotr.title,lotr.title.HALF_TROLL_pertorogwaith,Perdorogwaith
lotr.title,lotr.title.trollSlayer,Master Trollslayer
lotr.title,lotr.title.entSlayer,Master Entslayer
lotr.title,lotr.title.alcoholic,Alcoholic
lotr.title,lotr.title.explore50Biomes,Worldwalker
lotr.title,lotr.title.visitOcean,Mariner
lotr.title,lotr.title.enterMeneltarma,Atalantë
lotr.title,lotr.title.rideBarrel,Barrel-rider
lotr.title,lotr.title.fishRing,Birthday
lotr.title,lotr.title.wearFullGondolin,Gondolin
lotr.title,lotr.title.brewDrink,Homebrewer
lotr.title,lotr.title.drinkSkull,Sick Joker
lotr.title,lotr.title.zookeeper,Zookeeper
lotr.title,lotr.title.killEnt,Ent Slayer
lotr.title,lotr.title.saltedFlesh,Suspicious...
lotr.title,lotr.title.killBarrowWight,Wight Slayer
lotr.title,lotr.title.stealGrapes,Grape Stealer
lotr.title,lotr.title.gondorRenegade,Renegade
lotr.title,lotr.title.killGondorRenegade,Renegade Hunter
lotr.gui,lotr.gui.shields.title,Middle-earth Shields
lotr.gui,lotr.gui.shields.select,Select Shield
lotr.gui,lotr.gui.shields.remove,Remove Shield
lotr.gui,lotr.gui.shields.selected,Selected!
lotr.shields,lotr.shields.category.ALIGNMENT,Alignment Shields
lotr.shields,lotr.shields.category.ACHIEVABLE,Achievable Shields
lotr.shields,lotr.shields.category.EXCLUSIVE,Exclusive Shields
lotr.shields,lotr.shields.ALIGNMENT_BREE.name,Shield of the Hill
lotr.shields,lotr.shields.ALIGNMENT_BREE.desc,Awarded for reaching +1000 alignment with the folk of Bree-land
lotr.shields,lotr.shields.ALIGNMENT_RANGER.name,Shield of the Dúnedain
lotr.shields,lotr.shields.ALIGNMENT_RANGER.desc,Awarded for reaching +1000 alignment with the Dúnedain of the North
lotr.shields,lotr.shields.ALIGNMENT_BLUE_MOUNTAINS.name,Shield of Ered Luin
lotr.shields,lotr.shields.ALIGNMENT_BLUE_MOUNTAINS.desc,Awarded for reaching +1000 alignment with the Dwarves of the Blue Mountains
lotr.shields,lotr.shields.ALIGNMENT_HIGH_ELF.name,Shield of the Fair Realm
lotr.shields,lotr.shields.ALIGNMENT_HIGH_ELF.desc,Awarded for reaching +1000 alignment with the High Elves
lotr.shields,lotr.shields.ALIGNMENT_RIVENDELL.name,Shield of Imladris
lotr.shields,lotr.shields.ALIGNMENT_RIVENDELL.desc,Awarded for reaching +1000 alignment with the High Elves
lotr.shields,lotr.shields.ALIGNMENT_GUNDABAD.name,Shield of Filth
lotr.shields,lotr.shields.ALIGNMENT_GUNDABAD.desc,Awarded for reaching +1000 alignment with Gundabad
lotr.shields,lotr.shields.ALIGNMENT_ANGMAR.name,Shield of Ruin
lotr.shields,lotr.shields.ALIGNMENT_ANGMAR.desc,Awarded for reaching +1000 alignment with Angmar
lotr.shields,lotr.shields.ALIGNMENT_WOOD_ELF.name,Shield of the Greenwood
lotr.shields,lotr.shields.ALIGNMENT_WOOD_ELF.desc,Awarded for reaching +1000 alignment with the Wood-elves
lotr.shields,lotr.shields.ALIGNMENT_DOL_GULDUR.name,Shield of Dark Sorcery
lotr.shields,lotr.shields.ALIGNMENT_DOL_GULDUR.desc,Awarded for reaching +1000 alignment with Dol Guldur
lotr.shields,lotr.shields.ALIGNMENT_DALE.name,Shield of the North
lotr.shields,lotr.shields.ALIGNMENT_DALE.desc,Awarded for reaching +1000 alignment with Dale
lotr.shields,lotr.shields.ALIGNMENT_ESGAROTH.name,Shield of the Lake
lotr.shields,lotr.shields.ALIGNMENT_ESGAROTH.desc,Awarded for reaching +1000 alignment with Dale
lotr.shields,lotr.shields.ALIGNMENT_DWARF.name,Shield of Seven Stars
lotr.shields,lotr.shields.ALIGNMENT_DWARF.desc,Awarded for reaching +1000 alignment with Durin's Folk
lotr.shields,lotr.shields.ALIGNMENT_GALADHRIM.name,Shield of the Golden Wood
lotr.shields,lotr.shields.ALIGNMENT_GALADHRIM.desc,Awarded for reaching +1000 alignment with the Galadhrim
lotr.shields,lotr.shields.ALIGNMENT_DUNLAND.name,Shield of the Wolf
lotr.shields,lotr.shields.ALIGNMENT_DUNLAND.desc,Awarded for reaching +1000 alignment with the Dunlendings
lotr.shields,lotr.shields.ALIGNMENT_URUK_HAI.name,Shield of the White Hand
lotr.shields,lotr.shields.ALIGNMENT_URUK_HAI.desc,Awarded for reaching +1000 alignment with Isengard
lotr.shields,lotr.shields.ALIGNMENT_ROHAN.name,Shield of the Horse-lords
lotr.shields,lotr.shields.ALIGNMENT_ROHAN.desc,Awarded for reaching +1000 alignment with the Rohirrim
lotr.shields,lotr.shields.ALIGNMENT_GONDOR.name,Shield of the White Tree
lotr.shields,lotr.shields.ALIGNMENT_GONDOR.desc,Awarded for reaching +1000 alignment with Gondor
lotr.shields,lotr.shields.ALIGNMENT_DOL_AMROTH.name,Shield of the Swan
lotr.shields,lotr.shields.ALIGNMENT_DOL_AMROTH.desc,Awarded for reaching +1000 alignment with Gondor
lotr.shields,lotr.shields.ALIGNMENT_LOSSARNACH.name,Shield of the Flowers
lotr.shields,lotr.shields.ALIGNMENT_LOSSARNACH.desc,Awarded for reaching +1000 alignment with Gondor
lotr.shields,lotr.shields.ALIGNMENT_LEBENNIN.name,Shield of the Streams
lotr.shields,lotr.shields.ALIGNMENT_LEBENNIN.desc,Awarded for reaching +1000 alignment with Gondor
lotr.shields,lotr.shields.ALIGNMENT_PELARGIR.name,Shield of the Havens
lotr.shields,lotr.shields.ALIGNMENT_PELARGIR.desc,Awarded for reaching +1000 alignment with Gondor
lotr.shields,lotr.shields.ALIGNMENT_BLACKROOT_VALE.name,Shield of the Blackroot
lotr.shields,lotr.shields.ALIGNMENT_BLACKROOT_VALE.desc,Awarded for reaching +1000 alignment with Gondor
lotr.shields,lotr.shields.ALIGNMENT_PINNATH_GELIN.name,Shield of the Hills
lotr.shields,lotr.shields.ALIGNMENT_PINNATH_GELIN.desc,Awarded for reaching +1000 alignment with Gondor
lotr.shields,lotr.shields.ALIGNMENT_LAMEDON.name,Shield of the Vales
lotr.shields,lotr.shields.ALIGNMENT_LAMEDON.desc,Awarded for reaching +1000 alignment with Gondor
lotr.shields,lotr.shields.ALIGNMENT_MORDOR.name,Shield of Shadows
lotr.shields,lotr.shields.ALIGNMENT_MORDOR.desc,Awarded for reaching +1000 alignment with Mordor
lotr.shields,lotr.shields.ALIGNMENT_MINAS_MORGUL.name,Shield of Morgul
lotr.shields,lotr.shields.ALIGNMENT_MINAS_MORGUL.desc,Awarded for reaching +1000 alignment with Mordor
lotr.shields,lotr.shields.ALIGNMENT_BLACK_URUK.name,Shield of the Dark Elite
lotr.shields,lotr.shields.ALIGNMENT_BLACK_URUK.desc,Awarded for reaching +1000 alignment with Mordor
lotr.shields,lotr.shields.ALIGNMENT_DORWINION.name,Shield of the Vintner Court
lotr.shields,lotr.shields.ALIGNMENT_DORWINION.desc,Awarded for reaching +1000 alignment with Dorwinion
lotr.shields,lotr.shields.ALIGNMENT_DORWINION_ELF.name,Shield of Bladorthin
lotr.shields,lotr.shields.ALIGNMENT_DORWINION_ELF.desc,Awarded for reaching +1000 alignment with Dorwinion
lotr.shields,lotr.shields.ALIGNMENT_RHUN.name,Shield of Rhûn
lotr.shields,lotr.shields.ALIGNMENT_RHUN.desc,Awarded for reaching +1000 alignment with Rhúdel
lotr.shields,lotr.shields.ALIGNMENT_HARNEDOR.name,Shield of the Harnen
lotr.shields,lotr.shields.ALIGNMENT_HARNEDOR.desc,Awarded for reaching +1000 alignment with the Near Haradrim
lotr.shields,lotr.shields.ALIGNMENT_NEAR_HARAD.name,Shield of the Serpent
lotr.shields,lotr.shields.ALIGNMENT_NEAR_HARAD.desc,Awarded for reaching +1000 alignment with the Near Haradrim
lotr.shields,lotr.shields.ALIGNMENT_UMBAR.name,Shield of Umbar
lotr.shields,lotr.shields.ALIGNMENT_UMBAR.desc,Awarded for reaching +1000 alignment with the Near Haradrim
lotr.shields,lotr.shields.ALIGNMENT_CORSAIR.name,Shield of the Corsairs
lotr.shields,lotr.shields.ALIGNMENT_CORSAIR.desc,Awarded for reaching +1000 alignment with the Near Haradrim
lotr.shields,lotr.shields.ALIGNMENT_GULF.name,Shield of Khopazûl
lotr.shields,lotr.shields.ALIGNMENT_GULF.desc,Awarded for reaching +1000 alignment with the Near Haradrim
lotr.shields,lotr.shields.ALIGNMENT_MOREDAIN.name,Shield of the Sunlands
lotr.shields,lotr.shields.ALIGNMENT_MOREDAIN.desc,Awarded for reaching +1000 alignment with the Morwaith
lotr.shields,lotr.shields.ALIGNMENT_TAUREDAIN.name,Shield of the Jungle
lotr.shields,lotr.shields.ALIGNMENT_TAUREDAIN.desc,Awarded for reaching +1000 alignment with the Taurethrim
lotr.shields,lotr.shields.ALIGNMENT_HALF_TROLL.name,Shield of Desolation
lotr.shields,lotr.shields.ALIGNMENT_HALF_TROLL.desc,Awarded for reaching +1000 alignment with the Half-trolls
lotr.shields,lotr.shields.ACHIEVEMENT_BRONZE.name,Bronze Adventurer's Shield
lotr.shields,lotr.shields.ACHIEVEMENT_BRONZE.desc,Awarded for earning 25 achievements in Middle-earth
lotr.shields,lotr.shields.ACHIEVEMENT_SILVER.name,Silver Adventurer's Shield
lotr.shields,lotr.shields.ACHIEVEMENT_SILVER.desc,Awarded for earning 50 achievements in Middle-earth
lotr.shields,lotr.shields.ACHIEVEMENT_GOLD.name,Golden Adventurer's Shield
lotr.shields,lotr.shields.ACHIEVEMENT_GOLD.desc,Awarded for earning 100 achievements in Middle-earth
lotr.shields,lotr.shields.ACHIEVEMENT_MITHRIL.name,Mithril Adventurer's Shield
lotr.shields,lotr.shields.ACHIEVEMENT_MITHRIL.desc,Awarded for earning 200 achievements in Middle-earth
lotr.shields,lotr.shields.ALCOHOLIC.name,Alcoholic's Shield
lotr.shields,lotr.shields.ALCOHOLIC.desc,Awarded for enjoying a copious amount of alcoholic beverages
lotr.shields,lotr.shields.DEFEAT_MTC.name,Trollslayer's Shield
lotr.shields,lotr.shields.DEFEAT_MTC.desc,Awarded for defeating the Hill-troll Chieftain
lotr.shields,lotr.shields.DEFEAT_MALLORN_ENT.name,Entslayer's Shield
lotr.shields,lotr.shields.DEFEAT_MALLORN_ENT.desc,Awarded for defeating the Mallorn Ent
lotr.shields,lotr.shields.ELVEN_CONTEST.name,Elven Contest Shield
lotr.shields,lotr.shields.ELVEN_CONTEST.desc,Awarded as a prize in Building Contest #1 (Elven)
lotr.shields,lotr.shields.EVIL_CONTEST.name,Evil Contest Shield
lotr.shields,lotr.shields.EVIL_CONTEST.desc,Awarded as a prize in Building Contest #2 (Evil)
lotr.shields,lotr.shields.SHIRE_CONTEST.name,Shire Contest Shield
lotr.shields,lotr.shields.SHIRE_CONTEST.desc,Awarded as a prize in Building Contest #3 (Shire)
lotr.shields,lotr.shields.GONDOR_CONTEST.name,Gondor Contest Shield
lotr.shields,lotr.shields.GONDOR_CONTEST.desc,Awarded as a prize in Building Contest #4 (Gondor)
lotr.shields,lotr.shields.HARAD_CONTEST.name,Harad Contest Shield
lotr.shields,lotr.shields.HARAD_CONTEST.desc,Awarded as a prize in Building Contest #5 (Harad)
lotr.shields,lotr.shields.RHUN_CONTEST.name,Easterling Contest Shield
lotr.shields,lotr.shields.RHUN_CONTEST.desc,Awarded as a prize in Building Contest #6 (Easterling)
lotr.shields,lotr.shields.STRUCTURE_CONTEST.name,Architect's Shield
lotr.shields,lotr.shields.STRUCTURE_CONTEST.desc,Awarded for having your build implemented into the mod in Structure Contest #1
lotr.shields,lotr.shields.RENEWED_CONTEST.name,Renewed Contest Shield
lotr.shields,lotr.shields.RENEWED_CONTEST.desc,Awarded as a prize in the Renewed Building Contest
lotr.shields,lotr.shields.MOD.name,Modder's Shield
lotr.shields,lotr.shields.MOD.desc,Worn by the mod team
lotr.shields,lotr.shields.GRUK.name,Vodka Shield
lotr.shields,lotr.shields.GRUK.desc,Worn by Polish Nobles
lotr.shields,lotr.shields.BOYD.name,Shield of House Catsman
lotr.shields,lotr.shields.BOYD.desc,Worn by Dutch Nobles
lotr.shields,lotr.shields.ELECTRICIAN.name,Electrician's Shield
lotr.shields,lotr.shields.ELECTRICIAN.desc,Worn by Mr. Gibbs
lotr.shields,lotr.shields.OGRE.name,Ogre Shield
lotr.shields,lotr.shields.OGRE.desc,Awarded for making a magical discovery
lotr.shields,lotr.shields.TRANSLATOR.name,Shield of the Lambengolmor
lotr.shields,lotr.shields.TRANSLATOR.desc,Given to those who help by translating the mod into other tongues
lotr.shields,lotr.shields.PATRON.name,Patron's Shield
lotr.shields,lotr.shields.PATRON.desc,Given to those who support the mod by Paypal donation
lotr.shields,lotr.shields.LOREMASTER_2013.name,Loremaster's Shield 2013
lotr.shields,lotr.shields.LOREMASTER_2013.desc,Awarded to the top five contributors on the mod's wiki during 2013
lotr.shields,lotr.shields.LOREMASTER_2014.name,Loremaster's Shield 2014
lotr.shields,lotr.shields.LOREMASTER_2014.desc,Awarded to the top ten contributors on the mod's wiki during 2014
lotr.shields,lotr.shields.LOREMASTER_2015.name,Loremaster's Shield 2015
lotr.shields,lotr.shields.LOREMASTER_2015.desc,Awarded to the top ten contributors on the mod's wiki during 2015
lotr.shields,lotr.shields.LOREMASTER_2016.name,Loremaster's Shield 2016
lotr.shields,lotr.shields.LOREMASTER_2016.desc,Awarded to the top ten contributors on the mod's wiki during 2016
lotr.gui,lotr.gui.options.title,Middle-earth Options
lotr.gui,lotr.gui.options.worldSettings,World Settings
lotr.gui,lotr.gui.options.friendlyFire,Friendly Fire
lotr.gui,lotr.gui.options.friendlyFire.desc.on,"ON: All NPCs, including other players' allied hired units, can be attacked"
lotr.gui,lotr.gui.options.friendlyFire.desc.off,"OFF: Allied NPCs cannot be attacked, hurt, or aggravated, unless they target you first"
lotr.gui,lotr.gui.options.hiredDeathMessages,Hired Unit Death Messages
lotr.gui,lotr.gui.options.hiredDeathMessages.desc.on,ON: Receive a chat message if your hired unit is killed
lotr.gui,lotr.gui.options.hiredDeathMessages.desc.off,OFF: Do not receive a chat message
lotr.gui,lotr.gui.options.showAlignment,Show Alignment
lotr.gui,lotr.gui.options.showAlignment.desc.on,ON: Other players will be able to see your alignment displayed above your head
lotr.gui,lotr.gui.options.showAlignment.desc.off,OFF: Other players will not be able to see your alignment
lotr.gui,lotr.gui.options.showMapLocation,Show Map Location
lotr.gui,lotr.gui.options.showMapLocation.desc.on,ON: Other players will be able to see your location on the Middle-earth map
lotr.gui,lotr.gui.options.showMapLocation.desc.off,OFF: Other players will not be able to see your location
lotr.gui,lotr.gui.options.femRank,Feminine Rank Override
lotr.gui,lotr.gui.options.femRank.desc.on,ON: Gendered ranks always display the feminine
lotr.gui,lotr.gui.options.femRank.desc.off,OFF: Gendered ranks display the feminine if your current selected title is feminine
lotr.gui,lotr.gui.options.conquest,Conquest Kills
lotr.gui,lotr.gui.options.conquest.desc.on,"ON: Killing enemy NPCs increases your pledged faction's conquest, or cleanses that enemy's conquest if it exists there"
lotr.gui,lotr.gui.options.conquest.desc.off,OFF: Killing NPCs does not affect conquest
lotr.gui,lotr.gui.button.on,ON
lotr.gui,lotr.gui.button.off,OFF
lotr.gui,lotr.gui.squadronItem.squadron,Assigned hired unit company:
lotr.gui,lotr.gui.squadronItem.none,None
lotr.gui,lotr.gui.brandingIron.title,Branding Iron
lotr.gui,lotr.gui.brandingIron.naming,Name your branding iron:
lotr.gui,lotr.gui.brandingIron.unnameHint,Craft it with iron to unname it
lotr.gui,lotr.gui.npc.talk,Talk
lotr.gui,lotr.gui.npc.trade,Trade
lotr.gui,lotr.gui.npc.exchange,Exchange Coins
lotr.gui,lotr.gui.npc.smith,Smith
lotr.gui,lotr.gui.npc.hire,Hire
lotr.gui,lotr.gui.npc.command,Command
lotr.gui,lotr.gui.npc.dismiss,Dismiss Unit
lotr.gui,lotr.gui.warrior.overview,Overview
lotr.gui,lotr.gui.warrior.options,Directives
lotr.gui,lotr.gui.warrior.openInv,Replace Equipment
lotr.gui,lotr.gui.warrior.squadron,Company
lotr.gui,lotr.gui.warrior.teleport,Teleport Automatically
lotr.gui,lotr.gui.warrior.guardMode,Guard Mode
lotr.gui,lotr.gui.warrior.guardRange,Guard Range
lotr.gui,lotr.gui.warrior.health,Health: %d/%d
lotr.gui,lotr.gui.warrior.kills,Mob Kills: %d
lotr.gui,lotr.gui.warrior.level,Combat Level: %d
lotr.gui,lotr.gui.warrior.xp,Total Experience: %d
lotr.gui,lotr.gui.farmer.mode,Farming Mode
lotr.gui,lotr.gui.farmer.range,Farming Range
lotr.gui,lotr.gui.farmer.openInv,Open Inventory
lotr.gui,lotr.gui.farmer.oneSeed,Farmers will not plant when carrying only one seed - they must keep one to know what they are farming
lotr.gui,lotr.gui.farmer.squadron,Company
lotr.gui,lotr.gui.dismiss.dismiss,Dismiss
lotr.gui,lotr.gui.dismiss.cancel,Cancel
lotr.gui,lotr.gui.dismiss.warning1,Are you sure you want to dismiss this unit?
lotr.gui,lotr.gui.dismiss.warning2,You will not be able to get it back.
lotr.gui,lotr.gui.dismiss.mount,This unit's mount will also be dismissed.
lotr.gui,lotr.gui.dismiss.rider,This unit's rider will also be dismissed.
lotr.fastTravel,lotr.fastTravel.travel,Fast travelling to %s
lotr.fastTravel,lotr.fastTravel.skip,Press '%s' to skip
lotr.fastTravel,lotr.fastTravel.underAttack,You cannot fast travel while under attack
lotr.fastTravel,lotr.fastTravel.inBed,You cannot fast travel while in a bed
lotr.fastTravel,lotr.fastTravel.moreTime,You cannot yet fast travel to %s
lotr.fastTravel,lotr.fastTravel.travelTicksStart,Fast travel in %d. Don't move!
lotr.fastTravel,lotr.fastTravel.travelTicks,Fast travel in %d...
lotr.fastTravel,lotr.fastTravel.motion,Fast travel stopped. Don't move!
lotr.fastTravel,lotr.fastTravel.available,You can now fast travel
lotr.gui,lotr.gui.message.dismiss,Dismiss
lotr.gui,lotr.gui.message.notDisplayedAgain,This message will not be displayed again
lotr.gui,lotr.gui.message.friendlyFire,"It looks like you're trying to attack an allied NPC!\n\nWith the Friendly Fire setting disabled, you are unable to attack allied NPCs, which stops you from accidentally harming your allies. To enable Friendly Fire, open the Middle-earth menu and navigate to Options."
lotr.gui,lotr.gui.message.utumnoWarn,These ruins are ancient beyond measure. Be on your guard - there are older and fouler things than Orcs in the deep places of the world...
lotr.gui,lotr.gui.message.enchanting,"Enchanting is disabled by default since the introduction of a new modifier system to the LOTR Mod.\n\nTo re-enable enchanting, disable modifiers, or both, go to the mod's configuration file or the in-game configuration menu."
lotr.gui,lotr.gui.message.alignDrain,When you see this icon:\n\n\n\nyou are losing alignment with one or more factions due to holding positive alignment (+) with a Mortal Enemy of theirs.\nKeep an eye on your alignments!
lotr.gui,lotr.gui.bannerEdit.title,Banner Protection
lotr.gui,lotr.gui.bannerEdit.protectionMode.playerSpecific,Protection: Whitelist
lotr.gui,lotr.gui.bannerEdit.protectionMode.playerSpecific.desc.1,Players and Fellowships listed below
lotr.gui,lotr.gui.bannerEdit.protectionMode.playerSpecific.desc.2,can bypass this banner's protection
lotr.gui,lotr.gui.bannerEdit.protectionMode.faction,Protection: Faction
lotr.gui,lotr.gui.bannerEdit.protectionMode.faction.desc.1,Players with at least:
lotr.gui,lotr.gui.bannerEdit.protectionMode.faction.desc.2,+%d %s alignment
lotr.gui,lotr.gui.bannerEdit.protectionMode.faction.desc.3,can bypass this banner's protection
lotr.gui,lotr.gui.bannerEdit.protectionMode.faction.alignment,Alignment Required:
lotr.gui,lotr.gui.bannerEdit.invalidUsername,Invalid username!
lotr.gui,lotr.gui.bannerEdit.selfProtection.on,Self-protection: ON
lotr.gui,lotr.gui.bannerEdit.selfProtection.off,Self-protection: OFF
lotr.gui,lotr.gui.bannerEdit.fellowshipHint,Use %s[name] for a Fellowship
lotr.gui,lotr.gui.bannerEdit.perms.player,Player Permissions
lotr.gui,lotr.gui.bannerEdit.perms.fellowship,Fellowship Permissions
lotr.gui,lotr.gui.bannerEdit.perms.name,%s
lotr.gui,lotr.gui.bannerEdit.perms.default,Default Permissions
lotr.gui,lotr.gui.bannerEdit.perms.allPlayers,All Players
lotr.gui,lotr.gui.bannerEdit.perm.FULL,All Permissions (includes placing & breaking blocks)
lotr.gui,lotr.gui.bannerEdit.perm.DOORS,Doors & Gates
lotr.gui,lotr.gui.bannerEdit.perm.TABLES,Crafting Tables
lotr.gui,lotr.gui.bannerEdit.perm.CONTAINERS,Containers
lotr.gui,lotr.gui.bannerEdit.perm.PERSONAL_CONTAINERS,Personal Containers
lotr.gui,lotr.gui.bannerEdit.perm.FOOD,Food & Drink
lotr.gui,lotr.gui.bannerEdit.perm.BEDS,Beds
lotr.gui,lotr.gui.bannerEdit.perm.SWITCHES,Switches
lotr.gui,lotr.gui.npcRespawner.title,NPC Respawner
lotr.gui,lotr.gui.npcRespawner.spawnClass1,Primary Spawn Class
lotr.gui,lotr.gui.npcRespawner.spawnClass2,Secondary Spawn Class
lotr.gui,lotr.gui.npcRespawner.checkHorizontal,Check X/Z Range
lotr.gui,lotr.gui.npcRespawner.checkVerticalMin,Check Y Min
lotr.gui,lotr.gui.npcRespawner.checkVerticalMax,Check Y Max
lotr.gui,lotr.gui.npcRespawner.spawnCap,Spawn Cap
lotr.gui,lotr.gui.npcRespawner.spawnHorizontal,Spawn X/Z Range
lotr.gui,lotr.gui.npcRespawner.spawnVerticalMin,Spawn Y Min
lotr.gui,lotr.gui.npcRespawner.spawnVerticalMax,Spawn Y Max
lotr.gui,lotr.gui.npcRespawner.homeRange,Home Distance
lotr.gui,lotr.gui.npcRespawner.homeRange.off,OFF
lotr.gui,lotr.gui.npcRespawner.mounts,Spawn Mounts
lotr.gui,lotr.gui.npcRespawner.mounts.0,OFF
lotr.gui,lotr.gui.npcRespawner.mounts.1,ON
lotr.gui,lotr.gui.npcRespawner.mounts.2,Default
lotr.gui,lotr.gui.npcRespawner.blockEnemy,Block Enemy Spawns
lotr.gui,lotr.gui.npcRespawner.blockEnemy.off,OFF
lotr.gui,lotr.gui.npcRespawner.blockEnemy.tooltip,Does not block conquest spawns
lotr.gui,lotr.gui.npcRespawner.spawnInterval,Spawn Interval:
lotr.gui,lotr.gui.npcRespawner.spawnIntervalM,Minutes
lotr.gui,lotr.gui.npcRespawner.spawnIntervalS,Seconds
lotr.gui,lotr.gui.npcRespawner.noPlayerRange,No Player Range
lotr.gui,lotr.gui.npcRespawner.destroy,Destroy
lotr.music,lotr.music.nowPlaying,Now playing:
lotr.hiredNPC,lotr.hiredNPC.status,Status: %s
lotr.hiredNPC,lotr.hiredNPC.status.combat,In combat
lotr.hiredNPC,lotr.hiredNPC.status.halted,Halted
lotr.hiredNPC,lotr.hiredNPC.status.ready,Ready
lotr.hiredNPC,lotr.hiredNPC.status.guard,Guarding
lotr.hiredNPC,lotr.hiredNPC.status.farming,Farming
lotr.hiredNPC,lotr.hiredNPC.status.following,Following
lotr.hiredNPC,lotr.hiredNPC.death,Your hired unit %s
lotr.hiredNPC,lotr.hiredNPC.desert,Your hired unit %s has deserted
lotr.hiredNPC,lotr.hiredNPC.dismiss,Your hired unit %s was relieved of duty
lotr.hiredNPC,lotr.hiredNPC.trollStone,Your hired unit %s has turned to stone
lotr.hiredNPC,lotr.hiredNPC.levelUp,Your hired unit %s has reached combat level %d
lotr.hiredNPC,lotr.hiredNPC.commandReq,Command requires:
lotr.hiredNPC,lotr.hiredNPC.commandReq.align,%s alignment with %s
lotr.hiredNPC,lotr.hiredNPC.commandReq.pledge.FACTION,Pledged to %s
lotr.hiredNPC,lotr.hiredNPC.commandReq.pledge.ANY_ELF,Pledged to any Elven faction
lotr.hiredNPC,lotr.hiredNPC.commandReq.pledge.ANY_DWARF,Pledged to any Dwarven faction
entity.lotr,entity.lotr.generic.entityName,"%s, the %s"
entity.lotr,entity.lotr.GondorMan.entityName,%s of Gondor
entity.lotr,entity.lotr.RohanMan.entityName,%s of the Rohirrim
entity.lotr,entity.lotr.Dunedain.entityName,%s of the Dúnedain
entity.lotr,entity.lotr.Moredain.entityName,%s of the Morwaith
entity.lotr,entity.lotr.Tauredain.entityName,%s of the Taurethrim
entity.lotr,entity.lotr.DaleMan.entityName,%s of Dale
entity.lotr,entity.lotr.DorwinionMan.entityName,%s of Dorwinion
entity.lotr,entity.lotr.Harnedhrim.entityName,%s of Harnennor
entity.lotr,entity.lotr.Umbarian.entityName,%s of Umbar
entity.lotr,entity.lotr.HobbitBartender.locationName,%s's Tavern
entity.lotr,entity.lotr.DunlendingBartender.locationName,%s's Tavern
entity.lotr,entity.lotr.RohanMeadhost.locationName,%s's Hall
entity.lotr,entity.lotr.DaleBaker.locationName,%s's Bakery
entity.lotr,entity.lotr.GondorBartender.locationName,%s's Tavern
entity.lotr,entity.lotr.EasterlingBartender.locationName,%s's Tavern
entity.lotr,entity.lotr.HarnedorBartender.locationName,%s's Tavern
entity.lotr,entity.lotr.SouthronBartender.locationName,%s's Tavern
entity.lotr,entity.lotr.UmbarBartender.locationName,%s's Tavern
entity.lotr,entity.lotr.GulfBartender.locationName,%s's Tavern
entity.lotr,entity.lotr.BreeInnkeeper.locationName,%s's Inn
entity.lotr,entity.lotr.BreeHobbitInnkeeper.locationName,%s's Inn
entity.lotr,entity.lotr.Horse.name,Horse
entity.lotr,entity.lotr.Hobbit.name,Hobbit
entity.lotr,entity.lotr.MordorOrc.name,Mordor Orc
entity.lotr,entity.lotr.ShirePony.name,Shire Pony
entity.lotr,entity.lotr.MordorWarg.name,Mordor Warg
entity.lotr,entity.lotr.GondorMan.name,Gondorian
entity.lotr,entity.lotr.GaladhrimElf.name,Galadhrim Elf
entity.lotr,entity.lotr.HobbitBartender.name,Hobbit Bartender
entity.lotr,entity.lotr.RohanMan.name,Rohirrim
entity.lotr,entity.lotr.GaladhrimWarrior.name,Galadhrim Warrior
entity.lotr,entity.lotr.MordorOrcBombardier.name,Mordor Orc Bombardier
entity.lotr,entity.lotr.MordorOrcTrader.name,Mordor Orc Trader
entity.lotr,entity.lotr.MordorOrcArcher.name,Mordor Orc Archer
entity.lotr,entity.lotr.GondorRuinsWraith.name,Gondor Ruins Wraith
entity.lotr,entity.lotr.GondorBlacksmith.name,Gondor Blacksmith
entity.lotr,entity.lotr.GaladhrimTrader.name,Galadhrim Wanderer
entity.lotr,entity.lotr.Dwarf.name,Dwarf
entity.lotr,entity.lotr.DwarfWarrior.name,Dwarf Warrior
entity.lotr,entity.lotr.DwarfMiner.name,Dwarf Miner
entity.lotr,entity.lotr.MarshWraith.name,Marsh Wraith
entity.lotr,entity.lotr.MordorWargBombardier.name,Mordor Warg Bombardier
entity.lotr,entity.lotr.MordorOrcMercenaryCaptain.name,Mordor Orc Commander
entity.lotr,entity.lotr.GondorianCaptain.name,Gondorian Captain
entity.lotr,entity.lotr.DwarfCommander.name,Dwarf Commander
entity.lotr,entity.lotr.DwarfAxeThrower.name,Dwarf Axe-thrower
entity.lotr,entity.lotr.GondorArcher.name,Gondor Archer
entity.lotr,entity.lotr.UrukHai.name,Uruk
entity.lotr,entity.lotr.UrukHaiCrossbower.name,Uruk Crossbower
entity.lotr,entity.lotr.UrukHaiBerserker.name,Uruk Berserker
entity.lotr,entity.lotr.UrukHaiTrader.name,Uruk Trader
entity.lotr,entity.lotr.UrukHaiMercenaryCaptain.name,Uruk Chieftain
entity.lotr,entity.lotr.Troll.name,Troll
entity.lotr,entity.lotr.OlogHai.name,Olog-hai
entity.lotr,entity.lotr.GaladhrimLord.name,Galadhrim Lord
entity.lotr,entity.lotr.UrukHaiSapper.name,Uruk Sapper
entity.lotr,entity.lotr.MirkwoodSpider.name,Mirkwood Spider
entity.lotr,entity.lotr.WoodElf.name,Wood-elf
entity.lotr,entity.lotr.WoodElfScout.name,Wood-elf Scout
entity.lotr,entity.lotr.RohanBarrowWraith.name,Rohan Barrow Wraith
entity.lotr,entity.lotr.Rohirrim.name,Rohirrim Warrior
entity.lotr,entity.lotr.RohirrimArcher.name,Rohirrim Bowman
entity.lotr,entity.lotr.RohirrimMarshal.name,Rohirrim Marshal
entity.lotr,entity.lotr.HobbitShirriff.name,Hobbit Bounder
entity.lotr,entity.lotr.HobbitShirriffChief.name,Hobbit Shirriff
entity.lotr,entity.lotr.RohanBlacksmith.name,Rohirrim Blacksmith
entity.lotr,entity.lotr.RangerIthilien.name,Ranger of Ithilien
entity.lotr,entity.lotr.DunlendingArcher.name,Dunlending Bowman
entity.lotr,entity.lotr.Dunlending.name,Dunlending
entity.lotr,entity.lotr.DunlendingBartender.name,Dunlending Bartender
entity.lotr,entity.lotr.RohanShieldmaiden.name,Shieldmaiden of Rohan
entity.lotr,entity.lotr.Ent.name,Ent
entity.lotr,entity.lotr.MountainTroll.name,Hill-troll
entity.lotr,entity.lotr.MountainTrollChieftain.name,Hill-troll Chieftain
entity.lotr,entity.lotr.Huorn.name,Huorn
entity.lotr,entity.lotr.DarkHuorn.name,Dark Huorn
entity.lotr,entity.lotr.WoodElfWarrior.name,Wood-elf Warrior
entity.lotr,entity.lotr.WoodElfCaptain.name,Wood-elf Captain
entity.lotr,entity.lotr.RohanMeadhost.name,Rohirrim Meadhost
entity.lotr,entity.lotr.Butterfly.name,Butterfly
entity.lotr,entity.lotr.Midges.name,Midges
entity.lotr,entity.lotr.AngmarOrcMercenaryCaptain.name,Angmar Orc Chieftain
entity.lotr,entity.lotr.Dunedain.name,Dúnedain
entity.lotr,entity.lotr.NurnSlave.name,Slave of Nurn
entity.lotr,entity.lotr.Rabbit.name,Rabbit
entity.lotr,entity.lotr.Boar.name,Wild Boar
entity.lotr,entity.lotr.HobbitOrcharder.name,Hobbit Orcharder
entity.lotr,entity.lotr.MordorOrcSlaver.name,Mordor Slaver
entity.lotr,entity.lotr.MordorSpider.name,Mordor Spider
entity.lotr,entity.lotr.MordorOrcSpiderKeeper.name,Mordor Spider Keeper
entity.lotr,entity.lotr.AngmarOrc.name,Angmar Orc
entity.lotr,entity.lotr.AngmarOrcArcher.name,Angmar Orc Archer
entity.lotr,entity.lotr.AngmarOrcBombardier.name,Angmar Orc Bombardier
entity.lotr,entity.lotr.GundabadOrc.name,Gundabad Orc
entity.lotr,entity.lotr.GundabadOrcArcher.name,Gundabad Orc Archer
entity.lotr,entity.lotr.GundabadOrcMercenaryCaptain.name,Gundabad Orc Chieftain
entity.lotr,entity.lotr.RangerNorthCaptain.name,Ranger Captain of the North
entity.lotr,entity.lotr.GundabadWarg.name,Gundabad Warg
entity.lotr,entity.lotr.AngmarWarg.name,Angmar Warg
entity.lotr,entity.lotr.AngmarWargBombardier.name,Angmar Warg Bombardier
entity.lotr,entity.lotr.UrukWarg.name,Isengard Warg
entity.lotr,entity.lotr.UrukWargBombardier.name,Isengard Warg Bombardier
entity.lotr,entity.lotr.Lion.name,Lion
entity.lotr,entity.lotr.Lioness.name,Lioness
entity.lotr,entity.lotr.Giraffe.name,Giraffe
entity.lotr,entity.lotr.Zebra.name,Zebra
entity.lotr,entity.lotr.Rhino.name,Rhino
entity.lotr,entity.lotr.Crocodile.name,Crocodile
entity.lotr,entity.lotr.NearHaradrim.name,Coast Southron
entity.lotr,entity.lotr.NearHaradrimWarrior.name,Coast Southron Warrior
entity.lotr,entity.lotr.HighElf.name,Lindon Elf
entity.lotr,entity.lotr.Gemsbok.name,Gemsbok
entity.lotr,entity.lotr.Flamingo.name,Flamingo
entity.lotr,entity.lotr.HobbitFarmer.name,Hobbit Farmer
entity.lotr,entity.lotr.HobbitFarmhand.name,Hobbit Farmhand
entity.lotr,entity.lotr.HighElfWarrior.name,Lindon Warrior
entity.lotr,entity.lotr.HighElfLord.name,Lindon Lord
entity.lotr,entity.lotr.GondorBannerBearer.name,Gondor Banner Bearer
entity.lotr,entity.lotr.RohanBannerBearer.name,Rohan Banner Bearer
entity.lotr,entity.lotr.MordorBannerBearer.name,Mordor Banner Bearer
entity.lotr,entity.lotr.GaladhrimBannerBearer.name,Galadhrim Banner Bearer
entity.lotr,entity.lotr.WoodElfBannerBearer.name,Wood-elf Banner Bearer
entity.lotr,entity.lotr.DunlendingBannerBearer.name,Dunlending Banner Bearer
entity.lotr,entity.lotr.UrukHaiBannerBearer.name,Uruk Banner Bearer
entity.lotr,entity.lotr.DwarfBannerBearer.name,Dwarf Banner Bearer
entity.lotr,entity.lotr.AngmarBannerBearer.name,Angmar Banner Bearer
entity.lotr,entity.lotr.NearHaradBannerBearer.name,Coast Southron Banner Bearer
entity.lotr,entity.lotr.HighElfBannerBearer.name,Lindon Banner Bearer
entity.lotr,entity.lotr.JungleScorpion.name,Jungle Scorpion
entity.lotr,entity.lotr.DesertScorpion.name,Desert Scorpion
entity.lotr,entity.lotr.Bird.name,Bird
entity.lotr,entity.lotr.Crebain.name,Craban
entity.lotr,entity.lotr.Camel.name,Camel
entity.lotr,entity.lotr.NearHaradrimArcher.name,Coast Southron Archer
entity.lotr,entity.lotr.NearHaradrimWarlord.name,Coast Southron Warlord
entity.lotr,entity.lotr.BlueDwarf.name,Blue Mountains Dwarf
entity.lotr,entity.lotr.BlueDwarfWarrior.name,Blue Mountains Warrior
entity.lotr,entity.lotr.BlueDwarfAxeThrower.name,Blue Mountains Axe-thrower
entity.lotr,entity.lotr.BlueDwarfBannerBearer.name,Blue Mountains Banner Bearer
entity.lotr,entity.lotr.BlueDwarfCommander.name,Blue Mountains Commander
entity.lotr,entity.lotr.BlueDwarfMiner.name,Blue Mountains Miner
entity.lotr,entity.lotr.NearHaradDrinksTrader.name,Coast Southron Brewer
entity.lotr,entity.lotr.NearHaradMineralsTrader.name,Coast Southron Miner
entity.lotr,entity.lotr.NearHaradPlantsTrader.name,Coast Southron Florist
entity.lotr,entity.lotr.NearHaradFoodTrader.name,Coast Southron Butcher
entity.lotr,entity.lotr.BlueDwarfMerchant.name,Blue Mountains Merchant
entity.lotr,entity.lotr.Bandit.name,Bandit
entity.lotr,entity.lotr.RangerNorthBannerBearer.name,Ranger Banner Bearer
entity.lotr,entity.lotr.Elk.name,Elk
entity.lotr,entity.lotr.GondorTowerGuard.name,Gondor Tower Guard
entity.lotr,entity.lotr.NearHaradMerchant.name,Merchant of Harad
entity.lotr,entity.lotr.HaradPyramidWraith.name,Harad Pyramid Wraith
entity.lotr,entity.lotr.DolGuldurOrc.name,Dol Guldur Orc
entity.lotr,entity.lotr.DolGuldurOrcArcher.name,Dol Guldur Orc Archer
entity.lotr,entity.lotr.DolGuldurBannerBearer.name,Dol Guldur Banner Bearer
entity.lotr,entity.lotr.DolGuldurChieftain.name,Dol Guldur Orc Chieftain
entity.lotr,entity.lotr.MirkTroll.name,Mirk-troll
entity.lotr,entity.lotr.GundabadBannerBearer.name,Gundabad Banner Bearer
entity.lotr,entity.lotr.DikDik.name,Dik-dik
entity.lotr,entity.lotr.BlackUruk.name,Black Uruk
entity.lotr,entity.lotr.BlackUrukArcher.name,Black Uruk Archer
entity.lotr,entity.lotr.HalfTroll.name,Half-troll
entity.lotr,entity.lotr.RangerIthilienCaptain.name,Ithilien Ranger Captain
entity.lotr,entity.lotr.RangerIthilienBannerBearer.name,Ithilien Banner Bearer
entity.lotr,entity.lotr.HalfTrollBannerBearer.name,Half-troll Banner Bearer
entity.lotr,entity.lotr.AngmarOrcTrader.name,Angmar Orc Trader
entity.lotr,entity.lotr.DolGuldurOrcTrader.name,Dol Guldur Orc Trader
entity.lotr,entity.lotr.GaladhrimSmith.name,Galadhrim Smith
entity.lotr,entity.lotr.HighElfSmith.name,Lindon Smith
entity.lotr,entity.lotr.WoodElfSmith.name,Wood-elven Smith
entity.lotr,entity.lotr.SwanKnight.name,Swan Knight
entity.lotr,entity.lotr.DolAmrothCaptain.name,Dol Amroth Captain
entity.lotr,entity.lotr.DolAmrothBannerBearer.name,Dol Amroth Banner Bearer
entity.lotr,entity.lotr.Swan.name,Swan
entity.lotr,entity.lotr.MoredainWarrior.name,Morwaith Warrior
entity.lotr,entity.lotr.MoredainBannerBearer.name,Morwaith Banner Bearer
entity.lotr,entity.lotr.MoredainChieftain.name,Morwaith Chieftain
entity.lotr,entity.lotr.MoredainHuntsman.name,Morwaith Huntsman
entity.lotr,entity.lotr.MoredainHutmaker.name,Morwaith Hutmaker
entity.lotr,entity.lotr.DunlendingBerserker.name,Dunlending Berserker
entity.lotr,entity.lotr.AngmarHillman.name,Rhudaur Hillman
entity.lotr,entity.lotr.AngmarHillmanWarrior.name,Rhudaur Hillman Warrior
entity.lotr,entity.lotr.AngmarHillmanChieftain.name,Rhudaur Hillman Chieftain
entity.lotr,entity.lotr.AngmarHillmanBannerBearer.name,Rhudaur Hillman Banner Bearer
entity.lotr,entity.lotr.AngmarHillmanAxeThrower.name,Rhudaur Hillman Axe-thrower
entity.lotr,entity.lotr.DunlendingAxeThrower.name,Dunlending Axe-thrower
entity.lotr,entity.lotr.IronHillsMerchant.name,Iron Hills Merchant
entity.lotr,entity.lotr.MallornEnt.name,Mallorn Ent
entity.lotr,entity.lotr.ScrapTrader.name,Oddment Collector
entity.lotr,entity.lotr.TauredainWarrior.name,Taurethrim Warrior
entity.lotr,entity.lotr.TauredainBannerBearer.name,Taurethrim Banner Bearer
entity.lotr,entity.lotr.TauredainChieftain.name,Taurethrim Chieftain
entity.lotr,entity.lotr.TauredainBlowgunner.name,Taurethrim Blowgunner
entity.lotr,entity.lotr.BarrowWight.name,Barrow-wight
entity.lotr,entity.lotr.TauredainShaman.name,Taurethrim Shaman
entity.lotr,entity.lotr.GaladhrimWarden.name,Galadhrim Warden
entity.lotr,entity.lotr.TauredainFarmer.name,Taurethrim Farmer
entity.lotr,entity.lotr.TauredainFarmhand.name,Taurethrim Farmhand
entity.lotr,entity.lotr.DwarfSmith.name,Dwarven Smith
entity.lotr,entity.lotr.BlueDwarfSmith.name,Blue Mountains Smith
entity.lotr,entity.lotr.TauredainPyramidWraith.name,Taurethrim Pyramid Wraith
entity.lotr,entity.lotr.GundabadUruk.name,Gundabad Uruk
entity.lotr,entity.lotr.GundabadUrukArcher.name,Gundabad Uruk Archer
entity.lotr,entity.lotr.IsengardSnagaArcher.name,Isengard Snaga Archer
entity.lotr,entity.lotr.BanditHarad.name,Harad Bandit
entity.lotr,entity.lotr.Deer.name,Deer
entity.lotr,entity.lotr.DaleMan.name,Dalishman
entity.lotr,entity.lotr.DaleLevyman.name,Dalish Levyman
entity.lotr,entity.lotr.DaleArcher.name,Dalish Longbowman
entity.lotr,entity.lotr.DaleBannerBearer.name,Dalish Banner Bearer
entity.lotr,entity.lotr.DaleBlacksmith.name,Dalish Blacksmith
entity.lotr,entity.lotr.DorwinionMan.name,Dorwinman
entity.lotr,entity.lotr.DorwinionCaptain.name,Vintner Guard Captain
entity.lotr,entity.lotr.DorwinionBannerBearer.name,Dorwinion Banner Bearer
entity.lotr,entity.lotr.DorwinionElf.name,Dorwinion Elf
entity.lotr,entity.lotr.DorwinionElfWarrior.name,Warrior of Bladorthin
entity.lotr,entity.lotr.DorwinionElfBannerBearer.name,Dorwinion Elf Banner Bearer
entity.lotr,entity.lotr.DorwinionElfCaptain.name,Captain of Bladorthin
entity.lotr,entity.lotr.DaleBaker.name,Dalish Baker
entity.lotr,entity.lotr.DorwinionElfVintner.name,Dorwinion Vintner-elf
entity.lotr,entity.lotr.DorwinionVinehand.name,Dorwinion Vinehand
entity.lotr,entity.lotr.DorwinionVinekeeper.name,Dorwinion Vinekeeper
entity.lotr,entity.lotr.DorwinionMerchant.name,Dorwinion Elf Merchant
entity.lotr,entity.lotr.DaleMerchant.name,Dalish Merchant
entity.lotr,entity.lotr.Aurochs.name,Aurochs
entity.lotr,entity.lotr.KineAraw.name,Kine of Araw
entity.lotr,entity.lotr.DorwinionCrossbower.name,Vintner Guard Crossbower
entity.lotr,entity.lotr.LossarnachAxeman.name,Lossarnach Axeman
entity.lotr,entity.lotr.LossarnachBannerBearer.name,Lossarnach Banner Bearer
entity.lotr,entity.lotr.BlackUrukBannerBearer.name,Black Uruk Banner Bearer
entity.lotr,entity.lotr.PelargirMarine.name,Pelargir Marine
entity.lotr,entity.lotr.PelargirBannerBearer.name,Pelargir Banner Bearer
entity.lotr,entity.lotr.PinnathGelinSoldier.name,Pinnath Gelin Soldier
entity.lotr,entity.lotr.PinnathGelinBannerBearer.name,Pinnath Gelin Banner Bearer
entity.lotr,entity.lotr.BlackrootSoldier.name,Blackroot Vale Soldier
entity.lotr,entity.lotr.BlackrootBannerBearer.name,Blackroot Vale Banner Bearer
entity.lotr,entity.lotr.BlackrootArcher.name,Blackroot Vale Bowman
entity.lotr,entity.lotr.GondorLevyman.name,Gondor Levyman
entity.lotr,entity.lotr.NanUngolBannerBearer.name,Nan Ungol Banner Bearer
entity.lotr,entity.lotr.MinasMorgulBannerBearer.name,Minas Morgul Banner Bearer
entity.lotr,entity.lotr.DolAmrothSoldier.name,Dol Amroth Man-at-arms
entity.lotr,entity.lotr.DolAmrothArcher.name,Dol Amroth Archer
entity.lotr,entity.lotr.GondorFarmer.name,Gondor Farmer
entity.lotr,entity.lotr.GondorFarmhand.name,Gondor Farmhand
entity.lotr,entity.lotr.LebenninLevyman.name,Lebennin Levyman
entity.lotr,entity.lotr.LebenninBannerBearer.name,Lebennin Banner Bearer
entity.lotr,entity.lotr.GondorBartender.name,Gondor Bartender
entity.lotr,entity.lotr.GondorGreengrocer.name,Gondor Greengrocer
entity.lotr,entity.lotr.GondorLumberman.name,Gondor Lumberman
entity.lotr,entity.lotr.GondorMason.name,Gondor Stonemason
entity.lotr,entity.lotr.GondorBrewer.name,Gondor Brewer
entity.lotr,entity.lotr.GondorFlorist.name,Gondor Florist
entity.lotr,entity.lotr.GondorButcher.name,Gondor Butcher
entity.lotr,entity.lotr.GondorFishmonger.name,Gondor Fishmonger
entity.lotr,entity.lotr.GondorBaker.name,Gondor Baker
entity.lotr,entity.lotr.LossarnachCaptain.name,Lossarnach Captain
entity.lotr,entity.lotr.PelargirCaptain.name,Pelargir Commander
entity.lotr,entity.lotr.PinnathGelinCaptain.name,Pinnath Gelin Captain
entity.lotr,entity.lotr.BlackrootCaptain.name,Blackroot Vale Bowlord
entity.lotr,entity.lotr.LebenninCaptain.name,Lebennin Levymaster
entity.lotr,entity.lotr.LamedonSoldier.name,Lamedon Warrior
entity.lotr,entity.lotr.LamedonArcher.name,Lamedon Archer
entity.lotr,entity.lotr.LamedonBannerBearer.name,Lamedon Banner Bearer
entity.lotr,entity.lotr.LamedonCaptain.name,Lamedon Captain
entity.lotr,entity.lotr.LamedonHillman.name,Lamedon Hillman
entity.lotr,entity.lotr.RohanFarmhand.name,Rohirrim Farmhand
entity.lotr,entity.lotr.Gorcrow.name,Gorcrow
entity.lotr,entity.lotr.Seagull.name,Seagull
entity.lotr,entity.lotr.RohanFarmer.name,Rohirrim Farmer
entity.lotr,entity.lotr.RohanLumberman.name,Rohirrim Lumberman
entity.lotr,entity.lotr.RohanBuilder.name,Rohirrim Builder
entity.lotr,entity.lotr.RohanBrewer.name,Rohirrim Brewer
entity.lotr,entity.lotr.RohanButcher.name,Rohirrim Butcher
entity.lotr,entity.lotr.RohanFishmonger.name,Rohirrim Fishmonger
entity.lotr,entity.lotr.RohanBaker.name,Rohirrim Baker
entity.lotr,entity.lotr.RohanOrcharder.name,Rohirrim Orcharder
entity.lotr,entity.lotr.DunedainBlacksmith.name,Dúnedain Blacksmith
entity.lotr,entity.lotr.RohanStablemaster.name,Rohirrim Stablemaster
entity.lotr,entity.lotr.Bear.name,Bear
entity.lotr,entity.lotr.Easterling.name,Easterling
entity.lotr,entity.lotr.EasterlingBannerBearer.name,Easterling Banner Bearer
entity.lotr,entity.lotr.EasterlingArcher.name,Easterling Archer
entity.lotr,entity.lotr.EasterlingBlacksmith.name,Easterling Blacksmith
entity.lotr,entity.lotr.EasterlingWarlord.name,Easterling Warlord
entity.lotr,entity.lotr.EasterlingFireThrower.name,Easterling Fire-thrower
entity.lotr,entity.lotr.DorwinionMerchantMan.name,Dorwinion Merchant
entity.lotr,entity.lotr.EasterlingLumberman.name,Easterling Lumberman
entity.lotr,entity.lotr.EasterlingMason.name,Easterling Stonemason
entity.lotr,entity.lotr.EasterlingButcher.name,Easterling Butcher
entity.lotr,entity.lotr.EasterlingBrewer.name,Easterling Brewer
entity.lotr,entity.lotr.EasterlingFishmonger.name,Easterling Fishmonger
entity.lotr,entity.lotr.EasterlingBaker.name,Easterling Baker
entity.lotr,entity.lotr.EasterlingHunter.name,Easterling Huntsman
entity.lotr,entity.lotr.EasterlingFarmer.name,Easterling Farmer
entity.lotr,entity.lotr.EasterlingGoldsmith.name,Easterling Goldsmith
entity.lotr,entity.lotr.EasterlingBartender.name,Easterling Bartender
entity.lotr,entity.lotr.DorwinionElfArcher.name,Archer of Bladorthin
entity.lotr,entity.lotr.EasterlingFarmhand.name,Easterling Farmhand
entity.lotr,entity.lotr.RivendellElf.name,Rivendell Elf
entity.lotr,entity.lotr.RivendellWarrior.name,Rivendell Warrior
entity.lotr,entity.lotr.RivendellLord.name,Rivendell Captain
entity.lotr,entity.lotr.RivendellBannerBearer.name,Rivendell Banner Bearer
entity.lotr,entity.lotr.RivendellSmith.name,Rivendell Smith
entity.lotr,entity.lotr.EsgarothBannerBearer.name,Esgaroth Banner Bearer
entity.lotr,entity.lotr.RivendellTrader.name,Rivendell Wanderer
entity.lotr,entity.lotr.Fish.name,Fish
entity.lotr,entity.lotr.GundabadOrcTrader.name,Gundabad Orc Scrounger
entity.lotr,entity.lotr.NearHaradBlacksmith.name,Coast Southron Blacksmith
entity.lotr,entity.lotr.SnowTroll.name,Snow-troll
entity.lotr,entity.lotr.Harnedhrim.name,Harnedhrim
entity.lotr,entity.lotr.HarnedorWarrior.name,Harnennor Warrior
entity.lotr,entity.lotr.HarnedorArcher.name,Harnennor Archer
entity.lotr,entity.lotr.HarnedorBannerBearer.name,Harnennor Banner Bearer
entity.lotr,entity.lotr.Umbarian.name,Umbarian
entity.lotr,entity.lotr.UmbarWarrior.name,Umbar Soldier
entity.lotr,entity.lotr.UmbarArcher.name,Umbar Archer
entity.lotr,entity.lotr.UmbarBannerBearer.name,Umbar Banner Bearer
entity.lotr,entity.lotr.MoredainMercenary.name,Morwaith Mercenary
entity.lotr,entity.lotr.GulfHaradrim.name,Gulfing
entity.lotr,entity.lotr.GulfWarrior.name,Gulfing Warrior
entity.lotr,entity.lotr.GulfArcher.name,Gulfing Archer
entity.lotr,entity.lotr.GulfBannerBearer.name,Gulfing Banner Bearer
entity.lotr,entity.lotr.Corsair.name,Corsair of Umbar
entity.lotr,entity.lotr.Nomad.name,Harad Nomad
entity.lotr,entity.lotr.NomadWarrior.name,Nomad Guard
entity.lotr,entity.lotr.NomadArcher.name,Nomad Archer
entity.lotr,entity.lotr.NomadBannerBearer.name,Nomad Banner Bearer
entity.lotr,entity.lotr.HarnedorWarlord.name,Harnennor Warlord
entity.lotr,entity.lotr.UmbarCaptain.name,Umbar Captain
entity.lotr,entity.lotr.CorsairCaptain.name,Corsair Captain
entity.lotr,entity.lotr.NomadChieftain.name,Nomad Chieftain
entity.lotr,entity.lotr.GulfWarlord.name,Gulfing Warlord
entity.lotr,entity.lotr.HaradSlave.name,Slave of Harad
entity.lotr,entity.lotr.CorsairSlaver.name,Corsair Slaver
entity.lotr,entity.lotr.HarnedorBlacksmith.name,Harnennor Bronzesmith
entity.lotr,entity.lotr.UmbarBlacksmith.name,Umbar Blacksmith
entity.lotr,entity.lotr.GulfBlacksmith.name,Gulfing Blacksmith
entity.lotr,entity.lotr.GondorRenegade.name,Gondorian Renegade
entity.lotr,entity.lotr.NomadMerchant.name,Nomad Merchant
entity.lotr,entity.lotr.HarnedorBartender.name,Harnennor Bartender
entity.lotr,entity.lotr.HarnedorLumberman.name,Harnennor Lumberman
entity.lotr,entity.lotr.HarnedorMason.name,Harnennor Stonemason
entity.lotr,entity.lotr.HarnedorButcher.name,Harnennor Butcher
entity.lotr,entity.lotr.HarnedorBrewer.name,Harnennor Brewer
entity.lotr,entity.lotr.HarnedorFishmonger.name,Harnennor Fishmonger
entity.lotr,entity.lotr.HarnedorBaker.name,Harnennor Baker
entity.lotr,entity.lotr.HarnedorHunter.name,Harnennor Huntsman
entity.lotr,entity.lotr.HarnedorMiner.name,Harnennor Miner
entity.lotr,entity.lotr.SouthronLumberman.name,Coast Southron Lumberman
entity.lotr,entity.lotr.SouthronMason.name,Coast Southron Stonemason
entity.lotr,entity.lotr.SouthronFishmonger.name,Coast Southron Fishmonger
entity.lotr,entity.lotr.SouthronBaker.name,Coast Southron Baker
entity.lotr,entity.lotr.SouthronGoldsmith.name,Coast Southron Goldsmith
entity.lotr,entity.lotr.UmbarLumberman.name,Umbar Lumberman
entity.lotr,entity.lotr.UmbarButcher.name,Umbar Butcher
entity.lotr,entity.lotr.UmbarBrewer.name,Umbar Brewer
entity.lotr,entity.lotr.UmbarFishmonger.name,Umbar Fishmonger
entity.lotr,entity.lotr.UmbarBaker.name,Umbar Baker
entity.lotr,entity.lotr.UmbarFlorist.name,Umbar Florist
entity.lotr,entity.lotr.UmbarMiner.name,Umbar Miner
entity.lotr,entity.lotr.UmbarGoldsmith.name,Umbar Goldsmith
entity.lotr,entity.lotr.UmbarMason.name,Umbar Stonemason
entity.lotr,entity.lotr.NomadMason.name,Nomad Stonemason
entity.lotr,entity.lotr.NomadBrewer.name,Nomad Brewer
entity.lotr,entity.lotr.NomadMiner.name,Nomad Miner
entity.lotr,entity.lotr.GulfMason.name,Gulfing Stonemason
entity.lotr,entity.lotr.GulfButcher.name,Gulfing Butcher
entity.lotr,entity.lotr.GulfBrewer.name,Gulfing Brewer
entity.lotr,entity.lotr.GulfFishmonger.name,Gulfing Fishmonger
entity.lotr,entity.lotr.GulfBaker.name,Gulfing Baker
entity.lotr,entity.lotr.GulfMiner.name,Gulfing Miner
entity.lotr,entity.lotr.GulfGoldsmith.name,Gulfing Goldsmith
entity.lotr,entity.lotr.GulfLumberman.name,Gulfing Lumberman
entity.lotr,entity.lotr.GulfHunter.name,Gulfing Huntsman
entity.lotr,entity.lotr.NomadArmourer.name,Nomad Armourer
entity.lotr,entity.lotr.SouthronBartender.name,Coast Southron Bartender
entity.lotr,entity.lotr.UmbarBartender.name,Umbar Bartender
entity.lotr,entity.lotr.GulfBartender.name,Gulfing Bartender
entity.lotr,entity.lotr.HarnedorFarmhand.name,Harnennor Farmhand
entity.lotr,entity.lotr.HarnedorFarmer.name,Harnennor Farmer
entity.lotr,entity.lotr.SouthronFarmer.name,Coast Southron Farmer
entity.lotr,entity.lotr.UmbarFarmer.name,Umbar Farmer
entity.lotr,entity.lotr.GulfFarmer.name,Gulfing Farmer
entity.lotr,entity.lotr.TauredainSmith.name,Taurethrim Smith
entity.lotr,entity.lotr.WhiteOryx.name,White Oryx
entity.lotr,entity.lotr.BlackUrukCaptain.name,Black Uruk Captain
entity.lotr,entity.lotr.WickedDwarf.name,Wicked Dwarf
entity.lotr,entity.lotr.BreeMan.name,Bree-Man
entity.lotr,entity.lotr.BreeGuard.name,Bree-land Guard
entity.lotr,entity.lotr.BreeBannerBearer.name,Bree-land Banner Bearer
entity.lotr,entity.lotr.BreeCaptain.name,Bree-land Sherriff
entity.lotr,entity.lotr.BreeBlacksmith.name,Bree-land Blacksmith
entity.lotr,entity.lotr.BreeInnkeeper.name,Bree-land Innkeeper
entity.lotr,entity.lotr.BreeHobbit.name,Bree-hobbit
entity.lotr,entity.lotr.RuffianSpy.name,Ruffian Spy
entity.lotr,entity.lotr.RuffianBrute.name,Ruffian Brute
entity.lotr,entity.lotr.BreeHobbitInnkeeper.name,Bree-hobbit Innkeeper
entity.lotr,entity.lotr.BreeBaker.name,Bree-land Baker
entity.lotr,entity.lotr.BreeButcher.name,Bree-land Butcher
entity.lotr,entity.lotr.BreeBrewer.name,Bree-land Brewer
entity.lotr,entity.lotr.BreeMason.name,Bree-land Stonemason
entity.lotr,entity.lotr.BreeLumberman.name,Bree-land Lumberman
entity.lotr,entity.lotr.BreeFlorist.name,Bree-land Florist
entity.lotr,entity.lotr.BreeFarmer.name,Bree-land Farmer
entity.lotr,entity.lotr.BreeFarmhand.name,Bree-land Farmhand
entity.lotr,entity.lotr.BreeHobbitBaker.name,Bree-hobbit Baker
entity.lotr,entity.lotr.BreeHobbitButcher.name,Bree-hobbit Butcher
entity.lotr,entity.lotr.BreeHobbitBrewer.name,Bree-hobbit Brewer
entity.lotr,entity.lotr.BreeHobbitFlorist.name,Bree-hobbit Florist
entity.lotr,entity.lotr.UtumnoOrc.name,Utumno Orc
entity.lotr,entity.lotr.UtumnoOrcArcher.name,Utumno Orc Archer
entity.lotr,entity.lotr.UtumnoWarg.name,Utumno Warg
entity.lotr,entity.lotr.UtumnoIceWarg.name,Utumno Ice Warg
entity.lotr,entity.lotr.UtumnoObsidianWarg.name,Utumno Obsidian Warg
entity.lotr,entity.lotr.UtumnoFireWarg.name,Utumno Fire Warg
entity.lotr,entity.lotr.UtumnoIceSpider.name,Utumno Ice Spider
entity.lotr,entity.lotr.Balrog.name,Balrog
entity.lotr,entity.lotr.TormentedElf.name,Tormented Elf
entity.lotr,entity.lotr.UtumnoTroll.name,Utumno Troll
entity.lotr,entity.lotr.UtumnoSnowTroll.name,Utumno Snow-troll
entity.lotr,entity.lotr.Sauron.name,Sauron
entity.lotr,entity.lotr.Gollum.name,Gollum
entity.lotr,entity.lotr.Saruman.name,Saruman
entity.lotr,entity.lotr.Gandalf.name,Grey Wanderer
entity.lotr,entity.lotr.Portal.name,Ring Portal
entity.lotr,entity.lotr.GandalfFireball.name,Gandalf Fireball
entity.lotr,entity.lotr.Spear.name,Spear
entity.lotr,entity.lotr.WargRug.name,Wargskin Rug
entity.lotr,entity.lotr.MarshWraithBall.name,Marsh Wraith Spell
entity.lotr,entity.lotr.StoneTroll.name,Troll Statue
entity.lotr,entity.lotr.TraderRespawn.name,Trader Respawn
entity.lotr,entity.lotr.ThrownRock.name,Thrown Rock
entity.lotr,entity.lotr.Banner.name,Banner
entity.lotr,entity.lotr.WallBanner.name,Wall Banner
entity.lotr,entity.lotr.InvasionSpawner.name,Invasion Spawner
entity.lotr,entity.lotr.LOTRTNT.name,TNT
entity.lotr,entity.lotr.MallornLeafBomb.name,Mallorn Leaf Bomb
entity.lotr,entity.lotr.LOTRFishHook.name,Fishing Hook
entity.lotr,entity.lotr.NPCRespawner.name,NPC Respawner
entity.lotr,entity.lotr.FallingTreasure.name,Falling Treasure
entity.lotr,entity.lotr.FallingFireJar.name,Falling Fire Jar
entity.lotr,entity.lotr.ThrownFirePot.name,Fire Pot
entity.lotr,entity.lotr.TrollSnowball.name,Troll Snowball
entity.lotr,entity.lotr.LionRug.name,Lion Rug
entity.lotr,entity.lotr.BearRug.name,Bear Rug
entity.lotr,entity.lotr.GiraffeRug.name,Giraffe Rug
lotr.travellingTrader,lotr.travellingTrader.arrive,%s has arrived nearby
lotr.travellingTrader,lotr.travellingTrader.arriveMP,%s has arrived near %s
lotr.travellingTrader,lotr.travellingTrader.depart,%s has left the area
lotr.unitinfo,lotr.unitinfo.Banner,Banner Bearers provide various combat improvements to other nearby NPCs of the same faction
lotr.unit,lotr.unit.MordorOrc_Warg,Warg Rider
lotr.unit,lotr.unit.MordorOrcArcher_Warg,Warg Archer Rider
lotr.unit,lotr.unit.GondorSoldier_Horse,Gondorian Knight
lotr.unit,lotr.unit.DwarfWarrior_Boar,Boar Rider
lotr.unit,lotr.unit.DwarfAxeThrower_Boar,Boar Axe-thrower Rider
lotr.unit,lotr.unit.IsengardSnaga_Warg,Warg Rider
lotr.unit,lotr.unit.IsengardSnagaArcher_Warg,Warg Archer Rider
lotr.unit,lotr.unit.GaladhrimWarrior_Horse,Galadhrim Rider
lotr.unit,lotr.unit.RohirrimArcher_Horse,Archer Rider
lotr.unit,lotr.unit.HobbitBounder_Pony,Mounted Bounder
lotr.unit,lotr.unit.WoodElfWarrior_Elk,Wood-elven Elk Rider
lotr.unit,lotr.unit.AngmarOrc_Warg,Warg Rider
lotr.unit,lotr.unit.AngmarOrcArcher_Warg,Warg Archer Rider
lotr.unit,lotr.unit.MordorOrc_Spider,Spider Rider
lotr.unit,lotr.unit.MordorOrcArcher_Spider,Spider Archer Rider
lotr.unit,lotr.unit.GundabadOrc_Warg,Warg Rider
lotr.unit,lotr.unit.GundabadOrcArcher_Warg,Warg Archer Rider
lotr.unit,lotr.unit.RangerNorth_Horse,Ranger Outrider
lotr.unit,lotr.unit.HighElfWarrior_Horse,Lindon Rider
lotr.unit,lotr.unit.BlueDwarfWarrior_Boar,Boar Rider
lotr.unit,lotr.unit.BlueDwarfAxeThrower_Boar,Boar Axe-thrower Rider
lotr.unit,lotr.unit.DolGuldurOrc_Spider,Spider Rider
lotr.unit,lotr.unit.DolGuldurOrcArcher_Spider,Spider Archer Rider
lotr.unit,lotr.unit.HalfTrollWarrior_Rhino,Rhino Rider
lotr.unit,lotr.unit.DolAmrothSoldier_Horse,Dol Amroth Horseman
lotr.unit,lotr.unit.SwanKnight_Horse,Mounted Swan Knight
lotr.unit,lotr.unit.MoredainWarrior_Zebra,Morwaith Zebra Rider
lotr.unit,lotr.unit.AngmarHillman_Warg,Warg Rider
lotr.unit,lotr.unit.AngmarHillmanWarrior_Warg,Warg Warrior Rider
lotr.unit,lotr.unit.AngmarHillmanAxeThrower_Warg,Warg Axe-thrower Rider
lotr.unit,lotr.unit.DaleSoldier_Horse,Dalish Knight
lotr.unit,lotr.unit.PinnathGelinSoldier_Horse,Pinnath Gelin Knight
lotr.unit,lotr.unit.BlackrootSoldier_Horse,Blackroot Knight
lotr.unit,lotr.unit.LamedonSoldier_Horse,Lamedon Knight
lotr.unit,lotr.unit.EasterlingWarrior_Horse,Easterling Horseman
lotr.unit,lotr.unit.EasterlingArcher_Horse,Easterling Horse Archer
lotr.unit,lotr.unit.EasterlingGoldWarrior_Horse,Golden Easterling Horseman
lotr.unit,lotr.unit.RivendellWarrior_Horse,Rivendell Rider
lotr.unit,lotr.unit.HarnedorWarrior_Horse,Harnennor Horseman
lotr.unit,lotr.unit.HarnedorArcher_Horse,Harnennor Horse Archer
lotr.unit,lotr.unit.UmbarWarrior_Horse,Umbar Horseman
lotr.unitinfo,lotr.unitinfo.Corsair,Corsairs are better at looting coins from slain enemies
lotr.unit,lotr.unit.NomadWarrior_Camel,Nomad Camelman
lotr.unit,lotr.unit.NomadArcher_Camel,Nomad Camel Archer
lotr.unit,lotr.unit.GulfWarrior_Horse,Gulfing Horseman
lotr.unit,lotr.unit.GulfArcher_Horse,Gulfing Horse Archer
lotr.loading,lotr.loading.enterME,Entering Middle-earth
lotr.loading,lotr.loading.enterUtumno,Entering the pits of Utumno...
lotr.biome,lotr.biome.river.name,River
lotr.biome,lotr.biome.mistyMountains.name,Misty Mountains
lotr.biome,lotr.biome.shire.name,The Shire
lotr.biome,lotr.biome.shireWoodlands.name,Shire Woodlands
lotr.biome,lotr.biome.mordorMountains.name,Mordor Mountains
lotr.biome,lotr.biome.whiteMountains.name,White Mountains
lotr.biome,lotr.biome.celebrant.name,Field of Celebrant
lotr.biome,lotr.biome.ironHills.name,Iron Hills
lotr.biome,lotr.biome.deadMarshes.name,Dead Marshes
lotr.biome,lotr.biome.trollshaws.name,Trollshaws
lotr.biome,lotr.biome.mirkwoodCorrupted.name,Mirkwood
lotr.biome,lotr.biome.rohanUrukHighlands.name,Uruk Highlands
lotr.biome,lotr.biome.emynMuil.name,Emyn Muil
lotr.biome,lotr.biome.ithilien.name,Ithilien
lotr.biome,lotr.biome.loneLands.name,Lone-lands
lotr.biome,lotr.biome.loneLandsHills.name,Weather Hills
lotr.biome,lotr.biome.angle.name,The Angle
lotr.biome,lotr.biome.ettenmoors.name,Ettenmoors
lotr.biome,lotr.biome.oldForest.name,Old Forest
lotr.biome,lotr.biome.harondor.name,Harondor
lotr.biome,lotr.biome.eriador.name,Eriador
lotr.biome,lotr.biome.eriadorDowns.name,Eriador Downs
lotr.biome,lotr.biome.erynVorn.name,Eryn Vorn
lotr.biome,lotr.biome.greyMountains.name,Grey Mountains
lotr.biome,lotr.biome.midgewater.name,Midgewater
lotr.biome,lotr.biome.brownLands.name,Brown Lands
lotr.biome,lotr.biome.ocean.name,The Sea
lotr.biome,lotr.biome.anduinHills.name,Anduin Hills
lotr.biome,lotr.biome.meneltarma.name,Meneltarma
lotr.biome,lotr.biome.gladdenFields.name,Gladden Fields
lotr.biome,lotr.biome.lothlorienEdge.name,Eaves of Lothlórien
lotr.biome,lotr.biome.forodwaith.name,Forodwaith
lotr.biome,lotr.biome.enedwaith.name,Enedwaith
lotr.biome,lotr.biome.eregion.name,Eregion
lotr.biome,lotr.biome.lindonWoodlands.name,Lindon Woodlands
lotr.biome,lotr.biome.eastBight.name,East Bight
lotr.biome,lotr.biome.mirkwoodMountains.name,Mirkwood Mountains
lotr.biome,lotr.biome.wilderland.name,Wilderland
lotr.biome,lotr.biome.dagorlad.name,Dagorlad
lotr.biome,lotr.biome.nurn.name,Nurn
lotr.biome,lotr.biome.nurnen.name,Sea of Núrnen
lotr.biome,lotr.biome.nurnMarshes.name,Nurn Marshes
lotr.biome,lotr.biome.angmarMountains.name,Angmar Mountains
lotr.biome,lotr.biome.anduinMouth.name,Mouths of Anduin
lotr.biome,lotr.biome.entwashMouth.name,Mouths of Entwash
lotr.biome,lotr.biome.dorEnErnil.name,Dor-en-Ernil
lotr.biome,lotr.biome.dorEnErnilHills.name,Dor-en-Ernil Hills
lotr.biome,lotr.biome.fangornWasteland.name,Fangorn Wasteland
lotr.biome,lotr.biome.rohanWoodlands.name,Rohan Woodlands
lotr.biome,lotr.biome.gondorWoodlands.name,Gondor Woodlands
lotr.biome,lotr.biome.lake.name,Lake
lotr.biome,lotr.biome.lindonCoast.name,Lindon Coastline
lotr.biome,lotr.biome.barrowDowns.name,Barrow-downs
lotr.biome,lotr.biome.longMarshes.name,Long Marshes
lotr.biome,lotr.biome.fangornClearing.name,Fangorn Clearing
lotr.biome,lotr.biome.ithilienHills.name,Ithilien Hills
lotr.biome,lotr.biome.ithilienWasteland.name,Ithilien Wasteland
lotr.biome,lotr.biome.nindalf.name,Nindalf
lotr.biome,lotr.biome.coldfells.name,Coldfells
lotr.biome,lotr.biome.nanCurunir.name,Nan Curunír
lotr.biome,lotr.biome.adornland.name,Adornland
lotr.biome,lotr.biome.whiteDowns.name,White Downs
lotr.biome,lotr.biome.swanfleet.name,Swanfleet
lotr.biome,lotr.biome.pelennor.name,Pelennor Fields
lotr.biome,lotr.biome.minhiriath.name,Minhiriath
lotr.biome,lotr.biome.erebor.name,Erebor
lotr.biome,lotr.biome.mirkwoodNorth.name,Northern Mirkwood
lotr.biome,lotr.biome.woodlandRealmHills.name,Woodland Realm Hills
lotr.biome,lotr.biome.island.name,Island
lotr.biome,lotr.biome.forodwaithMountains.name,Forodwaith Mountains
lotr.biome,lotr.biome.mistyMountainsFoothills.name,Misty Mountains Foothills
lotr.biome,lotr.biome.greyMountainsFoothills.name,Grey Mountains Foothills
lotr.biome,lotr.biome.blueMountainsFoothills.name,Blue Mountains Foothills
lotr.biome,lotr.biome.tundra.name,Northlands
lotr.biome,lotr.biome.taiga.name,Northern Forests
lotr.biome,lotr.biome.chetwood.name,Chetwood
lotr.biome,lotr.biome.forodwaithGlacier.name,Forodwaith Glacier
lotr.biome,lotr.biome.whiteMountainsFoothills.name,White Mountains Foothills
lotr.biome,lotr.biome.beach.name,Beach
lotr.biome,lotr.biome.beachGravel.name,Gravel Beach
lotr.biome,lotr.biome.nearHarad.name,Great Desert
lotr.biome,lotr.biome.farHarad.name,Far Harad Grasslands
lotr.biome,lotr.biome.haradMountains.name,Harad Mountains
lotr.biome,lotr.biome.farHaradJungle.name,Far Harad Jungle
lotr.biome,lotr.biome.umbarHills.name,Umbar Hills
lotr.biome,lotr.biome.nearHaradHills.name,Desert Hills
lotr.biome,lotr.biome.farHaradJungleLake.name,Far Harad Jungle Lake
lotr.biome,lotr.biome.lostladen.name,Lostladen
lotr.biome,lotr.biome.farHaradForest.name,Far Harad Forest
lotr.biome,lotr.biome.nearHaradFertile.name,Southron Coasts
lotr.biome,lotr.biome.pertorogwaith.name,Perdorogwaith
lotr.biome,lotr.biome.umbarForest.name,Umbar Forest
lotr.biome,lotr.biome.farHaradJungleEdge.name,Far Harad Jungle Edge
lotr.biome,lotr.biome.tauredainClearing.name,Taurethrim Clearing
lotr.biome,lotr.biome.dorwinionHills.name,Emyn Winion
lotr.biome,lotr.biome.tolfalas.name,Tolfalas
lotr.biome,lotr.biome.rhunForest.name,Rhûn Forest
lotr.biome,lotr.biome.redMountains.name,Red Mountains
lotr.biome,lotr.biome.redMountainsFoothills.name,Red Mountains Foothills
lotr.biome,lotr.biome.nearHaradSemiDesert.name,Half-deserts
lotr.biome,lotr.biome.farHaradArid.name,Far Harad Arid Grasslands
lotr.biome,lotr.biome.farHaradAridHills.name,Far Harad Arid Hills
lotr.biome,lotr.biome.farHaradSwamp.name,Far Harad Swampland
lotr.biome,lotr.biome.farHaradCloudForest.name,Far Harad Cloud Forest
lotr.biome,lotr.biome.farHaradBushland.name,Far Harad Bushland
lotr.biome,lotr.biome.farHaradBushlandHills.name,Far Harad Bushland Hills
lotr.biome,lotr.biome.farHaradMangrove.name,Far Harad Mangrove
lotr.biome,lotr.biome.nearHaradFertileForest.name,Southron Forests
lotr.biome,lotr.biome.anduinVale.name,Vales of Anduin
lotr.biome,lotr.biome.wold.name,The Wold
lotr.biome,lotr.biome.shireMoors.name,Shire Moors
lotr.biome,lotr.biome.shireMarshes.name,Shire Marshes
lotr.biome,lotr.biome.nearHaradRedDesert.name,Red Desert
lotr.biome,lotr.biome.farHaradVolcano.name,Far Harad Volcano
lotr.biome,lotr.biome.udun.name,Udûn
lotr.biome,lotr.biome.gorgoroth.name,Gorgoroth
lotr.biome,lotr.biome.morgulVale.name,Morgul Vale
lotr.biome,lotr.biome.easternDesolation.name,Eastern Desolation
lotr.biome,lotr.biome.towerHills.name,Tower Hills
lotr.biome,lotr.biome.gulfHaradForest.name,Gulf Forest
lotr.biome,lotr.biome.wilderlandNorth.name,Northern Wilderland
lotr.biome,lotr.biome.forodwaithCoast.name,Forodwaith Coastline
lotr.biome,lotr.biome.farHaradCoast.name,Corsair Coasts
lotr.biome,lotr.biome.nearHaradRiverbank.name,Harad Desert Riverbank
lotr.biome,lotr.biome.imlothMelui.name,Imloth Melui
lotr.biome,lotr.biome.nearHaradOasis.name,Near Harad Oasis
lotr.biome,lotr.biome.beachWhite.name,White Beach
lotr.biome,lotr.biome.lamedonHills.name,Lamedon Hills
lotr.biome,lotr.biome.andrast.name,Andrast
lotr.biome,lotr.biome.pukel.name,Drúwaith Iaur
lotr.biome,lotr.biome.rhunLandSteppe.name,Rhúdel Steppe
lotr.biome,lotr.biome.rhunLandHills.name,Rhúdel Hills
lotr.biome,lotr.biome.rhunRedForest.name,Eryn Garan
lotr.biome,lotr.biome.rhunIsland.name,Tol Rhúnaer
lotr.biome,lotr.biome.rhunIslandForest.name,Eryn Rhúnaer
lotr.biome,lotr.biome.lastDesert.name,Last Desert
lotr.biome,lotr.biome.windMountains.name,Mountains of the Wind
lotr.biome,lotr.biome.windMountainsFoothills.name,Foothills of the Wind
lotr.biome,lotr.biome.rivendellHills.name,Rivendell Hills
lotr.biome,lotr.biome.farHaradJungleMountains.name,Harad Jungle Mountains
lotr.biome,lotr.biome.halfTrollForest.name,Taur-i-Thorogrim
lotr.biome,lotr.biome.farHaradKanuka.name,Kanuka Forest
lotr.map,lotr.map.belegaer,Belegaer
lotr.map,lotr.map.belegaer_sub,the Sundering Seas
lotr.map,lotr.map.westernIsles,Western Isles
lotr.map,lotr.map.forochel,Forochel
lotr.map,lotr.map.northMoors,North Moors
lotr.map,lotr.map.hillsEvendim,Evendim
lotr.map,lotr.map.northDowns,North Downs
lotr.map,lotr.map.southDowns,South Downs
lotr.map,lotr.map.weatherHills,Weather Hills
lotr.map,lotr.map.forlindon,Forlindon
lotr.map,lotr.map.harlindon,Harlindon
lotr.map,lotr.map.gulfLune,Gulf of Lune
lotr.map,lotr.map.farDowns,Far Downs
lotr.map,lotr.map.rhovanion,Rhovanion
lotr.map,lotr.map.westemnet,Westemnet
lotr.map,lotr.map.eastemnet,Eastemnet
lotr.map,lotr.map.westfold,Westfold
lotr.map,lotr.map.eastfold,Eastfold
lotr.map,lotr.map.westmarch,West-march
lotr.map,lotr.map.anorien,Anórien
lotr.map,lotr.map.anfalas,Anfalas
lotr.map,lotr.map.bayBelfalas,Bay of Belfalas
lotr.map,lotr.map.ashMountains,Ash Mountains
lotr.map,lotr.map.shadowMountains,Mountains of Shadow
lotr.map,lotr.map.rhunSea,Sea of Rhûn
lotr.map,lotr.map.palisor,Palisor
lotr.map,lotr.map.wildWood,Wild Wood
lotr.map,lotr.map.harunnor,Harunnor
lotr.map,lotr.map.utterEast,Uttermost East
lotr.map,lotr.map.lithnen,Emyn Lithnen
lotr.map,lotr.map.lostladen,Desert of Lostladen
lotr.map,lotr.map.khand,Khand
lotr.map,lotr.map.farHarad,Far Harad
lotr.map,lotr.map.farHaradHills,Emyn Haecharad
lotr.map,lotr.map.greatPlains,Great Grasslands
lotr.map,lotr.map.forestsSouth,Forests of the South
lotr.structure,lotr.structure.HobbitHole.name,Hobbit Hole
lotr.structure,lotr.structure.HobbitTavern.name,Hobbit Tavern
lotr.structure,lotr.structure.HobbitPicnicBench.name,Hobbit Picnic Bench
lotr.structure,lotr.structure.HobbitWindmill.name,Hobbit Windmill
lotr.structure,lotr.structure.HobbitFarm.name,Hobbit Farm
lotr.structure,lotr.structure.HayBale.name,Hay Bales
lotr.structure,lotr.structure.HobbitHouse.name,Hobbit House
lotr.structure,lotr.structure.HobbitBurrow.name,Hobbit Burrow
lotr.structure,lotr.structure.BreeHouse.name,Bree-land House
lotr.structure,lotr.structure.BreeOffice.name,Bree-land Sherriff Office
lotr.structure,lotr.structure.BreeSmithy.name,Bree-land Smithy
lotr.structure,lotr.structure.BreeInn.name,Bree-land Inn
lotr.structure,lotr.structure.BreeWell.name,Bree-land Well
lotr.structure,lotr.structure.BreeLampPost.name,Bree-land Lamp-post
lotr.structure,lotr.structure.BreeBarn.name,Bree-land Barn
lotr.structure,lotr.structure.BreeRuffianHouse.name,Bree-land Ruffian House
lotr.structure,lotr.structure.BreeStables.name,Bree-land Stables
lotr.structure,lotr.structure.BreeGarden.name,Bree-land Garden
lotr.structure,lotr.structure.BreeHobbitBurrow.name,Bree-hobbit Burrow
lotr.structure,lotr.structure.BreeMarketBaker.name,Bree-land Baker's Stall
lotr.structure,lotr.structure.BreeMarketButcher.name,Bree-land Butcher's Stall
lotr.structure,lotr.structure.BreeMarketBrewer.name,Bree-land Brewer's Stall
lotr.structure,lotr.structure.BreeMarketMason.name,Bree-land Stonemason's Stall
lotr.structure,lotr.structure.BreeMarketLumber.name,Bree-land Lumberman's Stall
lotr.structure,lotr.structure.BreeMarketSmith.name,Bree-land Blacksmith's Stall
lotr.structure,lotr.structure.BreeMarketFlorist.name,Bree-land Florist's Stall
lotr.structure,lotr.structure.BreeMarketFarmer.name,Bree-land Farmer's Stall
lotr.structure,lotr.structure.BreeMarket.name,Bree-land Market
lotr.structure,lotr.structure.BreeHamlet.name,Bree-land Hamlet
lotr.structure,lotr.structure.BreeVillage.name,Bree-land Village
lotr.structure,lotr.structure.BreeGate.name,Bree-land Gate
lotr.structure,lotr.structure.BreeGatehouse.name,Bree-land Gatehouse
lotr.structure,lotr.structure.BlueMountainsHouse.name,Blue Mountains House
lotr.structure,lotr.structure.BlueMountainsStronghold.name,Blue Mountains Stronghold
lotr.structure,lotr.structure.BlueMountainsSmithy.name,Blue Mountains Smithy
lotr.structure,lotr.structure.HighElvenTurret.name,High Elven Turret
lotr.structure,lotr.structure.RuinedHighElvenTurret.name,Ruined High Elven Turret
lotr.structure,lotr.structure.HighElvenHall.name,Lindon Hall
lotr.structure,lotr.structure.UnderwaterElvenRuin.name,Underwater Elven Ruin
lotr.structure,lotr.structure.HighElvenForge.name,Lindon Smithy
lotr.structure,lotr.structure.RuinedEregionForge.name,Ruined Eregion Smithy
lotr.structure,lotr.structure.HighElvenTower.name,Lindon Tower
lotr.structure,lotr.structure.TowerHillsTower.name,Tower Hills Tower
lotr.structure,lotr.structure.HighElfHouse.name,Lindon House
lotr.structure,lotr.structure.RivendellHouse.name,Rivendell House
lotr.structure,lotr.structure.RivendellHall.name,Rivendell Hall
lotr.structure,lotr.structure.RivendellForge.name,Rivendell Smithy
lotr.structure,lotr.structure.RuinedDunedainTower.name,Ruined Dúnedain Tower
lotr.structure,lotr.structure.RuinedHouse.name,Ruined House
lotr.structure,lotr.structure.RangerTent.name,Ranger Tent
lotr.structure,lotr.structure.NumenorRuin.name,Númenórean Ruin
lotr.structure,lotr.structure.BDBarrow.name,Barrow-downs Barrow
lotr.structure,lotr.structure.RangerWatchtower.name,Ranger Watchtower
lotr.structure,lotr.structure.BurntHouse.name,Burnt House
lotr.structure,lotr.structure.RottenHouse.name,Rotten House
lotr.structure,lotr.structure.RangerHouse.name,Dúnedain House
lotr.structure,lotr.structure.RangerLodge.name,Dúnedain Lodge
lotr.structure,lotr.structure.RangerStables.name,Dúnedain Stables
lotr.structure,lotr.structure.RangerSmithy.name,Dúnedain Smithy
lotr.structure,lotr.structure.RangerWell.name,Dúnedain Well
lotr.structure,lotr.structure.RangerVillageLight.name,Dúnedain Village Light
lotr.structure,lotr.structure.DunedainVillage.name,Dúnedain Village
lotr.structure,lotr.structure.RangerCamp.name,Ranger Camp
lotr.structure,lotr.structure.OrcDungeon.name,Orc Dungeon
lotr.structure,lotr.structure.GundabadTent.name,Gundabad Tent
lotr.structure,lotr.structure.GundabadForgeTent.name,Gundabad Forge Tent
lotr.structure,lotr.structure.GundabadCamp.name,Gundabad Camp
lotr.structure,lotr.structure.AngmarTower.name,Angmar Tower
lotr.structure,lotr.structure.AngmarShrine.name,Angmar Shrine
lotr.structure,lotr.structure.AngmarWargPit.name,Angmar Warg Pit
lotr.structure,lotr.structure.AngmarTent.name,Angmar Tent
lotr.structure,lotr.structure.AngmarForgeTent.name,Angmar Forge Tent
lotr.structure,lotr.structure.AngmarCamp.name,Angmar Camp
lotr.structure,lotr.structure.AngmarHillmanHouse.name,Rhudaur Hillman House
lotr.structure,lotr.structure.AngmarHillmanChieftainHouse.name,Rhudaur Hillman Chieftain House
lotr.structure,lotr.structure.RhudaurCastle.name,Rhudaur Castle
lotr.structure,lotr.structure.WoodElfLookoutPlatform.name,Wood-elf Lookout Platform
lotr.structure,lotr.structure.WoodElfHouse.name,Wood-elf House
lotr.structure,lotr.structure.WoodElfTower.name,Wood-elven Tower
lotr.structure,lotr.structure.RuinedWoodElfTower.name,Ruined Wood-elven Tower
lotr.structure,lotr.structure.WoodElvenForge.name,Wood-elven Smithy
lotr.structure,lotr.structure.DolGuldurAltar.name,Dol Guldur Altar
lotr.structure,lotr.structure.DolGuldurTower.name,Dol Guldur Tower
lotr.structure,lotr.structure.DolGuldurSpiderPit.name,Dol Guldur Spider Pit
lotr.structure,lotr.structure.DolGuldurTent.name,Dol Guldur Tent
lotr.structure,lotr.structure.DolGuldurForgeTent.name,Dol Guldur Forge Tent
lotr.structure,lotr.structure.DolGuldurCamp.name,Dol Guldur Camp
lotr.structure,lotr.structure.DaleWatchtower.name,Dalish Watchtower
lotr.structure,lotr.structure.DaleFortress.name,Dalish Fortress
lotr.structure,lotr.structure.DaleHouse.name,Dalish House
lotr.structure,lotr.structure.DaleSmithy.name,Dalish Smithy
lotr.structure,lotr.structure.DaleVillageTower.name,Dalish Village Tower
lotr.structure,lotr.structure.DaleBakery.name,Dalish Bakery
lotr.structure,lotr.structure.DwarvenMineEntrance.name,Dwarven Mine Entrance
lotr.structure,lotr.structure.DwarvenTower.name,Dwarven Tower
lotr.structure,lotr.structure.DwarfHouse.name,Dwarf House
lotr.structure,lotr.structure.DwarvenMineEntranceRuined.name,Ruined Dwarven Mine Entrance
lotr.structure,lotr.structure.DwarfSmithy.name,Dwarven Smithy
lotr.structure,lotr.structure.DwarvenTowerRuined.name,Ruined Dwarven Tower
lotr.structure,lotr.structure.ElfHouse.name,Elven Treehouse
lotr.structure,lotr.structure.ElfLordHouse.name,Grand Elven Treehouse
lotr.structure,lotr.structure.GaladhrimForge.name,Galadhrim Smithy
lotr.structure,lotr.structure.RohanMeadHall.name,Rohan Mead Hall
lotr.structure,lotr.structure.RohanWatchtower.name,Rohan Watchtower
lotr.structure,lotr.structure.RohanBarrow.name,Rohan Barrow
lotr.structure,lotr.structure.RohanFortress.name,Rohan Fortress
lotr.structure,lotr.structure.RohanHouse.name,Rohan House
lotr.structure,lotr.structure.RohanSmithy.name,Rohan Smithy
lotr.structure,lotr.structure.RohanVillageFarm.name,Rohan Farm
lotr.structure,lotr.structure.RohanStables.name,Rohan Stables
lotr.structure,lotr.structure.RohanBarn.name,Rohan Barn
lotr.structure,lotr.structure.RohanWell.name,Rohan Well
lotr.structure,lotr.structure.RohanVillageGarden.name,Rohan Village Garden
lotr.structure,lotr.structure.RohanMarketBlacksmith.name,Rohirrim Blacksmith's Stall
lotr.structure,lotr.structure.RohanMarketFarmer.name,Rohirrim Farmer's Stall
lotr.structure,lotr.structure.RohanMarketLumber.name,Rohirrim Lumberman's Stall
lotr.structure,lotr.structure.RohanMarketBuilder.name,Rohirrim Builder's Stall
lotr.structure,lotr.structure.RohanMarketBrewer.name,Rohirrim Brewer's Stall
lotr.structure,lotr.structure.RohanMarketButcher.name,Rohirrim Butcher's Stall
lotr.structure,lotr.structure.RohanMarketFish.name,Rohirrim Fishmonger's Stall
lotr.structure,lotr.structure.RohanMarketBaker.name,Rohirrim Baker's Stall
lotr.structure,lotr.structure.RohanMarketOrcharder.name,Rohirrim Orcharder's Stall
lotr.structure,lotr.structure.RohanVillagePasture.name,Rohan Pasture
lotr.structure,lotr.structure.RohanVillageSign.name,Rohan Village Signpost
lotr.structure,lotr.structure.RohanGatehouse.name,Rohan Gatehouse
lotr.structure,lotr.structure.RohanVillage.name,Rohan Village
lotr.structure,lotr.structure.RohanFortVillage.name,Rohan Fortifications
lotr.structure,lotr.structure.UrukTent.name,Isengard Tent
lotr.structure,lotr.structure.RuinedRohanWatchtower.name,Ruined Rohan Watchtower
lotr.structure,lotr.structure.UrukForgeTent.name,Isengard Forge Tent
lotr.structure,lotr.structure.UrukWargPit.name,Isengard Warg Pit
lotr.structure,lotr.structure.UrukCamp.name,Isengard Camp
lotr.structure,lotr.structure.DunlendingHouse.name,Dunlending House
lotr.structure,lotr.structure.DunlendingTavern.name,Dunlending Tavern
lotr.structure,lotr.structure.DunlendingCampfire.name,Dunlending Campfire
lotr.structure,lotr.structure.DunlandHillFort.name,Dunlending Hill Fort
lotr.structure,lotr.structure.BeaconTower.name,Gondor Beacon Tower
lotr.structure,lotr.structure.GondorWatchfort.name,Gondor Watchfort
lotr.structure,lotr.structure.GondorSmithy.name,Gondor Smithy
lotr.structure,lotr.structure.GondorTurret.name,Gondor Turret
lotr.structure,lotr.structure.IthilienHideout.name,Ithilien Hideout
lotr.structure,lotr.structure.GondorHouse.name,Gondor House
lotr.structure,lotr.structure.GondorCottage.name,Gondor Cottage
lotr.structure,lotr.structure.GondorStoneHouse.name,Gondor Townhouse
lotr.structure,lotr.structure.GondorWatchtower.name,Gondor Watchtower
lotr.structure,lotr.structure.GondorStables.name,Gondor Stables
lotr.structure,lotr.structure.GondorBarn.name,Gondor Barn
lotr.structure,lotr.structure.GondorFortress.name,Gondor Fortress
lotr.structure,lotr.structure.GondorTavern.name,Gondor Tavern
lotr.structure,lotr.structure.GondorWell.name,Gondor Well
lotr.structure,lotr.structure.GondorFarmCrops.name,Gondor Farm
lotr.structure,lotr.structure.GondorFarmAnimals.name,Gondor Pasture
lotr.structure,lotr.structure.GondorFarmTree.name,Gondor Village Garden
lotr.structure,lotr.structure.GondorMarketGreengrocer.name,Gondor Greengrocer's Stall
lotr.structure,lotr.structure.GondorMarketLumber.name,Gondor Lumberman's Stall
lotr.structure,lotr.structure.GondorMarketMason.name,Gondor Stonemason's Stall
lotr.structure,lotr.structure.GondorMarketBrewer.name,Gondor Brewer's Stall
lotr.structure,lotr.structure.GondorMarketFlowers.name,Gondor Florist's Stall
lotr.structure,lotr.structure.GondorMarketButcher.name,Gondor Butcher's Stall
lotr.structure,lotr.structure.GondorMarketFish.name,Gondor Fishmonger's Stall
lotr.structure,lotr.structure.GondorMarketFarmer.name,Gondor Farmer's Stall
lotr.structure,lotr.structure.GondorMarketBlacksmith.name,Gondor Blacksmith's Stall
lotr.structure,lotr.structure.GondorMarketBaker.name,Gondor Baker's Stall
lotr.structure,lotr.structure.GondorVillageSign.name,Gondor Village Signpost
lotr.structure,lotr.structure.GondorBath.name,Gondor Bathhouse
lotr.structure,lotr.structure.GondorGatehouse.name,Gondor Gatehouse
lotr.structure,lotr.structure.GondorLampPost.name,Gondor Lamp-post
lotr.structure,lotr.structure.GondorTownGarden.name,Gondor Town Garden
lotr.structure,lotr.structure.GondorTownTrees.name,Gondor Town Treerow
lotr.structure,lotr.structure.GondorTownBench.name,Gondor Town Bench
lotr.structure,lotr.structure.GondorVillage.name,Gondor Village
lotr.structure,lotr.structure.GondorTown.name,Gondor Town
lotr.structure,lotr.structure.GondorFortVillage.name,Gondor Fortifications
lotr.structure,lotr.structure.RuinedBeaconTower.name,Ruined Gondor Beacon Tower
lotr.structure,lotr.structure.RuinedGondorTower.name,Ruined Gondor Watchtower
lotr.structure,lotr.structure.GondorObelisk.name,Gondor Obelisk
lotr.structure,lotr.structure.GondorRuin.name,Gondor Ruin
lotr.structure,lotr.structure.DolAmrothStables.name,Dol Amroth Stables
lotr.structure,lotr.structure.DolAmrothWatchtower.name,Dol Amroth Watchtower
lotr.structure,lotr.structure.DolAmrothWatchfort.name,Dol Amroth Watchfort
lotr.structure,lotr.structure.DolAmrothVillage.name,Dol Amroth Village
lotr.structure,lotr.structure.DolAmrothTown.name,Dol Amroth Town
lotr.structure,lotr.structure.DolAmrothFortVillage.name,Dol Amroth Fortifications
lotr.structure,lotr.structure.LossarnachFortress.name,Lossarnach Fortress
lotr.structure,lotr.structure.LossarnachWatchtower.name,Lossarnach Watchtower
lotr.structure,lotr.structure.LossarnachWatchfort.name,Lossarnach Watchfort
lotr.structure,lotr.structure.LossarnachVillage.name,Lossarnach Village
lotr.structure,lotr.structure.LossarnachTown.name,Lossarnach Town
lotr.structure,lotr.structure.LossarnachFortVillage.name,Lossarnach Fortifications
lotr.structure,lotr.structure.LebenninFortress.name,Lebennin Fortress
lotr.structure,lotr.structure.LebenninWatchtower.name,Lebennin Watchtower
lotr.structure,lotr.structure.LebenninWatchfort.name,Lebennin Watchfort
lotr.structure,lotr.structure.LebenninVillage.name,Lebennin Village
lotr.structure,lotr.structure.LebenninTown.name,Lebennin Town
lotr.structure,lotr.structure.LebenninFortVillage.name,Lebennin Fortifications
lotr.structure,lotr.structure.PelargirFortress.name,Pelargir Fortress
lotr.structure,lotr.structure.PelargirWatchtower.name,Pelargir Watchtower
lotr.structure,lotr.structure.PelargirWatchfort.name,Pelargir Watchfort
lotr.structure,lotr.structure.PelargirVillage.name,Pelargir Village
lotr.structure,lotr.structure.PelargirTown.name,Pelargir Town
lotr.structure,lotr.structure.PelargirFortVillage.name,Pelargir Fortifications
lotr.structure,lotr.structure.PinnathGelinFortress.name,Pinnath Gelin Fortress
lotr.structure,lotr.structure.PinnathGelinWatchtower.name,Pinnath Gelin Watchtower
lotr.structure,lotr.structure.PinnathGelinWatchfort.name,Pinnath Gelin Watchfort
lotr.structure,lotr.structure.PinnathGelinVillage.name,Pinnath Gelin Village
lotr.structure,lotr.structure.PinnathGelinTown.name,Pinnath Gelin Town
lotr.structure,lotr.structure.PinnathGelinFortVillage.name,Pinnath Gelin Fortifications
lotr.structure,lotr.structure.BlackrootFortress.name,Blackroot Vale Fortress
lotr.structure,lotr.structure.BlackrootWatchtower.name,Blackroot Vale Watchtower
lotr.structure,lotr.structure.BlackrootWatchfort.name,Blackroot Vale Watchfort
lotr.structure,lotr.structure.BlackrootVillage.name,Blackroot Vale Village
lotr.structure,lotr.structure.BlackrootTown.name,Blackroot Vale Town
lotr.structure,lotr.structure.BlackrootFortVillage.name,Blackroot Vale Fortifications
lotr.structure,lotr.structure.LamedonFortress.name,Lamedon Fortress
lotr.structure,lotr.structure.LamedonWatchtower.name,Lamedon Watchtower
lotr.structure,lotr.structure.LamedonWatchfort.name,Lamedon Watchfort
lotr.structure,lotr.structure.LamedonVillage.name,Lamedon Village
lotr.structure,lotr.structure.LamedonTown.name,Lamedon Town
lotr.structure,lotr.structure.LamedonFortVillage.name,Lamedon Fortifications
lotr.structure,lotr.structure.MordorTower.name,Mordor Tower
lotr.structure,lotr.structure.MordorTent.name,Mordor Tent
lotr.structure,lotr.structure.MordorForgeTent.name,Mordor Forge Tent
lotr.structure,lotr.structure.MordorWargPit.name,Mordor Warg Pit
lotr.structure,lotr.structure.MordorCamp.name,Mordor Camp
lotr.structure,lotr.structure.BlackUrukFort.name,Black Uruk Fortress
lotr.structure,lotr.structure.DorwinionGarden.name,Dorwinion Garden
lotr.structure,lotr.structure.DorwinionTent.name,Vintner Guard Tent
lotr.structure,lotr.structure.DorwinionCaptainTent.name,Vintner Guard Captain Tent
lotr.structure,lotr.structure.DorwinionHouse.name,Dorwinion House
lotr.structure,lotr.structure.DorwinionBrewery.name,Dorwinion Brewery
lotr.structure,lotr.structure.DorwinionElfHouse.name,Dorwinion Elf House
lotr.structure,lotr.structure.DorwinionBath.name,Dorwinion Bathhouse
lotr.structure,lotr.structure.EasterlingHouse.name,Easterling House
lotr.structure,lotr.structure.EasterlingStables.name,Easterling Stables
lotr.structure,lotr.structure.EasterlingTownHouse.name,Easterling Townhouse
lotr.structure,lotr.structure.EasterlingLargeTownHouse.name,Easterling Mansion
lotr.structure,lotr.structure.EasterlingFortress.name,Easterling Fortress
lotr.structure,lotr.structure.EasterlingTower.name,Easterling Tower
lotr.structure,lotr.structure.EasterlingSmithy.name,Easterling Smithy
lotr.structure,lotr.structure.EasterlingMarketBlacksmith.name,Easterling Blacksmith's Stall
lotr.structure,lotr.structure.EasterlingMarketLumber.name,Easterling Lumberman's Stall
lotr.structure,lotr.structure.EasterlingMarketMason.name,Easterling Stonemason's Stall
lotr.structure,lotr.structure.EasterlingMarketButcher.name,Easterling Butcher's Stall
lotr.structure,lotr.structure.EasterlingMarketBrewer.name,Easterling Brewer's Stall
lotr.structure,lotr.structure.EasterlingMarketFish.name,Easterling Fishmonger's Stall
lotr.structure,lotr.structure.EasterlingMarketBaker.name,Easterling Baker's Stall
lotr.structure,lotr.structure.EasterlingMarketHunter.name,Easterling Huntsman's Stall
lotr.structure,lotr.structure.EasterlingMarketFarmer.name,Easterling Farmer's Stall
lotr.structure,lotr.structure.EasterlingMarketGold.name,Easterling Goldsmith's Stall
lotr.structure,lotr.structure.EasterlingTavern.name,Easterling Tavern
lotr.structure,lotr.structure.EasterlingTavernTown.name,Easterling Town Tavern
lotr.structure,lotr.structure.EasterlingStatue.name,Easterling Statue
lotr.structure,lotr.structure.EasterlingGarden.name,Easterling Walled Garden
lotr.structure,lotr.structure.EasterlingVillageSign.name,Easterling Village Signpost
lotr.structure,lotr.structure.EasterlingWell.name,Easterling Well
lotr.structure,lotr.structure.EasterlingFarmCrops.name,Easterling Farm
lotr.structure,lotr.structure.EasterlingFarmAnimals.name,Easterling Pasture
lotr.structure,lotr.structure.EasterlingFarmTree.name,Easterling Village Garden
lotr.structure,lotr.structure.EasterlingGatehouse.name,Easterling Gatehouse
lotr.structure,lotr.structure.EasterlingLamp.name,Easterling Lamp
lotr.structure,lotr.structure.EasterlingVillage.name,Easterling Village
lotr.structure,lotr.structure.EasterlingTown.name,Easterling Town
lotr.structure,lotr.structure.EasterlingFortVillage.name,Easterling Fortifications
lotr.structure,lotr.structure.NurnWheatFarm.name,Nurn Wheat Farm
lotr.structure,lotr.structure.OrcSlaverTower.name,Nurn Slaver Tower
lotr.structure,lotr.structure.MordorSpiderPit.name,Mordor Spider Pit
lotr.structure,lotr.structure.HaradObelisk.name,Harad Obelisk
lotr.structure,lotr.structure.HaradPyramid.name,Harad Pyramid
lotr.structure,lotr.structure.MumakSkeleton.name,Mûmak Skeleton
lotr.structure,lotr.structure.HaradRuinedFort.name,Ancient Harad Fortress
lotr.structure,lotr.structure.HarnedorHouse.name,Harnennor House
lotr.structure,lotr.structure.HarnedorSmithy.name,Harnennor Smithy
lotr.structure,lotr.structure.HarnedorTavern.name,Harnennor Tavern
lotr.structure,lotr.structure.HarnedorMarket.name,Harnennor Bazaar
lotr.structure,lotr.structure.HarnedorTower.name,Harnennor Watchtower
lotr.structure,lotr.structure.HarnedorFort.name,Harnennor Fortress
lotr.structure,lotr.structure.NearHaradTent.name,Southron Tent
lotr.structure,lotr.structure.HarnedorFarm.name,Harnennor Farm
lotr.structure,lotr.structure.HarnedorPasture.name,Harnennor Pasture
lotr.structure,lotr.structure.HarnedorVillage.name,Harnennor Village
lotr.structure,lotr.structure.HarnedorStables.name,Harnennor Stables
lotr.structure,lotr.structure.HarnedorVillageSign.name,Harnennor Village Signpost
lotr.structure,lotr.structure.HarnedorFortVillage.name,Harnennor Fortifications
lotr.structure,lotr.structure.HarnedorHouseRuined.name,Ruined Harnennor House
lotr.structure,lotr.structure.HarnedorTavernRuined.name,Ruined Harnennor Tavern
lotr.structure,lotr.structure.HarnedorVillageRuined.name,Ruined Harnennor Village
lotr.structure,lotr.structure.SouthronHouse.name,Coast Southron House
lotr.structure,lotr.structure.SouthronTavern.name,Coast Southron Tavern
lotr.structure,lotr.structure.SouthronSmithy.name,Coast Southron Smithy
lotr.structure,lotr.structure.SouthronTower.name,Coast Southron Watchtower
lotr.structure,lotr.structure.SouthronMansion.name,Coast Southron Mansion
lotr.structure,lotr.structure.SouthronStables.name,Coast Southron Stables
lotr.structure,lotr.structure.SouthronFarm.name,Coast Southron Farm
lotr.structure,lotr.structure.SouthronFortress.name,Coast Southron Fortress
lotr.structure,lotr.structure.SouthronWell.name,Coast Southron Well
lotr.structure,lotr.structure.SouthronBazaar.name,Coast Southron Bazaar
lotr.structure,lotr.structure.SouthronPasture.name,Coast Southron Pasture
lotr.structure,lotr.structure.SouthronVillageSign.name,Coast Southron Village Signpost
lotr.structure,lotr.structure.SouthronVillage.name,Coast Southron Village
lotr.structure,lotr.structure.SouthronStatue.name,Coast Southron Statue
lotr.structure,lotr.structure.SouthronBarracks.name,Coast Southron Barracks
lotr.structure,lotr.structure.SouthronTraining.name,Coast Southron Training Ground
lotr.structure,lotr.structure.SouthronFortGate.name,Coast Southron Fortification Gate
lotr.structure,lotr.structure.SouthronFortVillage.name,Coast Southron Fortifications
lotr.structure,lotr.structure.SouthronLamp.name,Coast Southron Lamp-post
lotr.structure,lotr.structure.SouthronTownTree.name,Coast Southron Town Tree
lotr.structure,lotr.structure.SouthronTownFlowers.name,Coast Southron Town Flowers
lotr.structure,lotr.structure.SouthronTown.name,Coast Southron Town
lotr.structure,lotr.structure.SouthronTownGate.name,Coast Southron Gatehouse
lotr.structure,lotr.structure.SouthronTownCorner.name,Coast Southron Town Corner
lotr.structure,lotr.structure.MoredainMercTent.name,Morwaith Mercenary Tent
lotr.structure,lotr.structure.MoredainMercCamp.name,Morwaith Mercenary Camp
lotr.structure,lotr.structure.UmbarHouse.name,Umbar House
lotr.structure,lotr.structure.UmbarTavern.name,Umbar Tavern
lotr.structure,lotr.structure.UmbarSmithy.name,Umbar Smithy
lotr.structure,lotr.structure.UmbarTower.name,Umbar Watchtower
lotr.structure,lotr.structure.UmbarMansion.name,Umbar Mansion
lotr.structure,lotr.structure.UmbarStables.name,Umbar Stables
lotr.structure,lotr.structure.UmbarFarm.name,Umbar Farm
lotr.structure,lotr.structure.UmbarFortress.name,Umbar Fortress
lotr.structure,lotr.structure.UmbarWell.name,Umbar Well
lotr.structure,lotr.structure.UmbarBazaar.name,Umbar Bazaar
lotr.structure,lotr.structure.UmbarPasture.name,Umbar Pasture
lotr.structure,lotr.structure.UmbarVillageSign.name,Umbar Village Signpost
lotr.structure,lotr.structure.UmbarVillage.name,Umbar Village
lotr.structure,lotr.structure.UmbarStatue.name,Umbar Statue
lotr.structure,lotr.structure.UmbarBarracks.name,Umbar Barracks
lotr.structure,lotr.structure.UmbarTraining.name,Umbar Training Ground
lotr.structure,lotr.structure.UmbarFortGate.name,Umbar Fortification Gate
lotr.structure,lotr.structure.UmbarFortVillage.name,Umbar Fortifications
lotr.structure,lotr.structure.UmbarLamp.name,Umbar Lamp-post
lotr.structure,lotr.structure.UmbarTownTree.name,Umbar Town Tree
lotr.structure,lotr.structure.UmbarTownFlowers.name,Umbar Town Flowers
lotr.structure,lotr.structure.UmbarTown.name,Umbar Town
lotr.structure,lotr.structure.UmbarTownGate.name,Umbar Gatehouse
lotr.structure,lotr.structure.UmbarTownCorner.name,Umbar Town Corner
lotr.structure,lotr.structure.CorsairCove.name,Corsair Hideout
lotr.structure,lotr.structure.CorsairTent.name,Corsair Tent
lotr.structure,lotr.structure.CorsairCamp.name,Corsair Camp
lotr.structure,lotr.structure.NomadTent.name,Nomad Tent
lotr.structure,lotr.structure.NomadTentLarge.name,Nomad Big Tent
lotr.structure,lotr.structure.NomadChieftainTent.name,Nomad Chieftain Tent
lotr.structure,lotr.structure.NomadWell.name,Nomad Well
lotr.structure,lotr.structure.NomadVillageSmall.name,Nomad Outpost
lotr.structure,lotr.structure.NomadVillageBig.name,Nomad Encampment
lotr.structure,lotr.structure.NomadBazaarTent.name,Nomad Bazaar
lotr.structure,lotr.structure.GulfWarCamp.name,Gulfing War Camp
lotr.structure,lotr.structure.GulfHouse.name,Gulfing House
lotr.structure,lotr.structure.GulfAltar.name,Gulfing Sacrificial Altar
lotr.structure,lotr.structure.GulfSmithy.name,Gulfing Smithy
lotr.structure,lotr.structure.GulfBazaar.name,Gulfing Bazaar
lotr.structure,lotr.structure.GulfTotem.name,Gulfing Totem
lotr.structure,lotr.structure.GulfPyramid.name,Gulfing Ziggurat
lotr.structure,lotr.structure.GulfFarm.name,Gulfing Farm
lotr.structure,lotr.structure.GulfTower.name,Gulfing Watchtower
lotr.structure,lotr.structure.GulfTavern.name,Gulfing Tavern
lotr.structure,lotr.structure.GulfVillageSign.name,Gulfing Village Signpost
lotr.structure,lotr.structure.GulfVillageLight.name,Gulfing Lamp-post
lotr.structure,lotr.structure.GulfVillage.name,Gulfing Village
lotr.structure,lotr.structure.GulfPasture.name,Gulfing Pasture
lotr.structure,lotr.structure.GulfTown.name,Gulfing Town
lotr.structure,lotr.structure.GulfFortVillage.name,Gulfing Fortifications
lotr.structure,lotr.structure.MoredainHutVillage.name,Morwaith Village Hut
lotr.structure,lotr.structure.MoredainHutChieftain.name,Morwaith Chieftain Hut
lotr.structure,lotr.structure.MoredainHutTrader.name,Morwaith Trader Hut
lotr.structure,lotr.structure.MoredainHutHunter.name,Morwaith Hunter Shack
lotr.structure,lotr.structure.TauredainPyramid.name,Taurethrim Pyramid
lotr.structure,lotr.structure.TauredainHouseSimple.name,Taurethrim House
lotr.structure,lotr.structure.TauredainHouseStilts.name,Taurethrim Shaman House
lotr.structure,lotr.structure.TauredainWatchtower.name,Taurethrim Watchtower
lotr.structure,lotr.structure.TauredainHouseLarge.name,Taurethrim Mansion
lotr.structure,lotr.structure.TauredainChieftainPyramid.name,Taurethrim Chieftain Temple
lotr.structure,lotr.structure.TauredainVillageTree.name,Taurethrim Village Tree
lotr.structure,lotr.structure.TauredainVillageFarm.name,Taurethrim Farm
lotr.structure,lotr.structure.TauredainVillage.name,Taurethrim Village
lotr.structure,lotr.structure.TauredainSmithy.name,Taurethrim Smithy
lotr.structure,lotr.structure.HalfTrollHouse.name,Half-troll House
lotr.structure,lotr.structure.HalfTrollWarlordHouse.name,Half-troll Warlord House
chat.lotr,chat.lotr.update,%s Update available! (%s)
chat.lotr,chat.lotr.achievement,%s has just earned the %s achievement %s
chat.lotr,chat.lotr.loseTitle,You are no longer able to bear the title of %s
chat.lotr,chat.lotr.allowStructures,You have been allowed to spawn structures
chat.lotr,chat.lotr.banStructures,You have been banned from spawning structures
chat.lotr,chat.lotr.spawnStructure.disabled,Structure spawning is disabled on this server
chat.lotr,chat.lotr.spawnStructure.banned,You are banned from spawning structures
chat.lotr,chat.lotr.spawnStructure.wait,You must wait %d seconds before spawning another structure
chat.lotr,chat.lotr.mountOwnedByNPC,This mount was owned by an NPC - you cannot interact with it
chat.lotr,chat.lotr.protectedLand,This land is under the protection of %s!
chat.lotr,chat.lotr.protectedStructure,an ancient power
chat.lotr,chat.lotr.alreadyProtected,You may not place a protection banner where it would overlap with another banner's protection
chat.lotr,chat.lotr.banditSteal,A bandit stole some items from your inventory!
chat.lotr,chat.lotr.ruffianSteal,A ruffian stole some items from your inventory!
chat.lotr,chat.lotr.invasion.start,%s have launched an invasion nearby!
chat.lotr,chat.lotr.tameGollum,%s has tamed %s
chat.lotr,chat.lotr.ftDisabled,Fast travel is disabled on this server
chat.lotr,chat.lotr.ft.offlineTick,"Since you were last online (%s ago), your fast travel clock has ticked forwards by %s"
chat.lotr,chat.lotr.conquestHornProtected,%s cannot invade this area
chat.lotr,chat.lotr.bountyPlaced,%s have placed a bounty on your head!
chat.lotr,chat.lotr.bountyKilled1,%s claimed a bounty placed on you by %s!
chat.lotr,chat.lotr.bountyKilled2,"%s are displeased, and your reputation with them has fallen..."
chat.lotr,chat.lotr.bountyKill,%s has slain %s for a bounty placed by %s!
chat.lotr,chat.lotr.killedByBounty1,"Your target, %s, slew you, and you have failed your quest!"
chat.lotr,chat.lotr.killedByBounty2,"%s are displeased, and your reputation with them has fallen..."
chat.lotr,chat.lotr.killedByBounty,"%s was slain by their bounty target, %s!"
chat.lotr,chat.lotr.pickpocket.watched,You can't pickpocket someone who is looking at you!
chat.lotr,chat.lotr.pickpocket.inCombat,You can't pickpocket someone who is fighting!
chat.lotr,chat.lotr.pickpocket.missed,"You tried to pick %s's pockets, but missed..."
chat.lotr,chat.lotr.pickpocket.success,You stole %d %s from %s!
chat.lotr,chat.lotr.pickpocket.noticed,%s noticed!
chat.lotr,chat.lotr.pickpocket.otherNoticed,A nearby %s noticed!
commands.lotr,commands.lotr.alignment.usage,/alignment <set|add> <faction|all> <amount> [player]
commands.lotr,commands.lotr.alignment.tooLow,Cannot set alignment lower than %d
commands.lotr,commands.lotr.alignment.tooHigh,Cannot set alignment higher than %d
commands.lotr,commands.lotr.alignment.set,Set %s's %s alignment to %d
commands.lotr,commands.lotr.alignment.add,Added %d to %s's %s alignment
commands.lotr,commands.lotr.fastTravelClock.usage,/fastTravelClock <seconds|max> [player]
commands.lotr,commands.lotr.fastTravelClock.set,Set %s's time since fast travel to %d seconds (%s)
commands.lotr,commands.lotr.wpCooldown.usage,/wpCooldown <max|min> <seconds>
commands.lotr,commands.lotr.wpCooldown.setMax,Set the maximum waypoint cooldown time to %d seconds (%s)
commands.lotr,commands.lotr.wpCooldown.setMin,Set the minimum waypoint cooldown time to %d seconds (%s)
commands.lotr,commands.lotr.wpCooldown.updateMax,Automatically updated maximum cooldown to match the new minimum of %d
commands.lotr,commands.lotr.wpCooldown.updateMin,Automatically updated minimum cooldown to match the new maximum of %d
commands.lotr,commands.lotr.allowStructures.usage,/allowStructures [player]
commands.lotr,commands.lotr.allowStructures.alreadyAllowed,Structure spawning is already enabled
commands.lotr,commands.lotr.allowStructures.allow,Structure spawning has been enabled
commands.lotr,commands.lotr.allowStructures.allowPlayer,Allowed %s to spawn structures
commands.lotr,commands.lotr.banStructures.usage,/banStructures [player]
commands.lotr,commands.lotr.banStructures.alreadyBanned,Structure spawning is already disabled
commands.lotr,commands.lotr.banStructures.ban,Structure spawning has been disabled
commands.lotr,commands.lotr.banStructures.banPlayer,Banned %s from spawning structures
commands.lotr,commands.lotr.lotrDate.usage,/lotrDate <get|set|add> <date>
commands.lotr,commands.lotr.lotrDate.get,Current LOTR date is %d (%s)
commands.lotr,commands.lotr.lotrDate.set,Set LOTR date to %d (%s)
commands.lotr,commands.lotr.lotrDate.outOfBounds,Date out of bounds
commands.lotr,commands.lotr.time.usage,/lotr_time <set|add> <time>
commands.lotr,commands.lotr.time.set,Set LOTR world time to %d
commands.lotr,commands.lotr.time.add,Added %d to LOTR world time
commands.lotr,commands.lotr.lotrWaypoints.usage,/lotrWaypoints <unlock|lock> <region> [player]
commands.lotr,commands.lotr.lotrWaypoints.unknown,No waypoint region with name %s
commands.lotr,commands.lotr.lotrWaypoints.unlock,Unlocked for %s the waypoint region %s
commands.lotr,commands.lotr.lotrWaypoints.unlock.fail,%s already has the waypoint region %s unlocked
commands.lotr,commands.lotr.lotrWaypoints.unlockAll,Unlocked all waypoint regions for %s
commands.lotr,commands.lotr.lotrWaypoints.lock,Locked for %s the waypoint region %s
commands.lotr,commands.lotr.lotrWaypoints.lock.fail,%s does not have the waypoint region %s unlocked
commands.lotr,commands.lotr.lotrWaypoints.lockAll,Locked all waypoint regions for %s
commands.lotr,commands.lotr.lotrAchievement.usage,/lotrAchievement <give|remove> <achievement> [player]
commands.lotr,commands.lotr.lotrAchievement.unknown,No achievement with name %s
commands.lotr,commands.lotr.lotrAchievement.give,Given %s the achievement %s
commands.lotr,commands.lotr.lotrAchievement.give.fail,%s already has the achievement %s
commands.lotr,commands.lotr.lotrAchievement.remove,Removed from %s the achievement %s
commands.lotr,commands.lotr.lotrAchievement.remove.fail,%s does not have the achievement %s
commands.lotr,commands.lotr.lotrAchievement.removeAll,Removed all LOTR achievements from %s
commands.lotr,commands.lotr.strTimelapse.usage,/strTimelapse <on|off|interval>
commands.lotr,commands.lotr.strTimelapse.on,Turned structure timelapse on
commands.lotr,commands.lotr.strTimelapse.off,Turned structure timelapse off
commands.lotr,commands.lotr.strTimelapse.interval,Set structure timelapse interval to %d ms
commands.lotr,commands.lotr.strTimelapse.warn,§cWARNING:§r Structure timelapse may be buggy
commands.lotr,commands.lotr.alignmentsee.usage,/alignmentsee <player>
commands.lotr,commands.lotr.alignmentsee.noPlayer,Could not find data for player %s
commands.lotr,commands.lotr.fellowship.usage,"/fellowship create <player> <""fName""> OR /fellowship option <player> <""fName""> <invite|add|remove|transfer|op|deop|disband|rename|icon|pvp|hired-ff|map-show> <...>"
commands.lotr,commands.lotr.fellowship.create,"Created a Fellowship ""%2$s"" for %1$s"
commands.lotr,commands.lotr.fellowship.create.exists,"Could not create Fellowship: %1$s is already a member of ""%2$s"""
commands.lotr,commands.lotr.fellowship.edit.nameError,"Failed to parse Fellowship name - surround ""Fellowship names"" with double quotes"
commands.lotr,commands.lotr.fellowship.edit.notFound,"%1$s leads no Fellowship named ""%2$s"""
commands.lotr,commands.lotr.fellowship.edit.alreadyIn,"%3$s is already a member of %1$s's Fellowship ""%2$s"""
commands.lotr,commands.lotr.fellowship.edit.notMember,"%3$s is not a valid member of %1$s's Fellowship ""%2$s"""
commands.lotr,commands.lotr.fellowship.edit.alreadyOp,"%3$s is already a guide of %1$s's Fellowship ""%2$s"""
commands.lotr,commands.lotr.fellowship.edit.notOp,"%3$s is not a guide of %1$s's Fellowship ""%2$s"""
commands.lotr,commands.lotr.fellowship.invite,"Invited %3$s to %1$s's Fellowship ""%2$s"""
commands.lotr,commands.lotr.fellowship.add,"Added %3$s to %1$s's Fellowship ""%2$s"""
commands.lotr,commands.lotr.fellowship.remove,"Removed %3$s from %1$s's Fellowship ""%2$s"""
commands.lotr,commands.lotr.fellowship.transfer,"Transferred leadership of %1$s's Fellowship ""%2$s"" to %3$s"
commands.lotr,commands.lotr.fellowship.op,"Made %3$s a guide of %1$s's Fellowship ""%2$s"""
commands.lotr,commands.lotr.fellowship.deop,"Removed %3$s as a guide of %1$s's Fellowship ""%2$s"""
commands.lotr,commands.lotr.fellowship.disband,"Disbanded %1$s's Fellowship ""%2$s"""
commands.lotr,commands.lotr.fellowship.rename,"Renamed %1$s's Fellowship ""%2$s"" to %3$s"
commands.lotr,commands.lotr.fellowship.rename.error,Failed to parse rename
commands.lotr,commands.lotr.fellowship.icon,"Set %1$s's Fellowship ""%2$s"" icon to %3$s"
commands.lotr,commands.lotr.fellowship.icon.tagError,Data tag parsing failed: %s
commands.lotr,commands.lotr.fellowship.pvp.prevent,"Prevented PVP in %1$s's Fellowship ""%2$s"""
commands.lotr,commands.lotr.fellowship.pvp.allow,"Allowed PVP in %1$s's Fellowship ""%2$s"""
commands.lotr,commands.lotr.fellowship.hiredFF.prevent,"Prevented hired unit friendly fire in %1$s's Fellowship ""%2$s"""
commands.lotr,commands.lotr.fellowship.hiredFF.allow,"Allowed hired unit friendly fire in %1$s's Fellowship ""%2$s"""
commands.lotr,commands.lotr.fellowship.mapShow.on,"Showing player map locations in %1$s's Fellowship ""%2$s"""
commands.lotr,commands.lotr.fellowship.mapShow.off,"Not showing player map locations in %1$s's Fellowship ""%2$s"""
commands.lotr,commands.lotr.fmsg.usage,"/fmsg <""fName""> <message> OR /fmsg bind <""fName""> to bind a default Fellowship then /fmsg <message> OR /fmsg unbind"
commands.lotr,commands.lotr.fmsg.notFound,"You are not a member of the Fellowship ""%s"""
commands.lotr,commands.lotr.fmsg.boundNone,You must specify a Fellowship by name or bind a default Fellowship
commands.lotr,commands.lotr.fmsg.boundNotMember,You are no longer a member of your bound Fellowship %s!
commands.lotr,commands.lotr.fmsg.bind,"Bound Fellowship ""%s"""
commands.lotr,commands.lotr.fmsg.unbind,"Unbound Fellowship ""%s"""
commands.lotr,commands.lotr.fmsg.fsPrefix,[%s]
commands.lotr,commands.lotr.alignmentZones.usage,/alignmentZones <enable|disable>
commands.lotr,commands.lotr.lotrEnchant.usage,/lotrEnchant <player> <add|remove> <enchantment> OR /lotrEnchant <player> clear
commands.lotr,commands.lotr.lotrEnchant.unknown,No enchantment with name %s
commands.lotr,commands.lotr.lotrEnchant.noItem,Cannot enchant an empty slot
commands.lotr,commands.lotr.lotrEnchant.cannotAdd,Cannot apply enchantment %s to item %s
commands.lotr,commands.lotr.lotrEnchant.cannotRemove,Cannot remove enchantment %s from item %s
commands.lotr,commands.lotr.lotrEnchant.add,Applied enchantment %s to %s's item %s
commands.lotr,commands.lotr.lotrEnchant.remove,Removed enchantment %s from %s's item %s
commands.lotr,commands.lotr.lotrEnchant.clear,Cleared all enchantments from %s's item %s
commands.lotr,commands.lotr.spawnDamping.usage,/spawnDamping <set> <type> <amount> OR /spawnDamping <calc> <type>
commands.lotr,commands.lotr.spawnDamping.set,Set spawn damping for type %s to %d
commands.lotr,commands.lotr.spawnDamping.noType,No creature type exists for %s
commands.lotr,commands.lotr.spawnDamping.reset,Reset all spawn damping settings
commands.lotr,commands.lotr.spawnDamping.calc,World %d (%s): Spawn damping for type %s is %d. %d players in world. Spawn cap (per %d chunks) is reduced to %d from base of %d. Spawn cap x players = %d.
commands.lotr,commands.lotr.facRelations.usage,/facRelations set <faction 1> <faction 2> <relation> OR /facRelations reset
commands.lotr,commands.lotr.pledgeCooldown.usage,/pledgeCooldown <ticks> [player]
commands.lotr,commands.lotr.pledgeCooldown.set,Set %s's pledge cooldown to %d ticks (%s)
commands.lotr,commands.lotr.conquest.usage,/conquest <set|add|radial> <faction> <amount> [x] [z] OR /conquest clear [x] [z] OR /conquest rate [value]
commands.lotr,commands.lotr.conquest.notEnabled,Conquest is not enabled in this world
commands.lotr,commands.lotr.conquest.outOfBounds,"Coordinates (%d, %d) are outside the bounds of the conquest map"
commands.lotr,commands.lotr.conquest.tooLow,Cannot set conquest lower than %d
commands.lotr,commands.lotr.conquest.tooHigh,Cannot set conquest higher than %d
commands.lotr,commands.lotr.conquest.set,"Set %1$s conquest strength to %2$d at (%3$d, %4$d)"
commands.lotr,commands.lotr.conquest.add,"Added %2$d to %1$s conquest strength at (%3$d, %4$d)"
commands.lotr,commands.lotr.conquest.radial,"Added radial conquest of %2$d for %1$s around (%3$d, %4$d)"
commands.lotr,commands.lotr.conquest.clear,"Cleared all conquest at (%d, %d)"
commands.lotr,commands.lotr.conquest.rateGet,Global conquest rate is %d
commands.lotr,commands.lotr.conquest.rateSet,Set global conquest rate to %d
commands.lotr,commands.lotr.opHideMap.usage,/opHideMap
commands.lotr,commands.lotr.opHideMap.notOp,Only a player op may use this command
commands.lotr,commands.lotr.opHideMap.notCreative,You may only use this command in creative mode
commands.lotr,commands.lotr.opHideMap.hiding,Your map location is now hidden from everyone except other ops until you exit creative mode
commands.lotr,commands.lotr.opHideMap.unhide,/opHideMap: Your location is no longer hidden from non-ops
commands.lotr,commands.lotr.invasion.usage,/invasion <type> [x] [y] [z] [size]
commands.lotr,commands.lotr.invasion.noType,No invasion type for name %s
commands.lotr,commands.lotr.invasion.start,"Started %s invasion (size %d) at %d, %d, %d"
lotr.alignment,lotr.alignment.decimal_separator_char,.
lotr.alignment,lotr.alignment.group_separator_char,","
lotr.achievement,lotr.achievement.category.GENERAL,General
lotr.achievement,lotr.achievement.category.SHIRE,The Shire
lotr.achievement,lotr.achievement.category.ERIADOR,Eriador
lotr.achievement,lotr.achievement.category.EREGION,Eregion
lotr.achievement,lotr.achievement.category.ENEDWAITH,Enedwaith
lotr.achievement,lotr.achievement.category.MISTY_MOUNTAINS,Misty Mountains
lotr.achievement,lotr.achievement.category.FORODWAITH,Forodwaith
lotr.achievement,lotr.achievement.category.RHOVANION,Rhovanion
lotr.achievement,lotr.achievement.category.MIRKWOOD,Mirkwood
lotr.achievement,lotr.achievement.category.IRON_HILLS,Iron Hills
lotr.achievement,lotr.achievement.category.NINDALF,Nindalf
lotr.achievement,lotr.achievement.category.OROCARNI,Orocarni
lotr.achievement,lotr.achievement.category.FAR_HARAD_SAVANNAH,Far Harad
lotr.achievement,lotr.achievement.category.FAR_HARAD_JUNGLE,Far Harad Jungle
lotr.achievement,lotr.achievement.category.PERDOROGWAITH,Perdorogwaith
lotr.achievement,lotr.achievement.category.OCEAN,Belegaer
lotr.achievement,lotr.achievement.enterMiddleEarth.title,First Steps
lotr.achievement,lotr.achievement.enterMiddleEarth.desc,Enter Middle-earth
lotr.achievement,lotr.achievement.doGreyQuest.title,Looking for an Adventure
lotr.achievement,lotr.achievement.doGreyQuest.desc,Speak with the Grey Wanderer and complete his mini-quest
lotr.achievement,lotr.achievement.killOrc.title,Orc Slayer
lotr.achievement,lotr.achievement.killOrc.desc,Kill an Orc
lotr.achievement,lotr.achievement.mineMithril.title,True-silver
lotr.achievement,lotr.achievement.mineMithril.desc,Mine some mithril ore
lotr.achievement,lotr.achievement.rideWarg.title,Warg Rider
lotr.achievement,lotr.achievement.rideWarg.desc,Saddle and ride a Warg
lotr.achievement,lotr.achievement.killWarg.title,Warg Slayer
lotr.achievement,lotr.achievement.killWarg.desc,Kill a Warg
lotr.achievement,lotr.achievement.useSpearFromFar.title,Speared!
lotr.achievement,lotr.achievement.useSpearFromFar.desc,Score a kill with a spear from a distance of at least 50m
lotr.achievement,lotr.achievement.wearFullMithril.title,Treasures of Old
lotr.achievement,lotr.achievement.wearFullMithril.desc,Equip a full suit of mithril armor
lotr.achievement,lotr.achievement.gainHighAlcoholTolerance.title,Alcoholism
lotr.achievement,lotr.achievement.gainHighAlcoholTolerance.desc,Achieve a fearsome level of alcohol tolerance
lotr.achievement,lotr.achievement.craftSaddle.title,Time to Ride!
lotr.achievement,lotr.achievement.craftSaddle.desc,Craft a saddle with three leather and two iron ingots
lotr.achievement,lotr.achievement.craftBronze.title,Bronze Award
lotr.achievement,lotr.achievement.craftBronze.desc,Craft a bronze ingot by combining copper and tin
lotr.achievement,lotr.achievement.drinkOrcDraught.title,Burning Sensation
lotr.achievement,lotr.achievement.drinkOrcDraught.desc,Drink an Orc Draught
lotr.achievement,lotr.achievement.getPouch.title,Bigger on the Inside
lotr.achievement,lotr.achievement.getPouch.desc,Acquire a pouch
lotr.achievement,lotr.achievement.killUsingOnlyPlates.title,Kitchen Brawler
lotr.achievement,lotr.achievement.killUsingOnlyPlates.desc,Kill a foe using nothing but thrown plates
lotr.achievement,lotr.achievement.wearFullFur.title,Master Hunter
lotr.achievement,lotr.achievement.wearFullFur.desc,Equip a full suit of fur armor
lotr.achievement,lotr.achievement.brewDrinkInBarrel.title,Time to Drink!
lotr.achievement,lotr.achievement.brewDrinkInBarrel.desc,Start brewing a drink in a barrel
lotr.achievement,lotr.achievement.findAthelas.title,Kingsfoil
lotr.achievement,lotr.achievement.findAthelas.desc,Find the Athelas herb
lotr.achievement,lotr.achievement.drinkAthelasBrew.title,Life to the Dying
lotr.achievement,lotr.achievement.drinkAthelasBrew.desc,Drink a mug of Athelas Brew
lotr.achievement,lotr.achievement.killLargeMobWithSlingshot.title,David and Goliath
lotr.achievement,lotr.achievement.killLargeMobWithSlingshot.desc,Kill a large foe with a pebble fired from a sling
lotr.achievement,lotr.achievement.eatMaggotyBread.title,Three Stinking Days!
lotr.achievement,lotr.achievement.eatMaggotyBread.desc,Eat some maggoty bread
lotr.achievement,lotr.achievement.killWhileDrunk.title,Hooligan
lotr.achievement,lotr.achievement.killWhileDrunk.desc,Kill a foe while drunk
lotr.achievement,lotr.achievement.collectCraftingTables.title,Craftmaster
lotr.achievement,lotr.achievement.collectCraftingTables.desc,Collect ten different Middle-earth crafting tables in your inventory
lotr.achievement,lotr.achievement.hitByOrcSpear.title,More than Meets the Eye
lotr.achievement,lotr.achievement.hitByOrcSpear.desc,Suffer a blow from an Orc spear while wearing a mithril chestplate
lotr.achievement,lotr.achievement.killBombardier.title,Bring Him Down!
lotr.achievement,lotr.achievement.killBombardier.desc,Kill a bomb-carrying Orc before he drops the bomb
lotr.achievement,lotr.achievement.earnManyCoins.title,Filthy Rich
lotr.achievement,lotr.achievement.earnManyCoins.desc,Earn 1000 coins from a single trade
lotr.achievement,lotr.achievement.craftAppleCrumble.title,Traditional Dish
lotr.achievement,lotr.achievement.craftAppleCrumble.desc,Make an apple crumble
lotr.achievement,lotr.achievement.killButterfly.title,Merciless
lotr.achievement,lotr.achievement.killButterfly.desc,Kill a butterfly
lotr.achievement,lotr.achievement.fishRing.title,It's Our Birthday
lotr.achievement,lotr.achievement.fishRing.desc,Catch a ring with a fishing rod
lotr.achievement,lotr.achievement.useCrossbow.title,Shots Fired
lotr.achievement,lotr.achievement.useCrossbow.desc,Kill a foe with a bolt fired from a crossbow
lotr.achievement,lotr.achievement.collectCrossbowBolts.title,Stocking Up
lotr.achievement,lotr.achievement.collectCrossbowBolts.desc,Collect two stacks of crossbow bolts in your inventory
lotr.achievement,lotr.achievement.travel10.title,Out of Your Door
lotr.achievement,lotr.achievement.travel10.desc,Travel to 10 different regions of Middle-earth
lotr.achievement,lotr.achievement.travel20.title,Dangerous Business
lotr.achievement,lotr.achievement.travel20.desc,Travel to 20 different regions of Middle-earth
lotr.achievement,lotr.achievement.travel30.title,The Road Goes Ever On...
lotr.achievement,lotr.achievement.travel30.desc,Travel to 30 different regions of Middle-earth
lotr.achievement,lotr.achievement.attackRabbit.title,Get Off My Land!
lotr.achievement,lotr.achievement.attackRabbit.desc,Forcefully remove a rabbit who is eating your crops
lotr.achievement,lotr.achievement.craftRabbitStew.title,Of Herbs and Stewed Rabbit
lotr.achievement,lotr.achievement.craftRabbitStew.desc,Make some rabbit stew
lotr.achievement,lotr.achievement.drinkSkull.title,Sick Joke
lotr.achievement,lotr.achievement.drinkSkull.desc,Drink from a skull cup
lotr.achievement,lotr.achievement.travel40.title,...Down From the Door...
lotr.achievement,lotr.achievement.travel40.desc,Travel to 40 different regions of Middle-earth
lotr.achievement,lotr.achievement.travel50.title,...Where It Began
lotr.achievement,lotr.achievement.travel50.desc,Travel to 50 different regions of Middle-earth
lotr.achievement,lotr.achievement.killThievingBandit.title,Stand and Deliver!
lotr.achievement,lotr.achievement.killThievingBandit.desc,Kill a bandit who has stolen some items
lotr.achievement,lotr.achievement.hundreds.title,Hundreds will Die!
lotr.achievement,lotr.achievement.hundreds.desc,Thousands...
lotr.achievement,lotr.achievement.alloyBronze.title,Double Bronze
lotr.achievement,lotr.achievement.alloyBronze.desc,Smelt bronze ingots in any alloy forge
lotr.achievement,lotr.achievement.bannerProtect.title,The Conqueror
lotr.achievement,lotr.achievement.bannerProtect.desc,Lay claim to some land by protecting it with a faction banner
lotr.achievement,lotr.achievement.catchButterfly.title,Fluttering By
lotr.achievement,lotr.achievement.catchButterfly.desc,Catch a butterfly in a jar
lotr.achievement,lotr.achievement.unsmelt.title,The Undoing
lotr.achievement,lotr.achievement.unsmelt.desc,Melt down an item in the unsmeltery
lotr.achievement,lotr.achievement.tradeScrapTrader.title,One Man's Trash
lotr.achievement,lotr.achievement.tradeScrapTrader.desc,Trade with a travelling oddment collector
lotr.achievement,lotr.achievement.cookDeer.title,"Oh, Deer!"
lotr.achievement,lotr.achievement.cookDeer.desc,Cook some venison
lotr.achievement,lotr.achievement.eatManFlesh.title,I Smell Man-flesh!
lotr.achievement,lotr.achievement.eatManFlesh.desc,Eat a hunk of man-flesh
lotr.achievement,lotr.achievement.craftSaltedFlesh.title,Suspicious...
lotr.achievement,lotr.achievement.craftSaltedFlesh.desc,Produce some suspicious meat from questionable ingredients
lotr.achievement,lotr.achievement.enchantBaneElf.title,Elfbane
lotr.achievement,lotr.achievement.enchantBaneElf.desc,Earn a weapon renowned for slaying Elves
lotr.achievement,lotr.achievement.enchantBaneOrc.title,Orcbane
lotr.achievement,lotr.achievement.enchantBaneOrc.desc,Earn a weapon renowned for slaying Orcs
lotr.achievement,lotr.achievement.enchantBaneDwarf.title,Dwarfbane
lotr.achievement,lotr.achievement.enchantBaneDwarf.desc,Earn a weapon renowned for slaying Dwarves
lotr.achievement,lotr.achievement.enchantBaneWarg.title,Wargbane
lotr.achievement,lotr.achievement.enchantBaneWarg.desc,Earn a weapon renowned for slaying Wargs
lotr.achievement,lotr.achievement.enchantBaneTroll.title,Trollbane
lotr.achievement,lotr.achievement.enchantBaneTroll.desc,Earn a weapon renowned for slaying Trolls
lotr.achievement,lotr.achievement.enchantBaneSpider.desc,Earn a weapon renowned for slaying Spiders
lotr.achievement,lotr.achievement.enchantBaneWight.desc,Earn a weapon renowned for slaying Wights
lotr.achievement,lotr.achievement.getDrunk.title,Drunkard
lotr.achievement,lotr.achievement.getDrunk.desc,Suffer the effects of an alcoholic drink
lotr.achievement,lotr.achievement.reforge.title,Blacksmith
lotr.achievement,lotr.achievement.reforge.desc,Reforge an item at an anvil
lotr.achievement,lotr.achievement.doMiniquestHunter.title,Fearsome
lotr.achievement,lotr.achievement.doMiniquestHunter.desc,Complete a player hunting mini-quest
lotr.achievement,lotr.achievement.doMiniquestHunter5.title,Headhunter
lotr.achievement,lotr.achievement.doMiniquestHunter5.desc,Complete five player hunting mini-quests
lotr.achievement,lotr.achievement.killHuntingPlayer.title,Not This Day!
lotr.achievement,lotr.achievement.killHuntingPlayer.desc,Kill a player who is hunting you for a mini-quest
lotr.achievement,lotr.achievement.pledgeService.title,Here Do I Swear
lotr.achievement,lotr.achievement.pledgeService.desc,Pledge service to a faction
lotr.achievement,lotr.achievement.factionConquest.title,The Tides of the World
lotr.achievement,lotr.achievement.factionConquest.desc,Survey your faction's conquest strength
lotr.achievement,lotr.achievement.defeatInvasion.title,Hail the Victorious
lotr.achievement,lotr.achievement.defeatInvasion.desc,Defeat an invasion
lotr.achievement,lotr.achievement.pickpocket.title,What has it Got...
lotr.achievement,lotr.achievement.pickpocket.desc,Commit a successful act of pickpocketry
lotr.achievement,lotr.achievement.combineSmithScrolls.title,Expert Knowledge
lotr.achievement,lotr.achievement.combineSmithScrolls.desc,Pay a smith to upgrade two smith's scrolls into a more skillful one
lotr.achievement,lotr.achievement.engraveOwnership.title,My Precious!
lotr.achievement,lotr.achievement.engraveOwnership.desc,Engrave your ownership onto a piece of equipment
lotr.achievement,lotr.achievement.killHobbit.title,Hobbit Slayer
lotr.achievement,lotr.achievement.killHobbit.desc,Kill a Hobbit
lotr.achievement,lotr.achievement.sellPipeweedLeaf.title,Street Credit
lotr.achievement,lotr.achievement.sellPipeweedLeaf.desc,Sell some pipe-weed leaf to a Hobbit Bartender
lotr.achievement,lotr.achievement.marryHobbit.title,Master of Ceremonies
lotr.achievement,lotr.achievement.marryHobbit.desc,Perform a Hobbit marriage
lotr.achievement,lotr.achievement.findFourLeafClover.title,Feeling Lucky?
lotr.achievement,lotr.achievement.findFourLeafClover.desc,Find a four-leaf clover
lotr.achievement,lotr.achievement.useMagicPipe.title,Weed Wizard
lotr.achievement,lotr.achievement.useMagicPipe.desc,Blow a smoke ship from a Magic Pipe
lotr.achievement,lotr.achievement.rideShirePony.title,Poor Old Bill
lotr.achievement,lotr.achievement.rideShirePony.desc,"Tame, saddle, equip a chest to and ride a Shire Pony"
lotr.achievement,lotr.achievement.tradeBartender.title,Welcome Customer
lotr.achievement,lotr.achievement.tradeBartender.desc,Trade with a Hobbit Bartender
lotr.achievement,lotr.achievement.speakToDrunkard.title,Halflings Anonymous
lotr.achievement,lotr.achievement.speakToDrunkard.desc,Speak to a drunken Hobbit while similarly intoxicated
lotr.achievement,lotr.achievement.tradeHobbitShirriffChief.title,On Duty
lotr.achievement,lotr.achievement.tradeHobbitShirriffChief.desc,Hire a unit from a Hobbit Shirriff
lotr.achievement,lotr.achievement.killDarkHuorn.title,Forester's Nightmare
lotr.achievement,lotr.achievement.killDarkHuorn.desc,Kill a Dark Huorn in the Old Forest
lotr.achievement,lotr.achievement.enterOldForest.title,Unfriendly Trees
lotr.achievement,lotr.achievement.enterOldForest.desc,Enter the Old Forest
lotr.achievement,lotr.achievement.buyOrcharderFood.title,Fruits of the Orchard
lotr.achievement,lotr.achievement.buyOrcharderFood.desc,Buy food from a Hobbit Orcharder
lotr.achievement,lotr.achievement.rideGiraffeShire.title,Incongruous Zookeeper
lotr.achievement,lotr.achievement.rideGiraffeShire.desc,Ride a giraffe into the Shire
lotr.achievement,lotr.achievement.buyPotatoHobbitFarmer.title,"Boil 'Em, Mash 'Em..."
lotr.achievement,lotr.achievement.buyPotatoHobbitFarmer.desc,Buy potatoes from a Hobbit Farmer
lotr.achievement,lotr.achievement.doMiniquestHobbit.title,Local Shirriff
lotr.achievement,lotr.achievement.doMiniquestHobbit.desc,Complete a Hobbit mini-quest
lotr.achievement,lotr.achievement.enterWhiteDowns.title,Chalken Delvings
lotr.achievement,lotr.achievement.enterWhiteDowns.desc,Enter the White Downs
lotr.achievement,lotr.achievement.useHobbitTable.title,Hobbit Crafter
lotr.achievement,lotr.achievement.useHobbitTable.desc,Craft an item on the Hobbit Crafting Table
lotr.achievement,lotr.achievement.hireHobbitFarmer.title,Hired Hands
lotr.achievement,lotr.achievement.hireHobbitFarmer.desc,Hire a farmhand from a Hobbit Farmer
lotr.achievement,lotr.achievement.enterBlueMountains.title,Firebeards and Broadbeams
lotr.achievement,lotr.achievement.enterBlueMountains.desc,Enter the Blue Mountains
lotr.achievement,lotr.achievement.smeltBlueDwarfSteel.title,Blue Mountains Smith
lotr.achievement,lotr.achievement.smeltBlueDwarfSteel.desc,Smelt an ingot of Blue Dwarven Steel in the Dwarven Forge
lotr.achievement,lotr.achievement.killBlueDwarf.title,Blue Dwarf Slayer
lotr.achievement,lotr.achievement.killBlueDwarf.desc,Kill a Blue Mountains Dwarf
lotr.achievement,lotr.achievement.wearFullBlueDwarven.title,Warrior of Ered Luin
lotr.achievement,lotr.achievement.wearFullBlueDwarven.desc,Equip a full suit of Blue Dwarven armor
lotr.achievement,lotr.achievement.useBlueDwarvenTable.title,Blue Dwarven Crafter
lotr.achievement,lotr.achievement.useBlueDwarvenTable.desc,Craft an item on the Blue Mountains Crafting Table
lotr.achievement,lotr.achievement.tradeBlueDwarfMiner.title,Blue Riches
lotr.achievement,lotr.achievement.tradeBlueDwarfMiner.desc,Trade with a Blue Mountains Miner
lotr.achievement,lotr.achievement.tradeBlueDwarfCommander.title,The Mountains' Might
lotr.achievement,lotr.achievement.tradeBlueDwarfCommander.desc,Hire a unit from a Blue Mountains Commander
lotr.achievement,lotr.achievement.tradeBlueDwarfMerchant.title,Wealth from Abroad
lotr.achievement,lotr.achievement.tradeBlueDwarfMerchant.desc,Trade with a merchant of the Blue Mountains
lotr.achievement,lotr.achievement.marryBlueDwarf.title,Blue Blessings
lotr.achievement,lotr.achievement.marryBlueDwarf.desc,Perform a Blue Mountains dwarf marriage
lotr.achievement,lotr.achievement.doMiniquestBlueMountains.title,Welcoming Halls
lotr.achievement,lotr.achievement.doMiniquestBlueMountains.desc,Complete a Blue Mountains mini-quest
lotr.achievement,lotr.achievement.tradeBlueDwarfSmith.title,Fires of the Mountains
lotr.achievement,lotr.achievement.tradeBlueDwarfSmith.desc,Trade with a Blue Mountains Smith
lotr.achievement,lotr.achievement.enterLindon.title,The Last Fair Realm
lotr.achievement,lotr.achievement.enterLindon.desc,Enter the land of Lindon
lotr.achievement,lotr.achievement.doMiniquestHighElf.title,Fair and Free
lotr.achievement,lotr.achievement.doMiniquestHighElf.desc,Complete a Lindon mini-quest
lotr.achievement,lotr.achievement.killHighElf.title,Lindon Elf Slayer
lotr.achievement,lotr.achievement.killHighElf.desc,Kill a Lindon Elf
lotr.achievement,lotr.achievement.tradeHighElfLord.title,The Last Alliance
lotr.achievement,lotr.achievement.tradeHighElfLord.desc,Hire a unit from a Lindon Lord
lotr.achievement,lotr.achievement.useHighElvenTable.title,Lindon Crafter
lotr.achievement,lotr.achievement.useHighElvenTable.desc,Craft an item on the Lindon Crafting Table
lotr.achievement,lotr.achievement.wearFullHighElven.title,A Shining Helm
lotr.achievement,lotr.achievement.wearFullHighElven.desc,Equip a full suit of Lindon armor
lotr.achievement,lotr.achievement.smeltElfSteel.title,Elven Smith
lotr.achievement,lotr.achievement.smeltElfSteel.desc,Smelt an ingot of Elven Steel in the Elven Forge
lotr.achievement,lotr.achievement.tradeHighElfSmith.title,Elder Craftsmanship
lotr.achievement,lotr.achievement.tradeHighElfSmith.desc,Buy an item from a Lindon Smith
lotr.achievement,lotr.achievement.wearFullGondolin.title,Of Elder Days
lotr.achievement,lotr.achievement.wearFullGondolin.desc,Equip a full suit of Gondolinian armor
lotr.achievement,lotr.achievement.enterTowerHills.title,Emyn Beraid
lotr.achievement,lotr.achievement.enterTowerHills.desc,Enter the Tower Hills
lotr.achievement,lotr.achievement.wearFullGalvorn.title,Dark Elf
lotr.achievement,lotr.achievement.wearFullGalvorn.desc,Equip a full suit of Galvorn armor
lotr.achievement,lotr.achievement.enterBreeland.title,Of Hobbits and Men
lotr.achievement,lotr.achievement.enterBreeland.desc,Enter the region of Bree-land
lotr.achievement,lotr.achievement.enterChetwood.title,Ruffians' Haunt
lotr.achievement,lotr.achievement.enterChetwood.desc,Enter the forest of Chetwood
lotr.achievement,lotr.achievement.killBreelander.title,Bree-Man Slayer
lotr.achievement,lotr.achievement.killBreelander.desc,Kill a Man of Bree
lotr.achievement,lotr.achievement.doMiniquestBree.title,Traveller's Help
lotr.achievement,lotr.achievement.doMiniquestBree.desc,Complete a Bree-land mini-quest
lotr.achievement,lotr.achievement.tradeBreeCaptain.title,The Greenway Watch
lotr.achievement,lotr.achievement.tradeBreeCaptain.desc,Hire a unit from a Bree-land Sherriff
lotr.achievement,lotr.achievement.useBreeTable.title,Bree-land Crafter
lotr.achievement,lotr.achievement.useBreeTable.desc,Craft an item on the Bree-land Crafting Table
lotr.achievement,lotr.achievement.tradeBreeBlacksmith.title,Arms for the Road
lotr.achievement,lotr.achievement.tradeBreeBlacksmith.desc,Trade with a Bree-land Blacksmith
lotr.achievement,lotr.achievement.tradeBreeInnkeeper.title,Barliman's Best
lotr.achievement,lotr.achievement.tradeBreeInnkeeper.desc,Trade with a Bree-land Innkeeper
lotr.achievement,lotr.achievement.killBreeHobbit.title,Bree-hobbit Slayer
lotr.achievement,lotr.achievement.killBreeHobbit.desc,Kill a Hobbit of Bree
lotr.achievement,lotr.achievement.killRuffianSpy.title,Ruffian Slayer
lotr.achievement,lotr.achievement.killRuffianSpy.desc,Kill a Ruffian Spy
lotr.achievement,lotr.achievement.killRuffianBrute.title,"Et tu, Brute?"
lotr.achievement,lotr.achievement.killRuffianBrute.desc,Kill a Ruffian Brute
lotr.achievement,lotr.achievement.doMiniquestRuffianSpy.title,Dodgy Dealings
lotr.achievement,lotr.achievement.doMiniquestRuffianSpy.desc,Complete a Ruffian Spy mini-quest
lotr.achievement,lotr.achievement.doMiniquestRuffianBrute.title,Ruff 'n' Tumble
lotr.achievement,lotr.achievement.doMiniquestRuffianBrute.desc,Complete a Ruffian Brute mini-quest and earn his service
lotr.achievement,lotr.achievement.tradeBreeMarketTrader.title,Insider Bargains
lotr.achievement,lotr.achievement.tradeBreeMarketTrader.desc,Trade with a stallkeeper in a Bree-land Market
lotr.achievement,lotr.achievement.buyAppleBreeFarmer.title,One for Bill Ferny
lotr.achievement,lotr.achievement.buyAppleBreeFarmer.desc,Buy an apple from a Bree-land Farmer
lotr.achievement,lotr.achievement.hireBreeFarmer.title,Honest Work
lotr.achievement,lotr.achievement.hireBreeFarmer.desc,Hire a farmhand from a Bree-land Farmer
lotr.achievement,lotr.achievement.killRangerNorth.title,Outlaw
lotr.achievement,lotr.achievement.killRangerNorth.desc,Kill a Ranger of the North
lotr.achievement,lotr.achievement.wearFullRanger.title,Watcher
lotr.achievement,lotr.achievement.wearFullRanger.desc,Equip a full suit of Ranger armor
lotr.achievement,lotr.achievement.killTroll.title,Troll Slayer
lotr.achievement,lotr.achievement.killTroll.desc,Kill a Troll
lotr.achievement,lotr.achievement.getTrollStatue.title,Statue Collector
lotr.achievement,lotr.achievement.getTrollStatue.desc,Collect a Troll statue using a pickaxe
lotr.achievement,lotr.achievement.makeTrollSneeze.title,Blimey!
lotr.achievement,lotr.achievement.makeTrollSneeze.desc,Make a Troll sneeze by tickling him with feathers
lotr.achievement,lotr.achievement.killMountainTroll.title,Hill-troll Slayer
lotr.achievement,lotr.achievement.killMountainTroll.desc,Kill a Hill-troll
lotr.achievement,lotr.achievement.killTrollFleeingSun.title,Backstabber
lotr.achievement,lotr.achievement.killTrollFleeingSun.desc,Kill a Troll who is fleeing from the Sun
lotr.achievement,lotr.achievement.killMountainTrollChieftain.title,Long Live the Chieftain
lotr.achievement,lotr.achievement.killMountainTrollChieftain.desc,Defeat the Hill-troll Chieftain
lotr.achievement,lotr.achievement.shootDownMidges.title,Anti-Air Support
lotr.achievement,lotr.achievement.shootDownMidges.desc,Shoot down a swarm of midges with a hired unit
lotr.achievement,lotr.achievement.enterTrollshaws.title,Roast Mutton
lotr.achievement,lotr.achievement.enterTrollshaws.desc,Enter the Trollshaws
lotr.achievement,lotr.achievement.enterMidgewater.title,More Midges than Water!
lotr.achievement,lotr.achievement.enterMidgewater.desc,Enter the marshes of Midgewater
lotr.achievement,lotr.achievement.enterLoneLands.title,A Lonely Land
lotr.achievement,lotr.achievement.enterLoneLands.desc,Enter the Lone-lands
lotr.achievement,lotr.achievement.enterEttenmoors.title,The Troll-fells
lotr.achievement,lotr.achievement.enterEttenmoors.desc,Enter the Ettenmoors
lotr.achievement,lotr.achievement.enterEriador.title,The Kindly West
lotr.achievement,lotr.achievement.enterEriador.desc,Enter the region of Eriador
lotr.achievement,lotr.achievement.enterColdfells.title,The Wild North
lotr.achievement,lotr.achievement.enterColdfells.desc,Enter the Coldfells
lotr.achievement,lotr.achievement.enterSwanfleet.title,Nîn-in-Eilph
lotr.achievement,lotr.achievement.enterSwanfleet.desc,Enter the fenlands of Swanfleet
lotr.achievement,lotr.achievement.enterMinhiriath.title,Between the Rivers
lotr.achievement,lotr.achievement.enterMinhiriath.desc,Enter the region of Minhiriath
lotr.achievement,lotr.achievement.tradeGundabadCaptain.title,Rabble Rouser
lotr.achievement,lotr.achievement.tradeGundabadCaptain.desc,Hire a unit from a Gundabad Orc Chieftain
lotr.achievement,lotr.achievement.tradeRangerNorthCaptain.title,Masters of Stealth
lotr.achievement,lotr.achievement.tradeRangerNorthCaptain.desc,Hire a unit from a Ranger Captain of the North
lotr.achievement,lotr.achievement.enterBarrowDowns.title,The Hills of the Dead
lotr.achievement,lotr.achievement.enterBarrowDowns.desc,Enter the Barrow-downs
lotr.achievement,lotr.achievement.useRangerTable.title,Dúnedain Crafter
lotr.achievement,lotr.achievement.useRangerTable.desc,Craft an item on the Ranger Crafting Table
lotr.achievement,lotr.achievement.useGundabadTable.title,Crude Worker
lotr.achievement,lotr.achievement.useGundabadTable.desc,Craft an item on the Gundabad Crafting Table
lotr.achievement,lotr.achievement.doMiniquestRanger.title,Errand Scout
lotr.achievement,lotr.achievement.doMiniquestRanger.desc,Complete a Dúnedain of the North mini-quest
lotr.achievement,lotr.achievement.doMiniquestGundabad.title,Scavenging Filth
lotr.achievement,lotr.achievement.doMiniquestGundabad.desc,Complete a Gundabad mini-quest
lotr.achievement,lotr.achievement.killBarrowWight.title,Cold be Hand...
lotr.achievement,lotr.achievement.killBarrowWight.desc,Kill a Barrow-wight
lotr.achievement,lotr.achievement.killGundabadOrc.title,Gundabad Orc Slayer
lotr.achievement,lotr.achievement.killGundabadOrc.desc,Kill a Gundabad Orc
lotr.achievement,lotr.achievement.killGundabadUruk.title,"Bigger, Stronger, Meaner"
lotr.achievement,lotr.achievement.killGundabadUruk.desc,Kill a Gundabad Uruk
lotr.achievement,lotr.achievement.wearFullGundabadUruk.title,Scourge of the Mountains
lotr.achievement,lotr.achievement.wearFullGundabadUruk.desc,Equip a full suit of Gundabad Uruk armor
lotr.achievement,lotr.achievement.killDunedain.title,Dúnedain Slayer
lotr.achievement,lotr.achievement.killDunedain.desc,Kill a Dúnadan of the North
lotr.achievement,lotr.achievement.enterAngle.title,A Fastness in the Wild
lotr.achievement,lotr.achievement.enterAngle.desc,Enter the lands of the Angle
lotr.achievement,lotr.achievement.wearFullArnor.title,Memories of the North
lotr.achievement,lotr.achievement.wearFullArnor.desc,Equip a full suit of Arnorian armor
lotr.achievement,lotr.achievement.tradeDunedainBlacksmith.title,Ranging Arms
lotr.achievement,lotr.achievement.tradeDunedainBlacksmith.desc,Trade with a Dúnedain Blacksmith
lotr.achievement,lotr.achievement.enterRivendell.title,The Hidden Valley
lotr.achievement,lotr.achievement.enterRivendell.desc,Enter the realm of Rivendell
lotr.achievement,lotr.achievement.useRivendellTable.title,Rivendell Crafter
lotr.achievement,lotr.achievement.useRivendellTable.desc,Craft an item on the Rivendell Crafting Table
lotr.achievement,lotr.achievement.wearFullRivendell.title,Livery of Lord Elrond
lotr.achievement,lotr.achievement.wearFullRivendell.desc,Equip a full suit of Rivendell armor
lotr.achievement,lotr.achievement.tradeRivendellSmith.title,The Reforging
lotr.achievement,lotr.achievement.tradeRivendellSmith.desc,Trade with a Rivendell Smith
lotr.achievement,lotr.achievement.tradeRivendellLord.title,For Imladris!
lotr.achievement,lotr.achievement.tradeRivendellLord.desc,Hire a unit from a Rivendell Captain
lotr.achievement,lotr.achievement.tradeRivendellTrader.title,Treasures of Imladris
lotr.achievement,lotr.achievement.tradeRivendellTrader.desc,Trade with a Rivendell Wanderer
lotr.achievement,lotr.achievement.doMiniquestRivendell.title,Friend of Rivendell
lotr.achievement,lotr.achievement.doMiniquestRivendell.desc,Complete a Rivendell mini-quest
lotr.achievement,lotr.achievement.killRivendellElf.title,Rivendell Elf Slayer
lotr.achievement,lotr.achievement.killRivendellElf.desc,Kill a Rivendell Elf
lotr.achievement,lotr.achievement.tradeGundabadTrader.title,Scrounging and Scavenging
lotr.achievement,lotr.achievement.tradeGundabadTrader.desc,Trade with a Gundabad Orc Scrounger
lotr.achievement,lotr.achievement.tradeAngmarCaptain.title,Hour of Vengeance
lotr.achievement,lotr.achievement.tradeAngmarCaptain.desc,Hire a unit from an Angmar Orc Chieftain
lotr.achievement,lotr.achievement.killAngmarOrc.title,Angmar Orc Slayer
lotr.achievement,lotr.achievement.killAngmarOrc.desc,Kill an Angmar Orc
lotr.achievement,lotr.achievement.enterAngmar.title,The Ruin of Arnor
lotr.achievement,lotr.achievement.enterAngmar.desc,Enter the realm of Angmar
lotr.achievement,lotr.achievement.useAngmarTable.title,Angmar Crafter
lotr.achievement,lotr.achievement.useAngmarTable.desc,Craft an item on the Angmar Crafting Table
lotr.achievement,lotr.achievement.wearFullAngmar.title,Forth to Ruin!
lotr.achievement,lotr.achievement.wearFullAngmar.desc,Equip a full suit of Angmar armor
lotr.achievement,lotr.achievement.doMiniquestAngmar.title,Servant of Evil
lotr.achievement,lotr.achievement.doMiniquestAngmar.desc,Complete an Angmar mini-quest
lotr.achievement,lotr.achievement.tradeAngmarTrader.title,Wicked Wares
lotr.achievement,lotr.achievement.tradeAngmarTrader.desc,Trade with an Angmar Orc Trader
lotr.achievement,lotr.achievement.killAngmarHillman.title,Hillman Slayer
lotr.achievement,lotr.achievement.killAngmarHillman.desc,Kill a Hillman of Rhudaur
lotr.achievement,lotr.achievement.tradeAngmarHillmanChieftain.title,Horde of Hillmen
lotr.achievement,lotr.achievement.tradeAngmarHillmanChieftain.desc,Hire a unit from a Rhudaur Hillman Chieftain
lotr.achievement,lotr.achievement.killSnowTroll.title,Snow-troll Slayer
lotr.achievement,lotr.achievement.killSnowTroll.desc,Kill a Snow-troll
lotr.achievement,lotr.achievement.enterEregion.title,Faded Splendor
lotr.achievement,lotr.achievement.enterEregion.desc,Enter the land of Eregion
lotr.achievement,lotr.achievement.enterEnedwaith.title,Forsaken Country
lotr.achievement,lotr.achievement.enterEnedwaith.desc,Enter the region of Enedwaith
lotr.achievement,lotr.achievement.enterNanCurunir.title,Vale of the Wizard
lotr.achievement,lotr.achievement.enterNanCurunir.desc,Enter the valley of Nan Curunír
lotr.achievement,lotr.achievement.enterPukel.title,Old Púkel Land
lotr.achievement,lotr.achievement.enterPukel.desc,Enter the region of Drúwaith Iaur
lotr.achievement,lotr.achievement.killDunlending.title,Dunlending Slayer
lotr.achievement,lotr.achievement.killDunlending.desc,Kill a Dunlending
lotr.achievement,lotr.achievement.wearFullDunlending.title,Barbarian
lotr.achievement,lotr.achievement.wearFullDunlending.desc,Equip a full suit of Dunlending armor
lotr.achievement,lotr.achievement.useDunlendingTable.title,Dunlending Crafter
lotr.achievement,lotr.achievement.useDunlendingTable.desc,Craft an item on the Dunlending Crafting Table
lotr.achievement,lotr.achievement.tradeDunlendingWarlord.title,We Fight for You!
lotr.achievement,lotr.achievement.tradeDunlendingWarlord.desc,Hire a unit from a Dunlending Warlord
lotr.achievement,lotr.achievement.useDunlendingTrident.title,Catch of the Day
lotr.achievement,lotr.achievement.useDunlendingTrident.desc,Catch fish with a Dunlending Trident
lotr.achievement,lotr.achievement.tradeDunlendingBartender.title,Fine Dining
lotr.achievement,lotr.achievement.tradeDunlendingBartender.desc,Trade with a Dunlending Bartender
lotr.achievement,lotr.achievement.enterDunland.title,Land of the Wild Men
lotr.achievement,lotr.achievement.enterDunland.desc,Enter the hills of Dunland
lotr.achievement,lotr.achievement.doMiniquestDunland.title,Blood Pact
lotr.achievement,lotr.achievement.doMiniquestDunland.desc,Complete a Dunland mini-quest
lotr.achievement,lotr.achievement.climbMistyMountains.title,Mountaineer
lotr.achievement,lotr.achievement.climbMistyMountains.desc,Climb above the cloud layer in the Misty Mountains
lotr.achievement,lotr.achievement.enterMistyMountains.title,The Mountains Cold
lotr.achievement,lotr.achievement.enterMistyMountains.desc,Enter the Misty Mountains
lotr.achievement,lotr.achievement.tameGollum.title,The Taming of Sméagol
lotr.achievement,lotr.achievement.tameGollum.desc,Tame Gollum
lotr.achievement,lotr.achievement.enterForodwaith.title,Everlasting Chill
lotr.achievement,lotr.achievement.enterForodwaith.desc,Enter the region of Forodwaith
lotr.achievement,lotr.achievement.enterValesOfAnduin.title,The Great River
lotr.achievement,lotr.achievement.enterValesOfAnduin.desc,Enter the region of Anduin
lotr.achievement,lotr.achievement.enterGreyMountains.title,Here be Dragons?
lotr.achievement,lotr.achievement.enterGreyMountains.desc,Enter the Grey Mountains
lotr.achievement,lotr.achievement.enterGladdenFields.title,Watery Grave
lotr.achievement,lotr.achievement.enterGladdenFields.desc,Enter the Gladden Fields
lotr.achievement,lotr.achievement.enterEmynMuil.title,A Nasty Drop
lotr.achievement,lotr.achievement.enterEmynMuil.desc,Enter the Emyn Muil
lotr.achievement,lotr.achievement.enterBrownLands.title,Barren Wasteland
lotr.achievement,lotr.achievement.enterBrownLands.desc,Enter the Brown Lands
lotr.achievement,lotr.achievement.enterWilderland.title,Eastward Bound
lotr.achievement,lotr.achievement.enterWilderland.desc,Enter the eastern regions of Wilderland
lotr.achievement,lotr.achievement.enterDagorlad.title,Battle Plain
lotr.achievement,lotr.achievement.enterDagorlad.desc,Enter the plain of Dagorlad
lotr.achievement,lotr.achievement.enterCelebrant.title,Field of Victory
lotr.achievement,lotr.achievement.enterCelebrant.desc,Enter the Field of Celebrant
lotr.achievement,lotr.achievement.enterLongMarshes.title,"Past the Rushes, Past the Reeds"
lotr.achievement,lotr.achievement.enterLongMarshes.desc,Enter the Long Marshes
lotr.achievement,lotr.achievement.enterEastBight.title,Axes of Old
lotr.achievement,lotr.achievement.enterEastBight.desc,Enter the East Bight
lotr.achievement,lotr.achievement.killMirkwoodSpider.title,Pest Control
lotr.achievement,lotr.achievement.killMirkwoodSpider.desc,Kill a Mirkwood Spider
lotr.achievement,lotr.achievement.killWoodElf.title,Wood-elf Slayer
lotr.achievement,lotr.achievement.killWoodElf.desc,Kill a wood-elf
lotr.achievement,lotr.achievement.useWoodElvenTable.title,Wood-elven Crafter
lotr.achievement,lotr.achievement.useWoodElvenTable.desc,Craft an item on the Wood-elven Crafting Table
lotr.achievement,lotr.achievement.wearFullWoodElvenScout.title,Camouflaged
lotr.achievement,lotr.achievement.wearFullWoodElvenScout.desc,Equip a full suit of Wood-elven Scout armor
lotr.achievement,lotr.achievement.tradeWoodElfCaptain.title,Defender of Mirkwood
lotr.achievement,lotr.achievement.tradeWoodElfCaptain.desc,Hire a unit from a Wood-elf Captain
lotr.achievement,lotr.achievement.rideBarrelMirkwood.title,Out of Bond
lotr.achievement,lotr.achievement.rideBarrelMirkwood.desc,Ride a barrel through the rivers of Mirkwood
lotr.achievement,lotr.achievement.enterMirkwood.title,Stay on the Path!
lotr.achievement,lotr.achievement.enterMirkwood.desc,Enter the forest of Mirkwood
lotr.achievement,lotr.achievement.enterWoodlandRealm.title,Guest of the Elvenking
lotr.achievement,lotr.achievement.enterWoodlandRealm.desc,Enter the Woodland Realm
lotr.achievement,lotr.achievement.wearFullWoodElven.title,Captain of the Guard
lotr.achievement,lotr.achievement.wearFullWoodElven.desc,Equip a full suit of Wood-elven armor
lotr.achievement,lotr.achievement.enterDolGuldur.title,Hill of Sorcery
lotr.achievement,lotr.achievement.enterDolGuldur.desc,Enter the region of Dol Guldur
lotr.achievement,lotr.achievement.killDolGuldurOrc.title,Dol Guldur Orc Slayer
lotr.achievement,lotr.achievement.killDolGuldurOrc.desc,Kill an Orc of Dol Guldur
lotr.achievement,lotr.achievement.useDolGuldurTable.title,Necromancer
lotr.achievement,lotr.achievement.useDolGuldurTable.desc,Craft an item on the Dol Guldur Crafting Table
lotr.achievement,lotr.achievement.tradeDolGuldurCaptain.title,Foul Creatures
lotr.achievement,lotr.achievement.tradeDolGuldurCaptain.desc,Hire a unit from a Dol Guldur Orc Chieftain
lotr.achievement,lotr.achievement.killMirkTroll.title,Mirk-troll Slayer
lotr.achievement,lotr.achievement.killMirkTroll.desc,Kill a Mirk-troll
lotr.achievement,lotr.achievement.wearFullDolGuldur.title,The Corrupt
lotr.achievement,lotr.achievement.wearFullDolGuldur.desc,Equip a full suit of Dol Guldur armor
lotr.achievement,lotr.achievement.doMiniquestWoodElf.title,Trust of the Elves
lotr.achievement,lotr.achievement.doMiniquestWoodElf.desc,Complete a Wood-elf mini-quest
lotr.achievement,lotr.achievement.doMiniquestDolGuldur.title,Spider Spawn
lotr.achievement,lotr.achievement.doMiniquestDolGuldur.desc,Complete a Dol Guldur mini-quest
lotr.achievement,lotr.achievement.tradeDolGuldurTrader.title,Sorcerous Dealings
lotr.achievement,lotr.achievement.tradeDolGuldurTrader.desc,Trade with a Dol Guldur Orc Trader
lotr.achievement,lotr.achievement.tradeWoodElfSmith.title,Woodland Forge
lotr.achievement,lotr.achievement.tradeWoodElfSmith.desc,Buy an item from a Wood-elf Smith
lotr.achievement,lotr.achievement.enterDale.title,Kingdom of the Northmen
lotr.achievement,lotr.achievement.enterDale.desc,Enter the land of Dale
lotr.achievement,lotr.achievement.doMiniquestDale.title,Deeds of Dale
lotr.achievement,lotr.achievement.doMiniquestDale.desc,Complete a Dale mini-quest
lotr.achievement,lotr.achievement.useDaleTable.title,Dalish Crafter
lotr.achievement,lotr.achievement.useDaleTable.desc,Craft an item on the Dalish Crafting Table
lotr.achievement,lotr.achievement.wearFullDale.title,For the North!
lotr.achievement,lotr.achievement.wearFullDale.desc,Equip a full suit of Dalish armor
lotr.achievement,lotr.achievement.killDalish.title,Dalishman Slayer
lotr.achievement,lotr.achievement.killDalish.desc,Kill a Man of Dale
lotr.achievement,lotr.achievement.tradeDaleCaptain.title,Dalishmen at Arms
lotr.achievement,lotr.achievement.tradeDaleCaptain.desc,Hire a unit from a Dalish Captain
lotr.achievement,lotr.achievement.tradeDaleBlacksmith.title,Forges of the North
lotr.achievement,lotr.achievement.tradeDaleBlacksmith.desc,Trade with a Dalish Blacksmith
lotr.achievement,lotr.achievement.tradeDaleBaker.title,Freshly Baked
lotr.achievement,lotr.achievement.tradeDaleBaker.desc,Trade with a Dalish Baker
lotr.achievement,lotr.achievement.tradeDaleMerchant.title,Gifts of Dale
lotr.achievement,lotr.achievement.tradeDaleMerchant.desc,Trade with a Dalish Merchant
lotr.achievement,lotr.achievement.enterErebor.title,The Lonely Mountain
lotr.achievement,lotr.achievement.enterErebor.desc,Enter the lands around Erebor
lotr.achievement,lotr.achievement.openDaleCracker.title,Surprise!
lotr.achievement,lotr.achievement.openDaleCracker.desc,Open a Dalish cracker
lotr.achievement,lotr.achievement.killDwarf.title,Dwarf Slayer
lotr.achievement,lotr.achievement.killDwarf.desc,Kill a Dwarf
lotr.achievement,lotr.achievement.wearFullDwarven.title,A Tight Fit
lotr.achievement,lotr.achievement.wearFullDwarven.desc,Equip a full suit of Dwarven armor
lotr.achievement,lotr.achievement.useDwarvenThrowingAxe.title,Baruk Khazâd!
lotr.achievement,lotr.achievement.useDwarvenThrowingAxe.desc,Kill a foe with a Dwarven Throwing Axe
lotr.achievement,lotr.achievement.useDwarvenTable.title,Dwarven Crafter
lotr.achievement,lotr.achievement.useDwarvenTable.desc,Craft an item on the Dwarven Crafting Table
lotr.achievement,lotr.achievement.tradeDwarfMiner.title,Delving Deep
lotr.achievement,lotr.achievement.tradeDwarfMiner.desc,Trade with a Dwarf Miner
lotr.achievement,lotr.achievement.tradeDwarfCommander.title,Khazâd ai-mênu!
lotr.achievement,lotr.achievement.tradeDwarfCommander.desc,Hire a unit from a Dwarf Commander
lotr.achievement,lotr.achievement.mineGlowstone.title,In Dark Places
lotr.achievement,lotr.achievement.mineGlowstone.desc,Mine some glowstone ore
lotr.achievement,lotr.achievement.smeltDwarfSteel.title,Dwarven Smith
lotr.achievement,lotr.achievement.smeltDwarfSteel.desc,Smelt an ingot of Dwarven Steel in the Dwarven Forge
lotr.achievement,lotr.achievement.drinkDwarvenTonic.title,Eyes of the Dwarves
lotr.achievement,lotr.achievement.drinkDwarvenTonic.desc,Drink a mug of Dwarven Tonic
lotr.achievement,lotr.achievement.craftMithrilDwarvenBrick.title,Ludicrously Wealthy
lotr.achievement,lotr.achievement.craftMithrilDwarvenBrick.desc,Use some spare mithril to decorate your Dwarven bricks
lotr.achievement,lotr.achievement.talkDwarfWoman.title,Spot the Difference
lotr.achievement,lotr.achievement.talkDwarfWoman.desc,Speak with a female dwarf
lotr.achievement,lotr.achievement.enterIronHills.desc,Enter the Iron Hills
lotr.achievement,lotr.achievement.useDwarvenDoor.title,Mellon!
lotr.achievement,lotr.achievement.useDwarvenDoor.desc,Open a Dwarven Door
lotr.achievement,lotr.achievement.marryDwarf.title,The Reluctant Union
lotr.achievement,lotr.achievement.marryDwarf.desc,Perform a Dwarf marriage among Durin's Folk
lotr.achievement,lotr.achievement.doMiniquestDwarf.title,Kin of Durin
lotr.achievement,lotr.achievement.doMiniquestDwarf.desc,Complete a Durin's Folk mini-quest
lotr.achievement,lotr.achievement.tradeIronHillsMerchant.title,Dwarven Treasures
lotr.achievement,lotr.achievement.tradeIronHillsMerchant.desc,Trade with a merchant of the Iron Hills
lotr.achievement,lotr.achievement.tradeDwarfSmith.title,At Durin's Anvil
lotr.achievement,lotr.achievement.tradeDwarfSmith.desc,Trade with a Dwarven Smith
lotr.achievement,lotr.achievement.killElf.title,Elf Slayer
lotr.achievement,lotr.achievement.killElf.desc,Kill a Galadhrim elf
lotr.achievement,lotr.achievement.useElvenPortal.title,Traveller
lotr.achievement,lotr.achievement.useElvenPortal.desc,Enter an Elven Portal
lotr.achievement,lotr.achievement.wearFullElven.title,Golden Wood Warrior
lotr.achievement,lotr.achievement.wearFullElven.desc,Equip a full suit of Galadhrim armor
lotr.achievement,lotr.achievement.useElvenTable.title,Elven Crafter
lotr.achievement,lotr.achievement.useElvenTable.desc,Craft an item on the Galadhrim Crafting Table
lotr.achievement,lotr.achievement.tradeElfLord.title,Lórien's Finest
lotr.achievement,lotr.achievement.tradeElfLord.desc,Hire a unit from a Galadhrim Lord
lotr.achievement,lotr.achievement.mineQuendite.title,Glittering Depths
lotr.achievement,lotr.achievement.mineQuendite.desc,Mine a crystal of Edhelvir
lotr.achievement,lotr.achievement.takeMallornWood.title,I Want That Wood!
lotr.achievement,lotr.achievement.takeMallornWood.desc,Cut down a Mallorn tree and defend your right to do so
lotr.achievement,lotr.achievement.enterLothlorien.title,The Golden Wood
lotr.achievement,lotr.achievement.enterLothlorien.desc,Enter the woods of Lothlórien
lotr.achievement,lotr.achievement.tradeElvenTrader.title,Gifts from Afar
lotr.achievement,lotr.achievement.tradeElvenTrader.desc,Trade with a Galadhrim Wanderer
lotr.achievement,lotr.achievement.doMiniquestGaladhrim.title,Friend of the Lady
lotr.achievement,lotr.achievement.doMiniquestGaladhrim.desc,Complete a Galadhrim mini-quest
lotr.achievement,lotr.achievement.tradeGaladhrimSmith.title,At the Golden Forge
lotr.achievement,lotr.achievement.tradeGaladhrimSmith.desc,Buy an item from a Galadhrim Smith
lotr.achievement,lotr.achievement.wearFullHithlain.title,Grey Wanderer
lotr.achievement,lotr.achievement.wearFullHithlain.desc,Equip a full Galadhrim hithlain cloak
lotr.achievement,lotr.achievement.killEnt.title,Enemy of the Forest
lotr.achievement,lotr.achievement.killEnt.desc,Kill an Ent
lotr.achievement,lotr.achievement.drinkEntDraught.title,Invigoration
lotr.achievement,lotr.achievement.drinkEntDraught.desc,Drink an Ent-draught from a bowl
lotr.achievement,lotr.achievement.killHuorn.title,Lumberjack
lotr.achievement,lotr.achievement.killHuorn.desc,Kill a Huorn
lotr.achievement,lotr.achievement.talkEnt.title,The Trees Have Voices
lotr.achievement,lotr.achievement.talkEnt.desc,Speak with an Ent
lotr.achievement,lotr.achievement.enterFangorn.title,Lower Your Axe
lotr.achievement,lotr.achievement.enterFangorn.desc,Enter Fangorn Forest
lotr.achievement,lotr.achievement.summonHuorn.title,From Little Acorns
lotr.achievement,lotr.achievement.summonHuorn.desc,Summon a Huorn to fight by your side
lotr.achievement,lotr.achievement.killMallornEnt.title,Wrath of the Forest
lotr.achievement,lotr.achievement.killMallornEnt.desc,Defeat the Mallorn Ent
lotr.achievement,lotr.achievement.raidUrukCamp.title,Camp Raider
lotr.achievement,lotr.achievement.raidUrukCamp.desc,Slay an Uruk near his camp
lotr.achievement,lotr.achievement.useUrukTable.title,Uruk Crafter
lotr.achievement,lotr.achievement.useUrukTable.desc,Craft an item on the Uruk Crafting Table
lotr.achievement,lotr.achievement.tradeUrukTrader.title,Shady Deal
lotr.achievement,lotr.achievement.tradeUrukTrader.desc,Trade with an Uruk Trader
lotr.achievement,lotr.achievement.tradeUrukCaptain.title,Pillaging Time
lotr.achievement,lotr.achievement.tradeUrukCaptain.desc,Hire a unit from an Uruk Chieftain
lotr.achievement,lotr.achievement.useRohirricTable.title,Rohirric Crafter
lotr.achievement,lotr.achievement.useRohirricTable.desc,Craft an item on the Rohirric Crafting Table
lotr.achievement,lotr.achievement.smeltUrukSteel.title,Uruk Smith
lotr.achievement,lotr.achievement.smeltUrukSteel.desc,Smelt an ingot of Uruk Steel in the Orc Forge
lotr.achievement,lotr.achievement.wearFullUruk.title,The Feared
lotr.achievement,lotr.achievement.wearFullUruk.desc,Equip a full suit of Uruk armor
lotr.achievement,lotr.achievement.hireWargBombardier.title,Out with a Bang
lotr.achievement,lotr.achievement.hireWargBombardier.desc,Kill a foe with a hired Warg Bombardier
lotr.achievement,lotr.achievement.killRohirrim.title,Rohirrim Slayer
lotr.achievement,lotr.achievement.killRohirrim.desc,Kill one of the Rohirrim
lotr.achievement,lotr.achievement.tradeRohirrimMarshal.title,Forth Eorlingas!
lotr.achievement,lotr.achievement.tradeRohirrimMarshal.desc,Hire a unit from a Marshal of the Rohirrim
lotr.achievement,lotr.achievement.wearFullRohirric.desc,Equip a full suit of Rohirric armor
lotr.achievement,lotr.achievement.tradeRohanBlacksmith.title,Hammer and Chain
lotr.achievement,lotr.achievement.tradeRohanBlacksmith.desc,Trade with a Rohirrim Blacksmith
lotr.achievement,lotr.achievement.buyRohanMead.title,Need for Mead
lotr.achievement,lotr.achievement.buyRohanMead.desc,Buy mead from a Rohirrim Meadhost
lotr.achievement,lotr.achievement.enterRohan.title,Home of the Horse-lords
lotr.achievement,lotr.achievement.enterRohan.desc,Enter the land of Rohan
lotr.achievement,lotr.achievement.enterRohanUrukHighlands.title,Place of Devastation
lotr.achievement,lotr.achievement.enterRohanUrukHighlands.desc,Enter the Uruk Highlands
lotr.achievement,lotr.achievement.doMiniquestRohan.title,Friend of the Mark
lotr.achievement,lotr.achievement.doMiniquestRohan.desc,Complete a Rohan mini-quest
lotr.achievement,lotr.achievement.doMiniquestIsengard.title,Fell Deeds Awake
lotr.achievement,lotr.achievement.doMiniquestIsengard.desc,Complete an Isengard mini-quest
lotr.achievement,lotr.achievement.killUrukHai.title,Uruk Slayer
lotr.achievement,lotr.achievement.killUrukHai.desc,Kill an Uruk
lotr.achievement,lotr.achievement.enterEntwashMouth.title,Last Marsh of the Ents
lotr.achievement,lotr.achievement.enterEntwashMouth.desc,Enter the mouths of the Entwash
lotr.achievement,lotr.achievement.wearFullRohirricMarshal.title,Marshal of Rohan
lotr.achievement,lotr.achievement.wearFullRohirricMarshal.desc,Equip a full suit of Rohirric marshal armor
lotr.achievement,lotr.achievement.killIsengardSnaga.title,Snaga Slayer
lotr.achievement,lotr.achievement.killIsengardSnaga.desc,Kill an Isengard Snaga
lotr.achievement,lotr.achievement.doMiniquestRohanShieldmaiden.title,No Living Man am I!
lotr.achievement,lotr.achievement.doMiniquestRohanShieldmaiden.desc,Earn the service of a Shieldmaiden of Rohan
lotr.achievement,lotr.achievement.tradeRohanFarmer.title,Horse Feed
lotr.achievement,lotr.achievement.tradeRohanFarmer.desc,Trade with a Rohirrim Farmer
lotr.achievement,lotr.achievement.hireRohanFarmer.title,Muster of the Fields
lotr.achievement,lotr.achievement.hireRohanFarmer.desc,Hire a farmhand from a Rohirrim Farmer
lotr.achievement,lotr.achievement.tradeRohanMarketTrader.title,Markets of the Mark
lotr.achievement,lotr.achievement.tradeRohanMarketTrader.desc,Trade with a stallkeeper in a Rohan Market
lotr.achievement,lotr.achievement.tradeRohanStablemaster.title,Master of Horses
lotr.achievement,lotr.achievement.tradeRohanStablemaster.desc,Trade with a Rohirrim Stablemaster
lotr.achievement,lotr.achievement.enterAdornland.title,The People of Wulf
lotr.achievement,lotr.achievement.enterAdornland.desc,Enter the Dunlending-occupied region of Adornland
lotr.achievement,lotr.achievement.killGondorian.title,Gondorian Slayer
lotr.achievement,lotr.achievement.killGondorian.desc,Kill a Man of Gondor
lotr.achievement,lotr.achievement.lightGondorBeacon.title,The Beacons are Lit!
lotr.achievement,lotr.achievement.lightGondorBeacon.desc,Light a Beacon of Gondor
lotr.achievement,lotr.achievement.useGondorianTable.title,Gondorian Crafter
lotr.achievement,lotr.achievement.useGondorianTable.desc,Craft an item on the Gondorian Crafting Table
lotr.achievement,lotr.achievement.tradeGondorBlacksmith.title,Blacksmith's Apprentice
lotr.achievement,lotr.achievement.tradeGondorBlacksmith.desc,Trade with a Gondor Blacksmith
lotr.achievement,lotr.achievement.tradeGondorianCaptain.title,Knights of Gondor
lotr.achievement,lotr.achievement.tradeGondorianCaptain.desc,Hire a unit from a Gondorian Captain
lotr.achievement,lotr.achievement.wearFullGondorian.title,For Gondor!
lotr.achievement,lotr.achievement.wearFullGondorian.desc,Equip a full suit of Gondorian armor
lotr.achievement,lotr.achievement.killRangerIthilien.title,Ranger Slayer
lotr.achievement,lotr.achievement.killRangerIthilien.desc,Kill a Ranger of Ithilien
lotr.achievement,lotr.achievement.enterGondor.title,The Kingdom of Men
lotr.achievement,lotr.achievement.enterGondor.desc,Enter the land of Gondor
lotr.achievement,lotr.achievement.enterIthilien.title,Land of the Moon
lotr.achievement,lotr.achievement.enterIthilien.desc,Enter the province of Ithilien
lotr.achievement,lotr.achievement.enterWhiteMountains.title,Ered Nimrais
lotr.achievement,lotr.achievement.enterWhiteMountains.desc,Enter the White Mountains
lotr.achievement,lotr.achievement.enterTolfalas.title,The Isle in the Bay
lotr.achievement,lotr.achievement.enterTolfalas.desc,Enter the island of Tolfalas
lotr.achievement,lotr.achievement.enterLebennin.title,Five Fair Streams
lotr.achievement,lotr.achievement.enterLebennin.desc,Enter the fiefdom of Lebennin
lotr.achievement,lotr.achievement.doMiniquestGondor.title,In Aid of Gondor
lotr.achievement,lotr.achievement.doMiniquestGondor.desc,Complete a Gondor mini-quest
lotr.achievement,lotr.achievement.tradeRangerIthilienCaptain.title,Windows on the West
lotr.achievement,lotr.achievement.tradeRangerIthilienCaptain.desc,Hire a unit from an Ithilien Ranger Captain
lotr.achievement,lotr.achievement.useDolAmrothTable.title,Dol Amroth Crafter
lotr.achievement,lotr.achievement.useDolAmrothTable.desc,Craft an item on the Dol Amroth Crafting Table
lotr.achievement,lotr.achievement.wearFullDolAmroth.title,Swan Knight
lotr.achievement,lotr.achievement.wearFullDolAmroth.desc,Equip a full suit of Dol Amroth armor
lotr.achievement,lotr.achievement.killSwanKnight.title,Swan Slayer
lotr.achievement,lotr.achievement.killSwanKnight.desc,Kill a Swan Knight of Dol Amroth
lotr.achievement,lotr.achievement.enterDorEnErnil.title,Land of the Prince
lotr.achievement,lotr.achievement.enterDorEnErnil.desc,Enter the region of Dor-en-Ernil
lotr.achievement,lotr.achievement.tradeDolAmrothCaptain.title,Friend of the Princes
lotr.achievement,lotr.achievement.tradeDolAmrothCaptain.desc,Hire a unit from a Dol Amroth Captain
lotr.achievement,lotr.achievement.enterAnduinMouth.title,Ethir Anduin
lotr.achievement,lotr.achievement.enterAnduinMouth.desc,Enter the mouths of the Anduin
lotr.achievement,lotr.achievement.enterPelennor.title,The Townlands
lotr.achievement,lotr.achievement.enterPelennor.desc,Enter the Pelennor Fields
lotr.achievement,lotr.achievement.wearFullRangerIthilien.title,Beneath the Moon
lotr.achievement,lotr.achievement.wearFullRangerIthilien.desc,Equip a full suit of Ithilien Ranger armor
lotr.achievement,lotr.achievement.enterLossarnach.title,Vale of Flowers
lotr.achievement,lotr.achievement.enterLossarnach.desc,Enter the fiefdom of Lossarnach
lotr.achievement,lotr.achievement.enterImlothMelui.title,Valley of Roses
lotr.achievement,lotr.achievement.enterImlothMelui.desc,Enter the valley of Imloth Melui
lotr.achievement,lotr.achievement.wearFullLossarnach.title,Axe Warrior
lotr.achievement,lotr.achievement.wearFullLossarnach.desc,Equip a full suit of Lossarnach armor
lotr.achievement,lotr.achievement.wearFullPelargir.title,Guardian of the Havens
lotr.achievement,lotr.achievement.wearFullPelargir.desc,Equip a full suit of Pelargir armor
lotr.achievement,lotr.achievement.wearFullPinnathGelin.title,Green Hill Soldier
lotr.achievement,lotr.achievement.wearFullPinnathGelin.desc,Equip a full suit of Pinnath Gelin armor
lotr.achievement,lotr.achievement.wearFullBlackroot.title,Blackroot Bowman
lotr.achievement,lotr.achievement.wearFullBlackroot.desc,Equip a full suit of Blackroot Vale armor
lotr.achievement,lotr.achievement.hireGondorFarmer.title,Fertile Fields
lotr.achievement,lotr.achievement.hireGondorFarmer.desc,Hire a farmhand from a Gondor Farmer
lotr.achievement,lotr.achievement.buyPipeweedGondorFarmer.title,Sweet Galenas
lotr.achievement,lotr.achievement.buyPipeweedGondorFarmer.desc,Buy a pipe-weed plant from a Gondor Farmer
lotr.achievement,lotr.achievement.tradeGondorBartender.title,The Stumbling Gondorian
lotr.achievement,lotr.achievement.tradeGondorBartender.desc,Trade with a Gondor Bartender
lotr.achievement,lotr.achievement.tradeGondorMarketTrader.title,Market Business
lotr.achievement,lotr.achievement.tradeGondorMarketTrader.desc,Trade with a stallkeeper in a Gondor Market
lotr.achievement,lotr.achievement.tradeLossarnachCaptain.title,Forlong's Axes
lotr.achievement,lotr.achievement.tradeLossarnachCaptain.desc,Hire a unit from a Lossarnach Captain
lotr.achievement,lotr.achievement.tradePelargirCaptain.title,Tridents of the Coast
lotr.achievement,lotr.achievement.tradePelargirCaptain.desc,Hire a unit from a Pelargir Commander
lotr.achievement,lotr.achievement.tradePinnathGelinCaptain.title,Soldiers in Green
lotr.achievement,lotr.achievement.tradePinnathGelinCaptain.desc,Hire a unit from a Pinnath Gelin Captain
lotr.achievement,lotr.achievement.tradeBlackrootCaptain.title,Duinhir's Bowmen
lotr.achievement,lotr.achievement.tradeBlackrootCaptain.desc,Hire a unit from a Blackroot Vale Bowlord
lotr.achievement,lotr.achievement.tradeLebenninCaptain.title,Levies of the Streams
lotr.achievement,lotr.achievement.tradeLebenninCaptain.desc,Hire a unit from a Lebennin Levymaster
lotr.achievement,lotr.achievement.enterPelargir.title,The Royal Havens
lotr.achievement,lotr.achievement.enterPelargir.desc,Enter the fiefdom of Pelargir
lotr.achievement,lotr.achievement.wearFullLamedon.title,Warrior of Lamedon
lotr.achievement,lotr.achievement.wearFullLamedon.desc,Equip a full suit of Lamedon armor
lotr.achievement,lotr.achievement.tradeLamedonCaptain.title,Fearless Defenders
lotr.achievement,lotr.achievement.tradeLamedonCaptain.desc,Hire a unit from a Lamedon Captain
lotr.achievement,lotr.achievement.enterLamedon.title,Hills and Vales
lotr.achievement,lotr.achievement.enterLamedon.desc,Enter the fiefdom of Lamedon
lotr.achievement,lotr.achievement.enterBlackrootVale.title,Bows and Blackroots
lotr.achievement,lotr.achievement.enterBlackrootVale.desc,Enter the fiefdom of Blackroot Vale
lotr.achievement,lotr.achievement.enterPinnathGelin.title,The Green Hills
lotr.achievement,lotr.achievement.enterPinnathGelin.desc,Enter the fiefdom of Pinnath Gelin
lotr.achievement,lotr.achievement.enterAndrast.title,Wild Shores
lotr.achievement,lotr.achievement.enterAndrast.desc,Enter the cape of Andrast
lotr.achievement,lotr.achievement.doMiniquestGondorKillRenegade.title,They Had it Coming
lotr.achievement,lotr.achievement.doMiniquestGondorKillRenegade.desc,Complete a Gondor mini-quest in pursuit of Gondorian renegades
lotr.achievement,lotr.achievement.mineRemains.title,Worth the Risk?
lotr.achievement,lotr.achievement.mineRemains.desc,Dig up a block of remains
lotr.achievement,lotr.achievement.craftAncientItem.title,Archaeologist
lotr.achievement,lotr.achievement.craftAncientItem.desc,Recover an ancient item from ancient item parts
lotr.achievement,lotr.achievement.enterDeadMarshes.title,The Stench of Evil
lotr.achievement,lotr.achievement.enterDeadMarshes.desc,Enter the Dead Marshes
lotr.achievement,lotr.achievement.enterNindalf.title,Wetwang
lotr.achievement,lotr.achievement.enterNindalf.desc,Enter the swamps of Nindalf
lotr.achievement,lotr.achievement.killMarshWraith.title,Wraith Slayer
lotr.achievement,lotr.achievement.killMarshWraith.desc,Kill a Marsh Wraith
lotr.achievement,lotr.achievement.killOlogHai.title,Olog Slayer
lotr.achievement,lotr.achievement.killOlogHai.desc,Kill an Olog-hai
lotr.achievement,lotr.achievement.useMorgulTable.title,Morgul Crafter
lotr.achievement,lotr.achievement.useMorgulTable.desc,Craft an item on the Morgul Crafting Table
lotr.achievement,lotr.achievement.smeltOrcSteel.title,Orc Smith
lotr.achievement,lotr.achievement.smeltOrcSteel.desc,Smelt an ingot of Orc Steel in the Orc Forge
lotr.achievement,lotr.achievement.wearFullOrc.title,Inspection!
lotr.achievement,lotr.achievement.wearFullOrc.desc,Equip a full suit of Mordor armor
lotr.achievement,lotr.achievement.tradeOrcTrader.title,The Black Market
lotr.achievement,lotr.achievement.tradeOrcTrader.desc,Trade with a Mordor Orc Trader
lotr.achievement,lotr.achievement.tradeOrcCaptain.title,To War!
lotr.achievement,lotr.achievement.tradeOrcCaptain.desc,Hire a unit from a Mordor Orc Commander
lotr.achievement,lotr.achievement.mineNaurite.title,Fires of the Deep
lotr.achievement,lotr.achievement.mineNaurite.desc,Mine a gem of Durnor
lotr.achievement,lotr.achievement.eatMorgulShroom.title,Survivalist
lotr.achievement,lotr.achievement.eatMorgulShroom.desc,Eat a Morgul-shroom
lotr.achievement,lotr.achievement.craftOrcBomb.title,The Bombardier
lotr.achievement,lotr.achievement.craftOrcBomb.desc,Craft an Orc Bomb
lotr.achievement,lotr.achievement.hireOlogHai.title,Hammer Time
lotr.achievement,lotr.achievement.hireOlogHai.desc,Kill a foe with a hired Olog-hai
lotr.achievement,lotr.achievement.mineGulduril.title,A Sickly Light
lotr.achievement,lotr.achievement.mineGulduril.desc,Mine some Gulduril ore
lotr.achievement,lotr.achievement.useMorgulPortal.title,Dark Sorcery
lotr.achievement,lotr.achievement.useMorgulPortal.desc,Enter a Morgul Portal
lotr.achievement,lotr.achievement.wearFullMorgul.title,Witch-king
lotr.achievement,lotr.achievement.wearFullMorgul.desc,Equip a full suit of Morgul armor
lotr.achievement,lotr.achievement.enterMordor.title,One Does Not Simply...
lotr.achievement,lotr.achievement.enterMordor.desc,Walk into Mordor
lotr.achievement,lotr.achievement.enterNurn.title,Slaves and Slavers
lotr.achievement,lotr.achievement.enterNurn.desc,Enter the region of Nurn
lotr.achievement,lotr.achievement.enterNanUngol.title,The Spawn of Ungoliant
lotr.achievement,lotr.achievement.enterNanUngol.desc,Enter the valley of Nan Ungol
lotr.achievement,lotr.achievement.killMordorSpider.title,Spider Slayer
lotr.achievement,lotr.achievement.killMordorSpider.desc,Kill a Mordor Spider
lotr.achievement,lotr.achievement.tradeOrcSpiderKeeper.title,Flies and Spiders
lotr.achievement,lotr.achievement.tradeOrcSpiderKeeper.desc,Hire a unit from a Mordor Spider Keeper
lotr.achievement,lotr.achievement.killMordorOrc.title,Mordor Orc Slayer
lotr.achievement,lotr.achievement.killMordorOrc.desc,Kill a Mordor Orc
lotr.achievement,lotr.achievement.doMiniquestMordor.title,Hand of Sauron
lotr.achievement,lotr.achievement.doMiniquestMordor.desc,Complete a Mordor mini-quest
lotr.achievement,lotr.achievement.smeltBlackUrukSteel.title,Black Smithery
lotr.achievement,lotr.achievement.smeltBlackUrukSteel.desc,Smelt an ingot of Black Uruk Steel in the Orc Forge
lotr.achievement,lotr.achievement.wearFullBlackUruk.title,Mordor Elite
lotr.achievement,lotr.achievement.wearFullBlackUruk.desc,Equip a full suit of Black Uruk armor
lotr.achievement,lotr.achievement.killBlackUruk.title,Black Uruk Slayer
lotr.achievement,lotr.achievement.killBlackUruk.desc,Kill a Black Uruk
lotr.achievement,lotr.achievement.hireNurnSlave.title,Where There's a Whip...
lotr.achievement,lotr.achievement.hireNurnSlave.desc,Hire a slave from a Mordor Slaver
lotr.achievement,lotr.achievement.enterMorgulVale.title,The Sickly Moon
lotr.achievement,lotr.achievement.enterMorgulVale.desc,Enter the Morgul Vale
lotr.achievement,lotr.achievement.tradeBlackUrukCaptain.title,Legions of Lugbúrz
lotr.achievement,lotr.achievement.tradeBlackUrukCaptain.desc,Hire a unit from a Black Uruk Captain
lotr.achievement,lotr.achievement.killWickedDwarf.title,Wicked Dwarf Slayer
lotr.achievement,lotr.achievement.killWickedDwarf.desc,Kill a Wicked Dwarf
lotr.achievement,lotr.achievement.tradeWickedDwarf.title,Alliance of Rogues
lotr.achievement,lotr.achievement.tradeWickedDwarf.desc,Trade with a Wicked Dwarf
lotr.achievement,lotr.achievement.enterDorwinion.title,Elves and Vineyards
lotr.achievement,lotr.achievement.enterDorwinion.desc,Enter the land of Dorwinion
lotr.achievement,lotr.achievement.doMiniquestDorwinion.title,Friend of the Vintners
lotr.achievement,lotr.achievement.doMiniquestDorwinion.desc,Complete a Dorwinion mini-quest
lotr.achievement,lotr.achievement.useDorwinionTable.title,Dorwinion Crafter
lotr.achievement,lotr.achievement.useDorwinionTable.desc,Craft an item on the Dorwinion Crafting Table
lotr.achievement,lotr.achievement.wearFullDorwinion.desc,Equip a full suit of Dorwinion armor
lotr.achievement,lotr.achievement.wearFullDorwinionElf.title,Warrior of Bladorthin
lotr.achievement,lotr.achievement.wearFullDorwinionElf.desc,Equip a full suit of Dorwinion Elven armor
lotr.achievement,lotr.achievement.killDorwinion.title,Dorwinman Slayer
lotr.achievement,lotr.achievement.killDorwinion.desc,Kill a Man of Dorwinion
lotr.achievement,lotr.achievement.tradeDorwinionCaptain.title,For the Wine!
lotr.achievement,lotr.achievement.tradeDorwinionCaptain.desc,Hire a unit from a Vintner Guard Captain
lotr.achievement,lotr.achievement.killDorwinionElf.title,Dorwinion Elf Slayer
lotr.achievement,lotr.achievement.killDorwinionElf.desc,Kill a Dorwinion Elf
lotr.achievement,lotr.achievement.tradeDorwinionElfCaptain.title,Order of Bladorthin
lotr.achievement,lotr.achievement.tradeDorwinionElfCaptain.desc,Hire a unit from a Dorwinion Elf Captain
lotr.achievement,lotr.achievement.drinkWine.title,Heady Vintage
lotr.achievement,lotr.achievement.drinkWine.desc,Drink a mug of wine
lotr.achievement,lotr.achievement.harvestGrapes.title,Viticulture
lotr.achievement,lotr.achievement.harvestGrapes.desc,Harvest some grapes from a grapevine
lotr.achievement,lotr.achievement.buyWineVintner.title,Fine Wines
lotr.achievement,lotr.achievement.buyWineVintner.desc,Buy an item from a Dorwinion Vintner-elf
lotr.achievement,lotr.achievement.hireDorwinionVinekeeper.title,Picking Grapes
lotr.achievement,lotr.achievement.hireDorwinionVinekeeper.desc,Hire a vinehand from a Dorwinion Vinekeeper
lotr.achievement,lotr.achievement.stealDorwinionGrapes.title,Tragedy of the Commons
lotr.achievement,lotr.achievement.stealDorwinionGrapes.desc,Get away with stealing grapes from a vineyard
lotr.achievement,lotr.achievement.tradeDorwinionMerchant.title,Wealth of Dorwinion
lotr.achievement,lotr.achievement.tradeDorwinionMerchant.desc,Trade with a Dorwinion Merchant
lotr.achievement,lotr.achievement.enterDorwinionHills.title,The Chalkstone Hills
lotr.achievement,lotr.achievement.enterDorwinionHills.desc,Enter the hills of Emyn Winion
lotr.achievement,lotr.achievement.enterRhun.title,Into the East
lotr.achievement,lotr.achievement.enterRhun.desc,Enter the wide lands of Rhûn
lotr.achievement,lotr.achievement.useRhunTable.title,Rhûnic Crafter
lotr.achievement,lotr.achievement.useRhunTable.desc,Craft an item on the Rhûnic Crafting Table
lotr.achievement,lotr.achievement.killEasterling.title,Easterling Slayer
lotr.achievement,lotr.achievement.killEasterling.desc,Kill an Easterling of Rhúdel
lotr.achievement,lotr.achievement.doMiniquestRhun.title,Friend of Rhûn
lotr.achievement,lotr.achievement.doMiniquestRhun.desc,Complete a Rhúdel mini-quest
lotr.achievement,lotr.achievement.wearFullRhun.title,Against the West
lotr.achievement,lotr.achievement.wearFullRhun.desc,Equip a full suit of Rhûnic armor
lotr.achievement,lotr.achievement.tradeRhunBlacksmith.title,The Golden Forge
lotr.achievement,lotr.achievement.tradeRhunBlacksmith.desc,Trade with an Easterling Blacksmith
lotr.achievement,lotr.achievement.tradeRhunCaptain.title,The Might of the East
lotr.achievement,lotr.achievement.tradeRhunCaptain.desc,Hire a unit from an Easterling Warlord
lotr.achievement,lotr.achievement.hitBirdFirePot.title,Flammifer of Easternesse
lotr.achievement,lotr.achievement.hitBirdFirePot.desc,Strike a bird in flight with a fire-pot
lotr.achievement,lotr.achievement.getKineArawHorn.title,Quarry of Oromë
lotr.achievement,lotr.achievement.getKineArawHorn.desc,Recover a horn from the Kine of Araw
lotr.achievement,lotr.achievement.wearFullRhunGold.title,Gilded Warrior
lotr.achievement,lotr.achievement.wearFullRhunGold.desc,Equip a full suit of golden Rhûnic armor
lotr.achievement,lotr.achievement.enterLastDesert.title,Eastern Sands
lotr.achievement,lotr.achievement.enterLastDesert.desc,Enter the Last Desert
lotr.achievement,lotr.achievement.enterMountainsWind.title,The Whispering Towers
lotr.achievement,lotr.achievement.enterMountainsWind.desc,Enter the Mountains of the Wind
lotr.achievement,lotr.achievement.tradeRhunMarketTrader.title,Markets of the East
lotr.achievement,lotr.achievement.tradeRhunMarketTrader.desc,Trade with a stallkeeper in an Easterling Market
lotr.achievement,lotr.achievement.tradeRhunBartender.title,Homely Eastern House
lotr.achievement,lotr.achievement.tradeRhunBartender.desc,Trade with an Easterling Bartender
lotr.achievement,lotr.achievement.hireRhunFarmer.title,Fields of Rhúnaer
lotr.achievement,lotr.achievement.hireRhunFarmer.desc,Hire a farmhand from an Easterling Farmer
lotr.achievement,lotr.achievement.enterRhunLand.title,Land of the Golden
lotr.achievement,lotr.achievement.enterRhunLand.desc,Enter the kingdom of Rhúdel
lotr.achievement,lotr.achievement.enterRhunRedwood.title,Redwood Mists
lotr.achievement,lotr.achievement.enterRhunRedwood.desc,Enter the forests of Eryn Garan
lotr.achievement,lotr.achievement.enterRhunIsland.title,The Isle in the Sea
lotr.achievement,lotr.achievement.enterRhunIsland.desc,Enter the island of Tol Rhúnaer
lotr.achievement,lotr.achievement.enterRedMountains.title,Mountains of the East
lotr.achievement,lotr.achievement.enterRedMountains.desc,Enter the Red Mountains
lotr.achievement,lotr.achievement.enterHarondor.title,Southward Bound
lotr.achievement,lotr.achievement.enterHarondor.desc,Enter the region of Harondor
lotr.achievement,lotr.achievement.enterNearHarad.title,The Great Desert
lotr.achievement,lotr.achievement.enterNearHarad.desc,Enter the burning sands of Near Harad
lotr.achievement,lotr.achievement.killNearHaradrim.title,Southron Slayer
lotr.achievement,lotr.achievement.killNearHaradrim.desc,Kill a Southron of Near Harad
lotr.achievement,lotr.achievement.useNearHaradTable.title,Southron Crafter
lotr.achievement,lotr.achievement.useNearHaradTable.desc,Craft an item on the Haradric Crafting Table
lotr.achievement,lotr.achievement.wearFullNearHarad.title,Coastland Soldier
lotr.achievement,lotr.achievement.wearFullNearHarad.desc,Equip a full suit of Coast Southron armor
lotr.achievement,lotr.achievement.tradeNearHaradWarlord.title,League of Southrons
lotr.achievement,lotr.achievement.tradeNearHaradWarlord.desc,Hire a unit from a Coast Southron Warlord
lotr.achievement,lotr.achievement.rideCamel.title,Master of Humps
lotr.achievement,lotr.achievement.rideCamel.desc,Saddle and ride a camel
lotr.achievement,lotr.achievement.tradeBazaarTrader.title,Desert Riches
lotr.achievement,lotr.achievement.tradeBazaarTrader.desc,Trade with a trader in a Southron bazaar
lotr.achievement,lotr.achievement.tradeNearHaradMerchant.title,Exotic Goods
lotr.achievement,lotr.achievement.tradeNearHaradMerchant.desc,Trade with a travelling merchant out of Harad
lotr.achievement,lotr.achievement.doMiniquestNearHarad.title,Desert Wanderer
lotr.achievement,lotr.achievement.doMiniquestNearHarad.desc,Complete a Southron mini-quest
lotr.achievement,lotr.achievement.cookKebab.title,Friendly Kebab Chef
lotr.achievement,lotr.achievement.cookKebab.desc,Cut a slice of cooked kebab from a kebab stand
lotr.achievement,lotr.achievement.enterNearHaradOasis.title,Jewel of Harad
lotr.achievement,lotr.achievement.enterNearHaradOasis.desc,Find an oasis in the desert of Near Harad
lotr.achievement,lotr.achievement.tradeNearHaradBlacksmith.title,Bronzen Corslets
lotr.achievement,lotr.achievement.tradeNearHaradBlacksmith.desc,Trade with a Coast Southron Blacksmith
lotr.achievement,lotr.achievement.enterHarnedor.title,Beyond the Harnen
lotr.achievement,lotr.achievement.enterHarnedor.desc,Enter the region of Harnennor
lotr.achievement,lotr.achievement.enterSouthronCoasts.title,In Azra-zâin
lotr.achievement,lotr.achievement.enterSouthronCoasts.desc,Enter the coastland regions of Near Harad
lotr.achievement,lotr.achievement.enterUmbar.title,City of Corsairs
lotr.achievement,lotr.achievement.enterUmbar.desc,Enter the land of Umbar
lotr.achievement,lotr.achievement.enterLostladen.title,Wide Emptiness
lotr.achievement,lotr.achievement.enterLostladen.desc,Enter the desert of Lostladen
lotr.achievement,lotr.achievement.enterGulfHarad.title,Eastern Shores
lotr.achievement,lotr.achievement.enterGulfHarad.desc,Enter the lands of the Gulf of Harad
lotr.achievement,lotr.achievement.useUmbarTable.title,Umbaric Crafter
lotr.achievement,lotr.achievement.useUmbarTable.desc,Craft an item on the Umbaric Crafting Table
lotr.achievement,lotr.achievement.useGulfTable.title,Gulfen Crafter
lotr.achievement,lotr.achievement.useGulfTable.desc,Craft an item on the Gulfen Crafting Table
lotr.achievement,lotr.achievement.wearFullGulfHarad.title,Gulfen Warrior
lotr.achievement,lotr.achievement.wearFullGulfHarad.desc,Equip a full suit of Gulfen armor
lotr.achievement,lotr.achievement.wearFullCorsair.title,Corsair of Umbar
lotr.achievement,lotr.achievement.wearFullCorsair.desc,Equip a full suit of Corsair armor
lotr.achievement,lotr.achievement.wearFullUmbar.title,Soldier of Umbar
lotr.achievement,lotr.achievement.wearFullUmbar.desc,Equip a full suit of Umbaric armor
lotr.achievement,lotr.achievement.wearFullHarnedor.title,Cruel Bronze Spikes
lotr.achievement,lotr.achievement.wearFullHarnedor.desc,Equip a full suit of Harnennor armor
lotr.achievement,lotr.achievement.wearFullNomad.title,Among the Sands
lotr.achievement,lotr.achievement.wearFullNomad.desc,Equip a full suit of Harad Nomad armor
lotr.achievement,lotr.achievement.tradeHarnedorWarlord.title,Sons of the Harnen
lotr.achievement,lotr.achievement.tradeHarnedorWarlord.desc,Hire a unit from a Harnennor Warlord
lotr.achievement,lotr.achievement.tradeUmbarCaptain.title,The Might of the South
lotr.achievement,lotr.achievement.tradeUmbarCaptain.desc,Hire a unit from an Umbar Captain
lotr.achievement,lotr.achievement.tradeCorsairCaptain.title,Raiding Party
lotr.achievement,lotr.achievement.tradeCorsairCaptain.desc,Hire a unit from a Corsair Captain
lotr.achievement,lotr.achievement.tradeNomadWarlord.title,Dust and Daggers
lotr.achievement,lotr.achievement.tradeNomadWarlord.desc,Hire a unit from a Nomad Chieftain
lotr.achievement,lotr.achievement.tradeGulfWarlord.title,Fury of the Khopazûlim
lotr.achievement,lotr.achievement.tradeGulfWarlord.desc,Hire a unit from a Gulfing Warlord
lotr.achievement,lotr.achievement.hireHaradSlave.title,Corsair's Cruelty
lotr.achievement,lotr.achievement.hireHaradSlave.desc,Hire a slave from a Corsair Slaver
lotr.achievement,lotr.achievement.hireMoredainMercenary.title,Swertings Near and Far
lotr.achievement,lotr.achievement.hireMoredainMercenary.desc,Hire a Morwaith Mercenary
lotr.achievement,lotr.achievement.tradeHarnedorBlacksmith.title,Spikes and Spears
lotr.achievement,lotr.achievement.tradeHarnedorBlacksmith.desc,Trade with a Harnennor Bronzesmith
lotr.achievement,lotr.achievement.tradeUmbarBlacksmith.title,War-forge of Harad
lotr.achievement,lotr.achievement.tradeUmbarBlacksmith.desc,Trade with an Umbar Blacksmith
lotr.achievement,lotr.achievement.tradeGulfBlacksmith.title,Dragonblood Forge
lotr.achievement,lotr.achievement.tradeGulfBlacksmith.desc,Trade with a Gulfing Blacksmith
lotr.achievement,lotr.achievement.doMiniquestGondorRenegade.title,Treacherous Company
lotr.achievement,lotr.achievement.doMiniquestGondorRenegade.desc,Earn the service of a Gondorian Renegade
lotr.achievement,lotr.achievement.tradeNomadMerchant.title,Caravan of Curiosities
lotr.achievement,lotr.achievement.tradeNomadMerchant.desc,Trade with a travelling Nomad Merchant
lotr.achievement,lotr.achievement.tradeHaradBartender.title,That Southron Atmosphere
lotr.achievement,lotr.achievement.tradeHaradBartender.desc,Trade with a bartender in a Southron tavern
lotr.achievement,lotr.achievement.tradeNomadArmourer.title,Wanderer's Weave
lotr.achievement,lotr.achievement.tradeNomadArmourer.desc,Trade with a Nomad Armourer
lotr.achievement,lotr.achievement.hireHarnedorFarmer.title,Fields of the Harnen
lotr.achievement,lotr.achievement.hireHarnedorFarmer.desc,Hire a farmhand from a Harnennor Farmer
lotr.achievement,lotr.achievement.tradeHaradFarmer.title,Slave Economy
lotr.achievement,lotr.achievement.tradeHaradFarmer.desc,Trade with a Near Harad farmer
lotr.achievement,lotr.achievement.wearFullBlackNumenorean.title,Bâr 'nAnadûnê
lotr.achievement,lotr.achievement.wearFullBlackNumenorean.desc,Equip a full suit of Black Númenórean armor
lotr.achievement,lotr.achievement.enterFarHaradSavannah.title,Where the Stars are Strange
lotr.achievement,lotr.achievement.enterFarHaradSavannah.desc,Enter the lands of Far Harad
lotr.achievement,lotr.achievement.pickBanana.title,Hanging Around
lotr.achievement,lotr.achievement.pickBanana.desc,Pick a banana from a tree
lotr.achievement,lotr.achievement.growBaobab.title,Mighty Trees
lotr.achievement,lotr.achievement.growBaobab.desc,Grow a baobab tree from a sapling
lotr.achievement,lotr.achievement.enterFarHaradVolcano.title,Fires of the South
lotr.achievement,lotr.achievement.enterFarHaradVolcano.desc,Enter a volcanic region of Far Harad
lotr.achievement,lotr.achievement.killMoredain.title,Morwaith Slayer
lotr.achievement,lotr.achievement.killMoredain.desc,Kill one of the Morwaith
lotr.achievement,lotr.achievement.useMoredainTable.title,Morwaith Crafter
lotr.achievement,lotr.achievement.useMoredainTable.desc,Craft an item on the Morwaith Crafting Table
lotr.achievement,lotr.achievement.wearFullMoredain.title,Warrior of the Sunlands
lotr.achievement,lotr.achievement.wearFullMoredain.desc,Equip a full suit of Morwaith armor
lotr.achievement,lotr.achievement.tradeMoredainChieftain.title,Strength of the Tribe
lotr.achievement,lotr.achievement.tradeMoredainChieftain.desc,Hire a unit from a Morwaith Chieftain
lotr.achievement,lotr.achievement.doMiniquestMoredain.title,Rites of Passage
lotr.achievement,lotr.achievement.doMiniquestMoredain.desc,Complete a Morwaith mini-quest
lotr.achievement,lotr.achievement.tradeMoredainVillager.title,Tribal Gifts
lotr.achievement,lotr.achievement.tradeMoredainVillager.desc,Trade with a Morwaith village trader
lotr.achievement,lotr.achievement.enterCorsairCoasts.title,Palms and Plunder
lotr.achievement,lotr.achievement.enterCorsairCoasts.desc,Enter the Corsair Coasts
lotr.achievement,lotr.achievement.enterFarHaradJungle.title,Jungle Mysteries
lotr.achievement,lotr.achievement.enterFarHaradJungle.desc,Enter the jungles of Far Harad
lotr.achievement,lotr.achievement.drinkMangoJuice.title,Fruits of the Jungle
lotr.achievement,lotr.achievement.drinkMangoJuice.desc,Drink a mug of mango juice
lotr.achievement,lotr.achievement.doMiniquestTauredain.title,Friend of the Forest
lotr.achievement,lotr.achievement.doMiniquestTauredain.desc,Complete a Taurethrim mini-quest
lotr.achievement,lotr.achievement.useTauredainTable.title,Taurethrim Crafter
lotr.achievement,lotr.achievement.useTauredainTable.desc,Craft an item on the Taurethrim Crafting Table
lotr.achievement,lotr.achievement.wearFullTauredain.title,Jungle Warrior
lotr.achievement,lotr.achievement.wearFullTauredain.desc,Equip a full suit of Taurethrim armor
lotr.achievement,lotr.achievement.killTauredain.title,Taurethrim Slayer
lotr.achievement,lotr.achievement.killTauredain.desc,Kill one of the Taurethrim
lotr.achievement,lotr.achievement.tradeTauredainChieftain.title,Obsidian Conqueror
lotr.achievement,lotr.achievement.tradeTauredainChieftain.desc,Hire a unit from a Taurethrim Chieftain
lotr.achievement,lotr.achievement.tradeTauredainShaman.title,Ancient Wisdom
lotr.achievement,lotr.achievement.tradeTauredainShaman.desc,Trade with a Taurethrim Shaman
lotr.achievement,lotr.achievement.smeltObsidianShard.title,Our Blades are Sharp
lotr.achievement,lotr.achievement.smeltObsidianShard.desc,Refine an obsidian shard from gravel found in the jungle
lotr.achievement,lotr.achievement.tradeTauredainFarmer.title,Tropical Crops
lotr.achievement,lotr.achievement.tradeTauredainFarmer.desc,Trade with a Taurethrim Farmer
lotr.achievement,lotr.achievement.hireTauredainFarmer.title,Care of the Earth
lotr.achievement,lotr.achievement.hireTauredainFarmer.desc,Hire a farmhand from a Taurethrim Farmer
lotr.achievement,lotr.achievement.tradeTauredainSmith.title,Obsidian Forge
lotr.achievement,lotr.achievement.tradeTauredainSmith.desc,Trade with a Taurethrim Smith
lotr.achievement,lotr.achievement.wearFullTaurethrimGold.title,Blood-Kings' Hoard
lotr.achievement,lotr.achievement.wearFullTaurethrimGold.desc,Equip a full suit of Golden Taurethrim armor
lotr.achievement,lotr.achievement.enterPertorogwaith.title,Monstrous Things
lotr.achievement,lotr.achievement.enterPertorogwaith.desc,Enter the land of Perdorogwaith
lotr.achievement,lotr.achievement.killHalfTroll.title,Half-troll Slayer
lotr.achievement,lotr.achievement.killHalfTroll.desc,Kill a Half-troll
lotr.achievement,lotr.achievement.wearFullHalfTroll.title,Crude Coverings
lotr.achievement,lotr.achievement.wearFullHalfTroll.desc,Equip a full suit of Half-troll armor
lotr.achievement,lotr.achievement.tradeHalfTrollWarlord.title,Brutal Hordes
lotr.achievement,lotr.achievement.tradeHalfTrollWarlord.desc,Hire a unit from a Half-troll Warlord
lotr.achievement,lotr.achievement.useHalfTrollTable.title,Half-troll Crafter
lotr.achievement,lotr.achievement.useHalfTrollTable.desc,Craft an item on the Half-troll Crafting Table
lotr.achievement,lotr.achievement.doMiniquestHalfTroll.title,Trollish Tasks
lotr.achievement,lotr.achievement.doMiniquestHalfTroll.desc,Complete a Half-troll mini-quest
lotr.achievement,lotr.achievement.tradeHalfTrollScavenger.title,Bits and Pieces
lotr.achievement,lotr.achievement.tradeHalfTrollScavenger.desc,Trade with a Half-troll Scavenger
lotr.achievement,lotr.achievement.enterHalfTrollForest.title,Forest of Demons
lotr.achievement,lotr.achievement.enterHalfTrollForest.desc,Enter the cursed forest of Taur-i-Thorogrim
lotr.achievement,lotr.achievement.enterOcean.title,To the Sea!
lotr.achievement,lotr.achievement.enterOcean.desc,Travel to the seas surrounding Middle-earth
lotr.achievement,lotr.achievement.enterMeneltarma.title,Pillar of the Heavens
lotr.achievement,lotr.achievement.enterMeneltarma.desc,Travel to the summit of Meneltarma
lotr.achievement,lotr.achievement.enterUtumnoIce.title,The Hells of Ice
lotr.achievement,lotr.achievement.enterUtumnoIce.desc,Enter Utumno
lotr.achievement,lotr.achievement.enterUtumnoObsidian.title,The Hells of Obsidian
lotr.achievement,lotr.achievement.enterUtumnoObsidian.desc,Descend to the middle level of Utumno
lotr.achievement,lotr.achievement.enterUtumnoFire.title,The Hells of Fire
lotr.achievement,lotr.achievement.enterUtumnoFire.desc,Descend to the lower level of Utumno
lotr.achievement,lotr.achievement.wearFullUtumno.title,Underworld Looter
lotr.achievement,lotr.achievement.wearFullUtumno.desc,Equip a full suit of Utumno armor
lotr.achievement,lotr.achievement.killUtumnoOrc.title,Demonic Minions
lotr.achievement,lotr.achievement.killUtumnoOrc.desc,Kill an Orc of Utumno
lotr.achievement,lotr.achievement.killUtumnoWarg.title,The Hounds of Hell
lotr.achievement,lotr.achievement.killUtumnoWarg.desc,Kill a Warg of Utumno
lotr.achievement,lotr.achievement.killBalrog.title,Balrog Slayer
lotr.achievement,lotr.achievement.killBalrog.desc,Kill a Balrog
lotr.achievement,lotr.achievement.killTormentedElf.title,The Forgotten
lotr.achievement,lotr.achievement.killTormentedElf.desc,Kill a Tormented Elf
lotr.achievement,lotr.achievement.killUtumnoTroll.title,Troll in the Dungeons
lotr.achievement,lotr.achievement.killUtumnoTroll.desc,Kill a Troll of Utumno
lotr.achievement,lotr.achievement.craftUtumnoKey.title,Keys of the Deep
lotr.achievement,lotr.achievement.craftUtumnoKey.desc,Craft a key from pieces found in Utumno
lotr.achievement,lotr.achievement.leaveUtumno.title,Hell and Back
lotr.achievement,lotr.achievement.leaveUtumno.desc,Return alive from the pits of Utumno
lotr.waypoint,lotr.waypoint.HIMLING,Himling
lotr.waypoint,lotr.waypoint.HIMLING.info,"The peak of the hill of Himring, mostly drowned following the War of Wrath."
lotr.waypoint,lotr.waypoint.TOL_FUIN,Tol Fuin
lotr.waypoint,lotr.waypoint.TOL_FUIN.info,"The highlands of Taur-nu-Fuin, the Forest under Nightshade, which survived the drowning of Beleriand."
lotr.waypoint,lotr.waypoint.TOL_MORWEN,Tol Morwen
lotr.waypoint,lotr.waypoint.TOL_MORWEN.info,"A lone hill spared in the drowning of Beleriand, upon which lay the grave of Morwen mother of Túrin Turambar."
lotr.waypoint,lotr.waypoint.MENELTARMA_SUMMIT,Meneltarma
lotr.waypoint,lotr.waypoint.MENELTARMA_SUMMIT.info,"The summit of the Meneltarma, the Sacred Mountain, which alone survived the downfall of Númenor."
lotr.waypoint,lotr.waypoint.HOBBITON,Hobbiton
lotr.waypoint,lotr.waypoint.HOBBITON.info,"A town of Hobbits in the centre of the Shire, overlooked by the Hill of Bag End."
lotr.waypoint,lotr.waypoint.BRANDYWINE_BRIDGE,Brandywine Bridge
lotr.waypoint,lotr.waypoint.BRANDYWINE_BRIDGE.info,A bridge across the River Brandywine and out of the Shire.
lotr.waypoint,lotr.waypoint.SARN_FORD,Sarn Ford
lotr.waypoint,lotr.waypoint.SARN_FORD.info,"A stone ford on the southern edge of the Shire. Though the Shire-folk do not know, it is carefully guarded."
lotr.waypoint,lotr.waypoint.LONGBOTTOM,Longbottom
lotr.waypoint,lotr.waypoint.LONGBOTTOM.info,"A town in the Southfarthing of the Shire, famous for its Longbottom Leaf."
lotr.waypoint,lotr.waypoint.MICHEL_DELVING,Michel Delving
lotr.waypoint,lotr.waypoint.MICHEL_DELVING.info,"The chief town of the Shire, located in the White Downs, and home to the Mayor of Michel Delving."
lotr.waypoint,lotr.waypoint.WILLOWBOTTOM,Willowbottom
lotr.waypoint,lotr.waypoint.WILLOWBOTTOM.info,A small village near the Woody End.
lotr.waypoint,lotr.waypoint.BUCKLEBURY,Bucklebury
lotr.waypoint,lotr.waypoint.BUCKLEBURY.info,"The chief village of Buckland, home of the Master of Buckland."
lotr.waypoint,lotr.waypoint.WHITFURROWS,Whitfurrows
lotr.waypoint,lotr.waypoint.WHITFURROWS.info,A small town upon the East Road.
lotr.waypoint,lotr.waypoint.FROGMORTON,Frogmorton
lotr.waypoint,lotr.waypoint.FROGMORTON.info,A village upon the East Road by the Frog-marshes.
lotr.waypoint,lotr.waypoint.OATBARTON,Oatbarton
lotr.waypoint,lotr.waypoint.OATBARTON.info,A village in the Northfarthing of the Shire.
lotr.waypoint,lotr.waypoint.SCARY,Scary
lotr.waypoint,lotr.waypoint.SCARY.info,A small Hobbit village among caves and stony hills.
lotr.waypoint,lotr.waypoint.NEEDLEHOLE,Needlehole
lotr.waypoint,lotr.waypoint.NEEDLEHOLE.info,A town in the Westfarthing of the Shire.
lotr.waypoint,lotr.waypoint.LITTLE_DELVING,Little Delving
lotr.waypoint,lotr.waypoint.LITTLE_DELVING.info,A smaller Hobbit town upon the White Downs.
lotr.waypoint,lotr.waypoint.WAYMEET,Waymeet
lotr.waypoint,lotr.waypoint.WAYMEET.info,A town upon the crossing of important Shire-roads.
lotr.waypoint,lotr.waypoint.TUCKBOROUGH,Tuckborough
lotr.waypoint,lotr.waypoint.TUCKBOROUGH.info,"A historic town within the Green Hill Country. Home to the Took family, the Thains of the Shire."
lotr.waypoint,lotr.waypoint.NOBOTTLE,Nobottle
lotr.waypoint,lotr.waypoint.NOBOTTLE.info,A town in the Westfarthing of the Shire.
lotr.waypoint,lotr.waypoint.TIGHFIELD,Tighfield
lotr.waypoint,lotr.waypoint.TIGHFIELD.info,A village known for its rope-makers.
lotr.waypoint,lotr.waypoint.BROCKENBORINGS,Brockenborings
lotr.waypoint,lotr.waypoint.BROCKENBORINGS.info,A warren of tunnels within the rocky hills surrounding Scary.
lotr.waypoint,lotr.waypoint.DEEPHALLOW,Deephallow
lotr.waypoint,lotr.waypoint.DEEPHALLOW.info,A village upon the banks of the River Brandywine.
lotr.waypoint,lotr.waypoint.STOCK,Stock
lotr.waypoint,lotr.waypoint.STOCK.info,A town upon the Stock-brook by the banks of the River Brandywine.
lotr.waypoint,lotr.waypoint.BYWATER,Bywater
lotr.waypoint,lotr.waypoint.BYWATER.info,"A village by the Pool upon the Water, home of the famous Green Dragon inn."
lotr.waypoint,lotr.waypoint.OVERHILL,Overhill
lotr.waypoint,lotr.waypoint.OVERHILL.info,A small village north of Hobbiton and the Hill.
lotr.waypoint,lotr.waypoint.HAYSEND,Haysend
lotr.waypoint,lotr.waypoint.HAYSEND.info,A village in the south of Buckland at the end of the Hedge.
lotr.waypoint,lotr.waypoint.HAY_GATE,Hay Gate
lotr.waypoint,lotr.waypoint.HAY_GATE.info,The guarded North Gate in the Hedge of Buckland.
lotr.waypoint,lotr.waypoint.GREENHOLM,Greenholm
lotr.waypoint,lotr.waypoint.GREENHOLM.info,A small town upon the Far Downs at the western border of the Shire.
lotr.waypoint,lotr.waypoint.WITHYWINDLE_VALLEY,Withywindle Valley
lotr.waypoint,lotr.waypoint.WITHYWINDLE_VALLEY.info,A strange and haunted valley where the Withywindle runs through the Old Forest.
lotr.waypoint,lotr.waypoint.FORLOND,Forlond
lotr.waypoint,lotr.waypoint.FORLOND.info,A harbour-city of the Elves on the northern shore of the Gulf of Lune.
lotr.waypoint,lotr.waypoint.HARLOND,Harlond
lotr.waypoint,lotr.waypoint.HARLOND.info,A harbour-city of the Elves on the southern shore of the Gulf of Lune.
lotr.waypoint,lotr.waypoint.MITHLOND_NORTH,North Mithlond
lotr.waypoint,lotr.waypoint.MITHLOND_NORTH.info,"The northern half of Mithlond, the Grey Havens, where Círdan the Shipwright dwells with his people."
lotr.waypoint,lotr.waypoint.MITHLOND_SOUTH,South Mithlond
lotr.waypoint,lotr.waypoint.MITHLOND_SOUTH.info,"The southern half of Mithlond, the Grey Havens, where Círdan the Shipwright dwells with his people."
lotr.waypoint,lotr.waypoint.FORLINDON,Forlindon
lotr.waypoint,lotr.waypoint.FORLINDON.info,The northern regions of the fair country of Lindon.
lotr.waypoint,lotr.waypoint.HARLINDON,Harlindon
lotr.waypoint,lotr.waypoint.HARLINDON.info,The southern regions of the fair country of Lindon.
lotr.waypoint,lotr.waypoint.TOWER_HILLS,Elostirion
lotr.waypoint,lotr.waypoint.TOWER_HILLS.info,"Tallest of the White Towers built for Elendil by Gil-galad, said to house one of the Seeing Stones of Arnor."
lotr.waypoint,lotr.waypoint.AMON_EREB,Amon Ereb
lotr.waypoint,lotr.waypoint.AMON_EREB.info,"An ancient hill in Lindon, which, long ago in the Elder Days, was a lookout-post of great importance."
lotr.waypoint,lotr.waypoint.BELEGOST,Belegost
lotr.waypoint,lotr.waypoint.BELEGOST.info,"An ancient Dwarven city of the Blue Mountains, dating back to the Elder Days. It was destroyed after the War of Wrath, but later resettled, in part."
lotr.waypoint,lotr.waypoint.NOGROD,Nogrod
lotr.waypoint,lotr.waypoint.NOGROD.info,"An ancient Dwarven city of the Blue Mountains, dating back to the Elder Days. It was destroyed after the War of Wrath, but later resettled, in part."
lotr.waypoint,lotr.waypoint.MOUNT_RERIR,Mount Rerir
lotr.waypoint,lotr.waypoint.MOUNT_RERIR.info,A large mountain ruined long ago during the War of Wrath. In Elder Days a fortress of Caranthir son of Fëanor stood upon its slopes.
lotr.waypoint,lotr.waypoint.MOUNT_DOLMED,Mount Dolmed
lotr.waypoint,lotr.waypoint.MOUNT_DOLMED.info,"Said to be the awakening-place of two Fathers of the Dwarves, this mountain was cloven in the War of Wrath and diminished in size."
lotr.waypoint,lotr.waypoint.THORIN_HALLS,Thorin's Halls
lotr.waypoint,lotr.waypoint.THORIN_HALLS.info,"Once ruled by Thorin Oakenshield, this settlement in the Blue Mountains is inhabited by Dwarves mostly of Durin's Folk."
lotr.waypoint,lotr.waypoint.ARVEDUI_MINES,Arvedui's Mines
lotr.waypoint,lotr.waypoint.ARVEDUI_MINES.info,Abandoned mines in the Blue Mountains. The last King of Arnor and his company once hid here to escape the threat of Angmar.
lotr.waypoint,lotr.waypoint.THRAIN_HALLS,Thráin's Halls
lotr.waypoint,lotr.waypoint.THRAIN_HALLS.info,"A Dwarven settlement, founded by Thráin and the exiles of the Lonely Mountain, with many old mines still in use today."
lotr.waypoint,lotr.waypoint.NORTH_DOWNS,North Downs
lotr.waypoint,lotr.waypoint.NORTH_DOWNS.info,A range of hills in northern Eriador with the ancient city of Fornost Erain at their southwestern end.
lotr.waypoint,lotr.waypoint.SOUTH_DOWNS,South Downs
lotr.waypoint,lotr.waypoint.SOUTH_DOWNS.info,A range of hills in Eriador.
lotr.waypoint,lotr.waypoint.ERYN_VORN,Eryn Vorn
lotr.waypoint,lotr.waypoint.ERYN_VORN.info,These dark woodlands are among the last remnants of the ancient forest that once covered all Eriador.
lotr.waypoint,lotr.waypoint.THARBAD,Tharbad
lotr.waypoint,lotr.waypoint.THARBAD.info,"An old ford-town in Eriador, deserted following the Great Plague."
lotr.waypoint,lotr.waypoint.FORNOST,Fornost
lotr.waypoint,lotr.waypoint.FORNOST.info,"Fornost Erain, the ruined capital of Arnor. Known as Kings' Norbury in the Common Tongue."
lotr.waypoint,lotr.waypoint.ANNUMINAS,Annúminas
lotr.waypoint,lotr.waypoint.ANNUMINAS.info,"The old capital of Arnor, the North-kingdom, before it was abandoned in favour of Fornost Erain."
lotr.waypoint,lotr.waypoint.GREENWAY_CROSSROADS,Greenway Crossroads
lotr.waypoint,lotr.waypoint.GREENWAY_CROSSROADS.info,The crossing of the great East-West and North-South roads.
lotr.waypoint,lotr.waypoint.BREE,Bree
lotr.waypoint,lotr.waypoint.BREE.info,"The chief town of the Bree-land, known for its cheerful Men and Hobbits."
lotr.waypoint,lotr.waypoint.STADDLE,Staddle
lotr.waypoint,lotr.waypoint.STADDLE.info,A town of Hobbits in the Bree-land.
lotr.waypoint,lotr.waypoint.COMBE,Combe
lotr.waypoint,lotr.waypoint.COMBE.info,A village of Men on the road to the Chetwood.
lotr.waypoint,lotr.waypoint.ARCHET,Archet
lotr.waypoint,lotr.waypoint.ARCHET.info,A town of the Bree-folk on the edge of the Chetwood with a lively logging trade.
lotr.waypoint,lotr.waypoint.FORSAKEN_INN,Forsaken Inn
lotr.waypoint,lotr.waypoint.FORSAKEN_INN.info,"A day's ride east of Bree, this lonely inn is the last settlement of Men before the wild lands."
lotr.waypoint,lotr.waypoint.WEATHERTOP,Weathertop
lotr.waypoint,lotr.waypoint.WEATHERTOP.info,The ruined watchtower of Amon Sûl. In olden days it housed one of the great Seeing Stones of Arnor.
lotr.waypoint,lotr.waypoint.LAST_BRIDGE,Last Bridge
lotr.waypoint,lotr.waypoint.LAST_BRIDGE.info,The last bridge on the Great East Road before the Misty Mountains.
lotr.waypoint,lotr.waypoint.OLD_ELF_WAY,Old Elven Way
lotr.waypoint,lotr.waypoint.OLD_ELF_WAY.info,An old road once travelled by Elves of Eregion.
lotr.waypoint,lotr.waypoint.RIVENDELL.info,"The hidden valley of Imladris, where Lord Elrond dwells with his people in the Last Homely House East of the Sea."
lotr.waypoint,lotr.waypoint.FORD_BRUINEN,Ford of Bruinen
lotr.waypoint,lotr.waypoint.FORD_BRUINEN.info,The shallow ford crossing the Loudwater into the realm of Rivendell.
lotr.waypoint,lotr.waypoint.THE_TROLLSHAWS,Trollshaws
lotr.waypoint,lotr.waypoint.THE_TROLLSHAWS.info,"A wild and outlandish forest, scattered with old castles and ruins of Rhudaur, and dark caves home to Trolls from the mountains."
lotr.waypoint,lotr.waypoint.CARN_DUM,Carn Dûm
lotr.waypoint,lotr.waypoint.CARN_DUM.info,The capital of the old Kingdom of Angmar.
lotr.waypoint,lotr.waypoint.WEST_GATE,West Gate
lotr.waypoint,lotr.waypoint.WEST_GATE.info,"The western gate of Khazad-dûm, now called Moria: of old the great delvings and mansions of the Dwarves of Durin's Folk and a wonder of the Northern world."
lotr.waypoint,lotr.waypoint.OST_IN_EDHIL,Ost-in-Edhil
lotr.waypoint,lotr.waypoint.OST_IN_EDHIL.info,The ruined city of the Elves of Eregion.
lotr.waypoint,lotr.waypoint.NORTH_DUNLAND,Duneard
lotr.waypoint,lotr.waypoint.NORTH_DUNLAND.info,A village of shepherds and hunters in the northern reaches of Dunland.
lotr.waypoint,lotr.waypoint.SOUTH_DUNLAND,Firwold
lotr.waypoint,lotr.waypoint.SOUTH_DUNLAND.info,"A town of middling size in the highs of Dunland, and a stop for many traders and travellers on their journeys through the region."
lotr.waypoint,lotr.waypoint.FORDS_OF_ISEN,Fords of Isen
lotr.waypoint,lotr.waypoint.FORDS_OF_ISEN.info,These shallow fords across the River Isen into Rohan are often the site of skirmishes between the Rohirrim and the Orcs.
lotr.waypoint,lotr.waypoint.DWARROWVALE,Dwarrowvale
lotr.waypoint,lotr.waypoint.DWARROWVALE.info,"A Dunlending village grown up around the site of an old hamlet, which, it is said, once hosted Thráin and Thorin Oakenshield during their long wanderings in the wild."
lotr.waypoint,lotr.waypoint.WULFBURG,Wulfburg
lotr.waypoint,lotr.waypoint.WULFBURG.info,"Once the fortress of Freca's son, the self-styled 'King' Wulf, who seized Meduseld for Dunland during the reign of Helm Hammerhand."
lotr.waypoint,lotr.waypoint.LOND_DAER,Lond Daer
lotr.waypoint,lotr.waypoint.LOND_DAER.info,The ancient ruins of the first Númenórean haven in Middle-earth.
lotr.waypoint,lotr.waypoint.ENEDWAITH_ROAD,Old South Road
lotr.waypoint,lotr.waypoint.ENEDWAITH_ROAD.info,"With the North-kingdom long fallen and the power of the South-kingdom waning, these stretches of the old Royal Road have long since fallen into ruin."
lotr.waypoint,lotr.waypoint.MOUTHS_ISEN,Mouths of Isen
lotr.waypoint,lotr.waypoint.MOUTHS_ISEN.info,Here the River Isen flows into the Sea after its long course through sparsely-inhabited Enedwaith.
lotr.waypoint,lotr.waypoint.ISENGARD.info,"A great fortified ring of stone within a vale of the Misty Mountains, wherein stands the tower of Orthanc, stronghold of Saruman."
lotr.waypoint,lotr.waypoint.CAPE_OF_FOROCHEL,Cape of Forochel
lotr.waypoint,lotr.waypoint.CAPE_OF_FOROCHEL.info,"The perilous floes of the Icebay, where only the Snowmen of Forochel dare wander."
lotr.waypoint,lotr.waypoint.SOUTH_FOROCHEL,South Forochel
lotr.waypoint,lotr.waypoint.SOUTH_FOROCHEL.info,One of few permanent settlements of the Lossoth among the frozen wastes.
lotr.waypoint,lotr.waypoint.WITHERED_HEATH,Withered Heath
lotr.waypoint,lotr.waypoint.WITHERED_HEATH.info,"A scorched valley in the Grey Mountains where, it is said, lurk the last of the Fire-drakes."
lotr.waypoint,lotr.waypoint.MOUNT_GUNDABAD,Mount Gundabad
lotr.waypoint,lotr.waypoint.MOUNT_GUNDABAD.info,"The mountain beneath which Durin the Deathless awoke in the Elder Days, and a sacred site of the Dwarves before being overrun by Orcs."
lotr.waypoint,lotr.waypoint.MOUNT_GRAM,Mount Gram
lotr.waypoint,lotr.waypoint.MOUNT_GRAM.info,A mountain inhabited by Orcs who often trouble the lands of Eriador.
lotr.waypoint,lotr.waypoint.HIGH_PASS,High Pass
lotr.waypoint,lotr.waypoint.HIGH_PASS.info,A long and perilous mountain pass from Eriador into Wilderland.
lotr.waypoint,lotr.waypoint.MOUNT_CARADHRAS,Mount Caradhras
lotr.waypoint,lotr.waypoint.MOUNT_CARADHRAS.info,"The Redhorn, one of three peaks above the delvings of Khazad-dûm. The mountain is called Caradhras the Cruel and is said to have a will of its own."
lotr.waypoint,lotr.waypoint.MOUNT_CELEBDIL,Mount Celebdil
lotr.waypoint,lotr.waypoint.MOUNT_CELEBDIL.info,"The Silvertine, one of the peaks above Khazad-dûm. Upon its summit stands the fabled Durin's Tower."
lotr.waypoint,lotr.waypoint.MOUNT_FANUIDHOL,Mount Fanuidhol
lotr.waypoint,lotr.waypoint.MOUNT_FANUIDHOL.info,"The Cloudyhead, one of three peaks above the realm of Khazad-dûm."
lotr.waypoint,lotr.waypoint.MOUNT_METHEDRAS,Mount Methedras
lotr.waypoint,lotr.waypoint.MOUNT_METHEDRAS.info,"The Last Peak, southermost of the Misty Mountains, whence flow the Rivers Isen and Entwash."
lotr.waypoint,lotr.waypoint.GOBLIN_TOWN,Goblin Town
lotr.waypoint,lotr.waypoint.GOBLIN_TOWN.info,"A warren of weaving tunnels and caverns beneath the High Pass, where Orcs scutter and scrape in the dark."
lotr.waypoint,lotr.waypoint.EAGLES_EYRIE,Eagles' Eyrie
lotr.waypoint,lotr.waypoint.EAGLES_EYRIE.info,A great shelf of rock on the eastern side of the Misty Mountains that can be reached only by flight. The Eagles of Manwë reside here.
lotr.waypoint,lotr.waypoint.DAINS_HALLS,Dáin's Halls
lotr.waypoint,lotr.waypoint.DAINS_HALLS.info,"A colony of Durin's Folk in the Grey Mountains, abandoned after Dáin was slain by a Cold-drake."
lotr.waypoint,lotr.waypoint.SCATHA,Scatha's Lair
lotr.waypoint,lotr.waypoint.SCATHA.info,"Once the lair of Scatha, a great Long-worm, before he was slain by Fram of the Éothéod."
lotr.waypoint,lotr.waypoint.CARROCK,Carrock
lotr.waypoint,lotr.waypoint.CARROCK.info,"A towering pillar of rock in the midst of the Great River. It was once said that, on clear nights, a great bear could be seen climbing the rock to gaze upon the Moon."
lotr.waypoint,lotr.waypoint.OLD_FORD,Old Ford
lotr.waypoint,lotr.waypoint.OLD_FORD.info,"The crossing of the Old Forest Road upon the Great River of Wilderland. A bridge once stood here, but has long since crumbled."
lotr.waypoint,lotr.waypoint.GLADDEN_FIELDS,Gladden Confluence
lotr.waypoint,lotr.waypoint.GLADDEN_FIELDS.info,The watery meeting-place where the Gladden flows down into the Great River Anduin.
lotr.waypoint,lotr.waypoint.DIMRILL_DALE,Dimrill Dale
lotr.waypoint,lotr.waypoint.DIMRILL_DALE.info,"Azanulbizar, below the East Gate of Khazad-dûm: the valley of the Mirrormere, wherein it is said Durin the Deathless first saw his crown among the stars."
lotr.waypoint,lotr.waypoint.FIELD_OF_CELEBRANT,Field of Celebrant
lotr.waypoint,lotr.waypoint.FIELD_OF_CELEBRANT.info,"The site of the Gondor-Éothéod victory over the Balchoth, which led to the historic Oath of Cirion and Eorl."
lotr.waypoint,lotr.waypoint.RAUROS,Rauros
lotr.waypoint,lotr.waypoint.RAUROS.info,The shores of Parth Galen by the great falls of Rauros.
lotr.waypoint,lotr.waypoint.BEORN,Beorn's Hall
lotr.waypoint,lotr.waypoint.BEORN.info,"A rustic homestead inhabited by skin-changers and men of the Vales, said to be unfriendly to outsiders."
lotr.waypoint,lotr.waypoint.FOREST_GATE,Forest Gate
lotr.waypoint,lotr.waypoint.FOREST_GATE.info,"Once the entrance to the Wood-elven realm in Greenwood the Great, the gate of Mirkwood is now defiled by servants of the Enemy."
lotr.waypoint,lotr.waypoint.FRAMSBURG,Framsburg
lotr.waypoint,lotr.waypoint.FRAMSBURG.info,"The ruined city of the Éothéod, Northmen ancestors of the Rohirrim."
lotr.waypoint,lotr.waypoint.ANDUIN_CROSSROADS,Crossroads of Anduin
lotr.waypoint,lotr.waypoint.ANDUIN_CROSSROADS.info,A fork in the path between the Anduin Road and the road to Dol Guldur.
lotr.waypoint,lotr.waypoint.EAST_RHOVANION_ROAD,East Rhovanion Gate
lotr.waypoint,lotr.waypoint.EAST_RHOVANION_ROAD.info,"An old crossroads at the meeting of the Anduin Vales, the Brown Lands, and eastern Wilderland."
lotr.waypoint,lotr.waypoint.THRANDUIL_HALLS,Thranduil's Halls
lotr.waypoint,lotr.waypoint.THRANDUIL_HALLS.info,The underground halls of Thranduil the Elvenking. It is said that they recall the glory of Menegroth in days of old.
lotr.waypoint,lotr.waypoint.DOL_GULDUR.info,"The Hill of Sorcery: fortress-lair of the Necromancer before he fled eastwards, now inhabited by Khamûl the Easterling and his fell servants."
lotr.waypoint,lotr.waypoint.MIRKWOOD_MOUNTAINS,Mountains of Mirkwood
lotr.waypoint,lotr.waypoint.MIRKWOOD_MOUNTAINS.info,"The Emyn-nu-Fuin, a range of dark hills rising out of the fog of Mirkwood, which fence out the worst of the Necromancer's corruption."
lotr.waypoint,lotr.waypoint.RHOSGOBEL,Rhosgobel
lotr.waypoint,lotr.waypoint.RHOSGOBEL.info,"The dwelling-place of Radagast the Brown, home to many birds and beasts, and a safe haven among the corruption of Mirkwood."
lotr.waypoint,lotr.waypoint.ENCHANTED_RIVER,Enchanted River
lotr.waypoint,lotr.waypoint.ENCHANTED_RIVER.info,"Here the Elf-path crosses over a gloomy black river. It is advised to avoid these waters, for whoever touches them shall not awake..."
lotr.waypoint,lotr.waypoint.RIVER_GATE,River Gate
lotr.waypoint,lotr.waypoint.RIVER_GATE.info,"An outpost of the Wood-elves at the end of the Old Forest Road, where it meets the River Running."
lotr.waypoint,lotr.waypoint.EAST_BIGHT,East Bight
lotr.waypoint,lotr.waypoint.EAST_BIGHT.info,"Once a thriving region of the Greenwood, the axes of Men have reduced it to a field of stumps and broken trees."
lotr.waypoint,lotr.waypoint.OLD_RHOVANION,Old Rhovanion
lotr.waypoint,lotr.waypoint.OLD_RHOVANION.info,"Long ago, these lands were held by a great Mannish kingdom of Rhovanion, but now its ruins are all that remain."
lotr.waypoint,lotr.waypoint.DORWINION_CROSSROADS,Dorwinion Crossroads
lotr.waypoint,lotr.waypoint.DORWINION_CROSSROADS.info,A crossing in the great roads of Dale and Dorwinion.
lotr.waypoint,lotr.waypoint.EREBOR,Erebor
lotr.waypoint,lotr.waypoint.EREBOR.info,"The Lonely Mountain. Herein lies the Kingdom under the Mountain, a realm of Durin's Folk."
lotr.waypoint,lotr.waypoint.DALE_CITY.info,"The prosperous city of the Kingdom of Dale at the foot of the Lonely Mountain. It was destroyed by Smaug the Terrible in days of old, but rebuilt under King Bard."
lotr.waypoint,lotr.waypoint.LONG_LAKE,Long Lake
lotr.waypoint,lotr.waypoint.LONG_LAKE.info,"Upon the Long Lake stands Lake-town, a Northman settlement bustling with trade. Great wealth flows through this town out of Dale and onward to southern lands."
lotr.waypoint,lotr.waypoint.RUNNING_FORD,Running Ford
lotr.waypoint,lotr.waypoint.RUNNING_FORD.info,A shallow ford on the River Running where the road runs south to old Rhovanion.
lotr.waypoint,lotr.waypoint.REDWATER_FORD,Redwater Ford
lotr.waypoint,lotr.waypoint.REDWATER_FORD.info,"A ford on the Redwater at the eastern border of the Kingdom of Dale, upon the ancient East-West Road laid by the Dwarves."
lotr.waypoint,lotr.waypoint.DALE_CROSSROADS,Great Dalish Crossroads
lotr.waypoint,lotr.waypoint.DALE_CROSSROADS.info,"At the meeting of several important Dalish roads, the lands around this crossing are home to many guilds and thriving markets."
lotr.waypoint,lotr.waypoint.DALE_PORT,Bardhaven
lotr.waypoint,lotr.waypoint.DALE_PORT.info,"The southern port of the Kingdom of Dale, and an important point on the trade routes of Dorwinion."
lotr.waypoint,lotr.waypoint.WEST_PEAK,West Peak
lotr.waypoint,lotr.waypoint.WEST_PEAK.info,The nearer of two large peaks in the Iron Hills. Beneath are the halls of Dáin Ironfoot.
lotr.waypoint,lotr.waypoint.EAST_PEAK,East Peak
lotr.waypoint,lotr.waypoint.EAST_PEAK.info,A large mountain at the far eastern end of the Iron Hills.
lotr.waypoint,lotr.waypoint.CARAS_GALADHON,Caras Galadhon
lotr.waypoint,lotr.waypoint.CARAS_GALADHON.info,"The city of the Galadhrim in Lothlórien, and the heart of Elvendom on earth."
lotr.waypoint,lotr.waypoint.CERIN_AMROTH,Cerin Amroth
lotr.waypoint,lotr.waypoint.CERIN_AMROTH.info,A great green hill in the midst of Lothlórien from where it is said one may see as far as southern Mirkwood.
lotr.waypoint,lotr.waypoint.NIMRODEL,House of Nimrodel
lotr.waypoint,lotr.waypoint.NIMRODEL.info,"The former home of an Elf-maiden, Nimrodel, who disappeared grieving after her beloved Amroth was drowned in the Sundering Seas."
lotr.waypoint,lotr.waypoint.DERNDINGLE,Derndingle
lotr.waypoint,lotr.waypoint.DERNDINGLE.info,"A meeting-place for the Ents of Fangorn, set within a hidden clearing."
lotr.waypoint,lotr.waypoint.WELLINGHALL,Wellinghall
lotr.waypoint,lotr.waypoint.WELLINGHALL.info,One of Treebeard's Ent-houses nestled among the spurs of Mount Methedras.
lotr.waypoint,lotr.waypoint.TREEBEARD_HILL,Treebeard's Hill
lotr.waypoint,lotr.waypoint.TREEBEARD_HILL.info,"A rocky shelf, standing above the trees of Fangorn Forest, where one can contemplate the sunlight on the leaves and the wind among their branches."
lotr.waypoint,lotr.waypoint.WOLD,Woldhall
lotr.waypoint,lotr.waypoint.WOLD.info,A small town in the sparsely inhabited uplands of Rohan.
lotr.waypoint,lotr.waypoint.EDORAS,Edoras
lotr.waypoint,lotr.waypoint.EDORAS.info,"The chief city of the Riddermark, built upon a hill crowned with the Golden Hall of Meduseld."
lotr.waypoint,lotr.waypoint.HELMS_DEEP,Helm's Deep
lotr.waypoint,lotr.waypoint.HELMS_DEEP.info,"The great Rohirric fortress of the Hornburg, which stands in a wide vale beneath the Thrihyrne. Men say that its Deeping Wall has never to this day been breached."
lotr.waypoint,lotr.waypoint.HELMS_CROSSROADS,Deeping-coomb
lotr.waypoint,lotr.waypoint.HELMS_CROSSROADS.info,The vale at the foot of Helm's Deep.
lotr.waypoint,lotr.waypoint.URUK_HIGHLANDS,Uruk Highlands
lotr.waypoint,lotr.waypoint.URUK_HIGHLANDS.info,"These lands in the foothills of the Mountains once belonged to Rohan, but are now desolate and burnt by the servants of the White Hand."
lotr.waypoint,lotr.waypoint.MERING_STREAM,Mering Stream
lotr.waypoint,lotr.waypoint.MERING_STREAM.info,"This stream marks the border between Rohan and Gondor. It runs through Firienholt, the Whispering Wood."
lotr.waypoint,lotr.waypoint.ENTWADE,Entwade
lotr.waypoint,lotr.waypoint.ENTWADE.info,"A ford across the river Entwash, bridging the Eastemnet and the Westemnet."
lotr.waypoint,lotr.waypoint.EASTMARK,Eastmark
lotr.waypoint,lotr.waypoint.EASTMARK.info,The heart of the wide lands patrolled by the eastern Riders of Rohan.
lotr.waypoint,lotr.waypoint.ALDBURG,Aldburg
lotr.waypoint,lotr.waypoint.ALDBURG.info,"The first capital of Rohan, Aldburg is the oldest town in the Riddermark and the seat of the Third Marshal of the Rohirrim."
lotr.waypoint,lotr.waypoint.GRIMSLADE,Grimslade
lotr.waypoint,lotr.waypoint.GRIMSLADE.info,"The home of Grimbold, a Marshal of the Riddermark."
lotr.waypoint,lotr.waypoint.CORSAIRS_LANDING,Corsair's Landing
lotr.waypoint,lotr.waypoint.CORSAIRS_LANDING.info,"In the days of Helm Hammerhand, a fleet of Southrons landed here and fought alongside the Dunlendings to defeat the Men of Rohan."
lotr.waypoint,lotr.waypoint.FRECA_HOLD,Freca's Hold
lotr.waypoint,lotr.waypoint.FRECA_HOLD.info,"The old fort raised by the heedless Lord Freca, who ruled the lands around the River Adorn, and was said to be part-Dunlending."
lotr.waypoint,lotr.waypoint.DUNHARROW,Dunharrow
lotr.waypoint,lotr.waypoint.DUNHARROW.info,"A refuge of the Rohirrim beneath the Dwimorberg, the Haunted Mountain. It is said that none living may pass the Paths of the Dead."
lotr.waypoint,lotr.waypoint.TARLANG,Tarlang's Neck
lotr.waypoint,lotr.waypoint.TARLANG.info,"Men say that a giant fell here and broke his neck, forming the mountain pass between the Blackroot Vale and Lamedon."
lotr.waypoint,lotr.waypoint.RAS_MORTHIL,Ras Morthil
lotr.waypoint,lotr.waypoint.RAS_MORTHIL.info,The last peak at the headland of the western White Mountains. The Men of Anfalas say that wild Púkel-men still linger in these lands.
lotr.waypoint,lotr.waypoint.MINAS_TIRITH,Minas Tirith
lotr.waypoint,lotr.waypoint.MINAS_TIRITH.info,"The great Tower of Guard, capital city of the kingdom of Gondor, built of seven levels of pure white stone with the bright Tower of Ecthelion at its summit."
lotr.waypoint,lotr.waypoint.CAIR_ANDROS,Cair Andros
lotr.waypoint,lotr.waypoint.CAIR_ANDROS.info,"A fortified island in the Anduin, named for the white foam of the waters that run beside it."
lotr.waypoint,lotr.waypoint.HALIFIRIEN,Halifirien
lotr.waypoint,lotr.waypoint.HALIFIRIEN.info,"The Holy Mountain, westernmost of the beacon-hills of Gondor. Elendil was once entombed here, and Cirion and Eorl swore their Oath upon its slopes."
lotr.waypoint,lotr.waypoint.CALENHAD,Calenhad
lotr.waypoint,lotr.waypoint.CALENHAD.info,"The sixth beacon-hill, lit only in times of urgency."
lotr.waypoint,lotr.waypoint.MINRIMMON,Min-Rimmon
lotr.waypoint,lotr.waypoint.MINRIMMON.info,"The fifth beacon-hill and one of the oldest, established before the founding of Rohan."
lotr.waypoint,lotr.waypoint.ERELAS,Erelas
lotr.waypoint,lotr.waypoint.ERELAS.info,"The fourth beacon-hill of Gondor. Bare and treeless, it is easily sighted from the surrounding lands."
lotr.waypoint,lotr.waypoint.NARDOL,Nardol
lotr.waypoint,lotr.waypoint.NARDOL.info,"The third beacon-hill, built on a stretch of the White Mountains. On a clear night its fire is said to be seen all the way from the Halifirien."
lotr.waypoint,lotr.waypoint.EILENACH,Eilenach
lotr.waypoint,lotr.waypoint.EILENACH.info,"The second beacon-hill from Minas Tirith, and the highest point of the Drúadan Forest."
lotr.waypoint,lotr.waypoint.AMON_DIN,Amon Dîn
lotr.waypoint,lotr.waypoint.AMON_DIN.info,"The Silent Hill is the closest beacon to Minas Tirith. Overlooking northern Ithilien, it serves as a fortified outpost for the White City."
lotr.waypoint,lotr.waypoint.OSGILIATH_WEST,West Osgiliath
lotr.waypoint,lotr.waypoint.OSGILIATH_WEST.info,The crumbling western half of Gondor’s former capital city. Garrisons are housed here to hold the Anduin under Gondorian control.
lotr.waypoint,lotr.waypoint.OSGILIATH_EAST,East Osgiliath
lotr.waypoint,lotr.waypoint.OSGILIATH_EAST.info,"The ruined eastern half of Gondor’s former capital city, now often the site of clashes between Gondorians and Orcs."
lotr.waypoint,lotr.waypoint.EMYN_ARNEN,Emyn Arnen
lotr.waypoint,lotr.waypoint.EMYN_ARNEN.info,"In better days these hills were the residence of some noble and wealthy Gondorian families, including the House of the Stewards."
lotr.waypoint,lotr.waypoint.HENNETH_ANNUN,Henneth Annûn
lotr.waypoint,lotr.waypoint.HENNETH_ANNUN.info,"The Forbidden Pool of Ithilien, where the Window-curtain waterfall masks a secret refuge."
lotr.waypoint,lotr.waypoint.CROSSROADS_ITHILIEN,Crossroads of the Fallen King
lotr.waypoint,lotr.waypoint.CROSSROADS_ITHILIEN.info,"These neglected crossroads once housed a majestic statue of a King, which, though now ruined, still wears a coronal of silver and gold."
lotr.waypoint,lotr.waypoint.NORTH_ITHILIEN,North Ithilien
lotr.waypoint,lotr.waypoint.NORTH_ITHILIEN.info,The northern reaches of the Land of the Moon.
lotr.waypoint,lotr.waypoint.CROSSINGS_OF_POROS,Crossings of Poros
lotr.waypoint,lotr.waypoint.CROSSINGS_OF_POROS.info,"The crossing into Harondor over the River Poros. Nearby stands a great mound, wherein rest the twin sons of King Folcwine of Rohan."
lotr.waypoint,lotr.waypoint.PELARGIR.info,The great royal havens of the Ship-kings: the chief harbour of Gondor.
lotr.waypoint,lotr.waypoint.LINHIR,Linhir
lotr.waypoint,lotr.waypoint.LINHIR.info,A river-town in southern Gondor upon the road from Pelargir to Ethring.
lotr.waypoint,lotr.waypoint.ANDUIN_MOUTH,Ethir Anduin
lotr.waypoint,lotr.waypoint.ANDUIN_MOUTH.info,"The Mouths of Anduin, home to poor fisher-folk of Gondor."
lotr.waypoint,lotr.waypoint.IMLOTH_MELUI,Imloth Melui
lotr.waypoint,lotr.waypoint.IMLOTH_MELUI.info,The sweet Valley of Roses within Lossarnach.
lotr.waypoint,lotr.waypoint.CROSSINGS_ERUI,Crossings of Erui
lotr.waypoint,lotr.waypoint.CROSSINGS_ERUI.info,The fords of the River Erui in Lossarnach. Many Gondorians once perished here in the Kin-strife.
lotr.waypoint,lotr.waypoint.CALEMBEL,Calembel
lotr.waypoint,lotr.waypoint.CALEMBEL.info,"A town in Lamedon near the fords of the River Ciril, with few inhabitants."
lotr.waypoint,lotr.waypoint.ETHRING,Ethring
lotr.waypoint,lotr.waypoint.ETHRING.info,A long bridge in the Ringló Vale on the road from Pelargir to Erech.
lotr.waypoint,lotr.waypoint.ERECH,Erech
lotr.waypoint,lotr.waypoint.ERECH.info,"A great steep hill, believed to be haunted, and known for the mysterious black stone which stands upon the summit."
lotr.waypoint,lotr.waypoint.GREEN_HILLS.info,The beautiful Green Hills of Gondor.
lotr.waypoint,lotr.waypoint.DOL_AMROTH.info,"A mighty castle and city upon the shores of Belfalas, ruled by the Prince of Dol Amroth, a subject of Gondor."
lotr.waypoint,lotr.waypoint.EDHELLOND,Edhellond
lotr.waypoint,lotr.waypoint.EDHELLOND.info,An ancient harbour of the Sindar in southern Gondor. The Elves who once dwelt at these havens sailed West long ago.
lotr.waypoint,lotr.waypoint.TARNOST,Tarnost
lotr.waypoint,lotr.waypoint.TARNOST.info,A city in Gondor built in ancient days by Elves who have long since sailed West.
lotr.waypoint,lotr.waypoint.TOLFALAS_ISLAND,Tolfalas
lotr.waypoint,lotr.waypoint.TOLFALAS_ISLAND.info,A bleak abandoned isle in the Bay of Belfalas.
lotr.waypoint,lotr.waypoint.AMON_HEN,Amon Hen
lotr.waypoint,lotr.waypoint.AMON_HEN.info,"The Hill of Sight, an ancient seat of Gondorian power."
lotr.waypoint,lotr.waypoint.AMON_LHAW,Amon Lhaw
lotr.waypoint,lotr.waypoint.AMON_LHAW.info,"The Hill of Hearing, an ancient seat of Gondorian power."
lotr.waypoint,lotr.waypoint.ARGONATH,Argonath
lotr.waypoint,lotr.waypoint.ARGONATH.info,"The Pillars of the Kings: two mighty statues of Isildur and Anárion beside the Anduin, which guard what was once the northern border of Gondor."
lotr.waypoint,lotr.waypoint.NORTH_UNDEEP,North Undeep
lotr.waypoint,lotr.waypoint.NORTH_UNDEEP.info,The northern of two westward bends in the Great River Anduin. The shallow fords of the Undeeps were often used by armies as a crossing-point.
lotr.waypoint,lotr.waypoint.SOUTH_UNDEEP,South Undeep
lotr.waypoint,lotr.waypoint.SOUTH_UNDEEP.info,The southern of two westward bends in the Great River Anduin. The shallow fords of the Undeeps were often used by armies as a crossing-point.
lotr.waypoint,lotr.waypoint.MORANNON,Black Gate
lotr.waypoint,lotr.waypoint.MORANNON.info,"The great gates of Mordor, wrought of twisted steel and dark stone. None pass unless the Eye of the Dark Tower wills it."
lotr.waypoint,lotr.waypoint.UDUN,Valley of Udûn
lotr.waypoint,lotr.waypoint.UDUN.info,"The Orc-infested vale behind the Black Gates. Named in imitation of Udûn, the first fortress of Morgoth, also called Utumno."
lotr.waypoint,lotr.waypoint.MOUNT_DOOM,Mount Doom
lotr.waypoint,lotr.waypoint.MOUNT_DOOM.info,"Orodruin, the great Fire-mountain in the heart of Mordor, wherein Sauron forged the One Ring long ago."
lotr.waypoint,lotr.waypoint.BARAD_DUR,Barad-dûr
lotr.waypoint,lotr.waypoint.BARAD_DUR.info,"The Dark Tower: fortress of Sauron, Lord of the Earth, and the seat from which all the evil hosts of Mordor are bent to his will."
lotr.waypoint,lotr.waypoint.MINAS_MORGUL,Minas Morgul
lotr.waypoint,lotr.waypoint.MINAS_MORGUL.info,"Once Minas Ithil, the fair Tower of the Moon; now a dark and sickly place ruled by the Lord of the Nazgûl."
lotr.waypoint,lotr.waypoint.DURTHANG,Durthang
lotr.waypoint,lotr.waypoint.DURTHANG.info,A powerful Orcish stronghold built upon the slopes of Ephel Dúath.
lotr.waypoint,lotr.waypoint.CARACH_ANGREN,Carach Angren
lotr.waypoint,lotr.waypoint.CARACH_ANGREN.info,"The Iron Teeth, a guarded mountain pass between Udûn and the plateau of Gorgoroth."
lotr.waypoint,lotr.waypoint.CIRITH_UNGOL,Cirith Ungol
lotr.waypoint,lotr.waypoint.CIRITH_UNGOL.info,"The dark and twisted Spider's Cleft within the mountains of Mordor, watched over by an evil guard-tower."
lotr.waypoint,lotr.waypoint.MORIGOST,Mornost
lotr.waypoint,lotr.waypoint.MORIGOST.info,A watch-post upon the shadowy spurs of the Ephel Dúath.
lotr.waypoint,lotr.waypoint.NARGROTH,Narroth
lotr.waypoint,lotr.waypoint.NARGROTH.info,"The Halls of Fire, a watchtower above the pass into the plateau of Gorgoroth."
lotr.waypoint,lotr.waypoint.AMON_ANGREN,Amon Angren
lotr.waypoint,lotr.waypoint.AMON_ANGREN.info,"A dark hill in Mordor, upon which stands a fortress of the Nazgûl."
lotr.waypoint,lotr.waypoint.SEREGOST,Seregost
lotr.waypoint,lotr.waypoint.SEREGOST.info,A fortress in the Mountains of Mordor. The armies of the Easterlings pass through here on the road to Barad-dûr.
lotr.waypoint,lotr.waypoint.FELLBEASTS,Vale of the Fell Beasts
lotr.waypoint,lotr.waypoint.FELLBEASTS.info,A dark valley behind the walls of Mordor infested with fell beasts and evil creatures.
lotr.waypoint,lotr.waypoint.EASTERN_GUARD,Eastern Guard
lotr.waypoint,lotr.waypoint.EASTERN_GUARD.info,A fortress that keeps watch over the road into Mordor out of Rhûn.
lotr.waypoint,lotr.waypoint.NURNEN_NORTHERN_SHORE,Fornurnen
lotr.waypoint,lotr.waypoint.NURNEN_NORTHERN_SHORE.info,The dreary northern shores of the Sea of Núrnen.
lotr.waypoint,lotr.waypoint.NURNEN_SOUTHERN_SHORE,Harnurnen
lotr.waypoint,lotr.waypoint.NURNEN_SOUTHERN_SHORE.info,The bleak southern shores of the Sea of Núrnen.
lotr.waypoint,lotr.waypoint.NURNEN_WESTERN_SHORE,Dunurnen
lotr.waypoint,lotr.waypoint.NURNEN_WESTERN_SHORE.info,The sad western shores of the Sea of Núrnen.
lotr.waypoint,lotr.waypoint.NURNEN_EASTERN_SHORE,Rhunurnen
lotr.waypoint,lotr.waypoint.NURNEN_EASTERN_SHORE.info,The dim eastern shores of the Sea of Núrnen.
lotr.waypoint,lotr.waypoint.THAURBAND,Thorband
lotr.waypoint,lotr.waypoint.THAURBAND.info,A terrible prison-fortress of Mordor upon the shores of Núrnen.
lotr.waypoint,lotr.waypoint.VALLEY_OF_SPIDERS,Valley of Spiders
lotr.waypoint,lotr.waypoint.VALLEY_OF_SPIDERS.info,"A grim and shadowy corner of Mordor, infested with the spawn of Ungoliant."
lotr.waypoint,lotr.waypoint.DORWINION_PORT,Mirulond
lotr.waypoint,lotr.waypoint.DORWINION_PORT.info,"The Wine-havens upon the Celduin, where the Avarin Elves of Dorwinion receive shipments from their kin in the Woodland Realm."
lotr.waypoint,lotr.waypoint.DORWINION_COURT,Vintner Court
lotr.waypoint,lotr.waypoint.DORWINION_COURT.info,"The shining centre of all trade, learning, and culture within the Mannish realm of Dorwinion."
lotr.waypoint,lotr.waypoint.DORWINION_FORD,Golden Ford
lotr.waypoint,lotr.waypoint.DORWINION_FORD.info,A crossing out of Dorwinion into the lands of Rhúdel.
lotr.waypoint,lotr.waypoint.DORWINION_HILLS,Amon Gwîn
lotr.waypoint,lotr.waypoint.DORWINION_HILLS.info,A high peak in the hills of Dorwinion.
lotr.waypoint,lotr.waypoint.RHUN_ROAD_WAY,Redway
lotr.waypoint,lotr.waypoint.RHUN_ROAD_WAY.info,A far stretch of the ancient Dwarf-road that runs eastward to the great halls and mansions of the Orocarni.
lotr.waypoint,lotr.waypoint.BALCARAS,Balcharas
lotr.waypoint,lotr.waypoint.BALCARAS.info,A city of the Wainriders and one of their few permanent dwelling-places in the wide lands of the East.
lotr.waypoint,lotr.waypoint.KHAND_NORTH_ROAD,North Khand Road
lotr.waypoint,lotr.waypoint.KHAND_NORTH_ROAD.info,Here the great tributary road of Sauron runs out of Khand and into the wide lands of Rhûn.
lotr.waypoint,lotr.waypoint.RHUN_CAPITAL,Rhúnost
lotr.waypoint,lotr.waypoint.RHUN_CAPITAL.info,"The greatest city of Rhûn, palace and fortress of the King of the East. Its high towers are wreathed in mist and its mighty gates are inlaid with gold."
lotr.waypoint,lotr.waypoint.KHAMUL_TOWER,Khamûl's Tower
lotr.waypoint,lotr.waypoint.KHAMUL_TOWER.info,"The sorcerous tower of Khamûl, a cruel king of Easterlings in the Second Age."
lotr.waypoint,lotr.waypoint.MORDOR_FORD,Ashen Ford
lotr.waypoint,lotr.waypoint.MORDOR_FORD.info,"The waters of this ford run grey with foul ash. Here, Easterlings may follow the road down into Mordor, or take the long march West."
lotr.waypoint,lotr.waypoint.RHUN_NORTH_CITY,Atalak
lotr.waypoint,lotr.waypoint.RHUN_NORTH_CITY.info,The bustling markets and twisting streets of this Easterling seaport city are said to confuse travellers from all lands.
lotr.waypoint,lotr.waypoint.BAZYLAN,Bazylan
lotr.waypoint,lotr.waypoint.BAZYLAN.info,"A city of the Easterlings, said to be founded by a mighty nobleman of legend and named for his beloved cat."
lotr.waypoint,lotr.waypoint.BORDER_TOWN,Taragal
lotr.waypoint,lotr.waypoint.BORDER_TOWN.info,A town by the borders of Rhúdel that has grown rich from trade with Dorwinion.
lotr.waypoint,lotr.waypoint.RHUN_SEA_CITY,Belrhuk
lotr.waypoint,lotr.waypoint.RHUN_SEA_CITY.info,"A town close to the heart of Rhúdel. It is said that here, on the clearest days, one can glimpse the Isle in the Sea among the far mists."
lotr.waypoint,lotr.waypoint.RHUN_NORTH_FORD,Ford of Forunen
lotr.waypoint,lotr.waypoint.RHUN_NORTH_FORD.info,A ford across the River Forunen on the ancient East-West Road.
lotr.waypoint,lotr.waypoint.RHUN_NORTHEAST,Northern Marches
lotr.waypoint,lotr.waypoint.RHUN_NORTHEAST.info,"The northern frontier of Rhúdel, a place of deep bogs and tall brown reeds thick with the terrible air of decay."
lotr.waypoint,lotr.waypoint.RHUN_SOUTH_PASS,Pass of Rhúdel
lotr.waypoint,lotr.waypoint.RHUN_SOUTH_PASS.info,"It is said that this mountain pass was once the lair of a great Were-worm out of the South, until Lord Sauron cast the beast into long sleep with a mighty spell."
lotr.waypoint,lotr.waypoint.RHUN_EAST_CITY,Karslan
lotr.waypoint,lotr.waypoint.RHUN_EAST_CITY.info,An eastern city of Rhúdel beyond the hills. Trade passes from here down through the wide lands of Rhûn and into the Gulf of Harad.
lotr.waypoint,lotr.waypoint.RHUN_EAST_TOWN,Karanoda
lotr.waypoint,lotr.waypoint.RHUN_EAST_TOWN.info,A small fortified town on the east road to the city of Karslan.
lotr.waypoint,lotr.waypoint.RHUN_SOUTHEAST,Southern Marches
lotr.waypoint,lotr.waypoint.RHUN_SOUTHEAST.info,"The southern frontier of Rhúdel, where the road runs on to Sauron's servants in Khand and the Harad."
lotr.waypoint,lotr.waypoint.BARAZ_DUM,Baraz-tûm
lotr.waypoint,lotr.waypoint.BARAZ_DUM.info,The Red Delvings: mansions of the Eastern Dwarves beneath the peaks of the Orocarni.
lotr.waypoint,lotr.waypoint.CROSSINGS_OF_HARAD,Crossings of Harnen
lotr.waypoint,lotr.waypoint.CROSSINGS_OF_HARAD.info,"This river marks the border of the contested land of Harondor. From here, the road runs on southwards into the vast Sunlands of the Haradwaith."
lotr.waypoint,lotr.waypoint.HARNEN_SEA_TOWN,Bêlkadar
lotr.waypoint,lotr.waypoint.HARNEN_SEA_TOWN.info,"Where the mighty Harnen river meets the Bay of Belfalas stands the greatest stronghold of the Harnedhrim, a rallying-point against their foes to the North."
lotr.waypoint,lotr.waypoint.HARNEN_ROAD_TOWN,An-batîna
lotr.waypoint,lotr.waypoint.HARNEN_ROAD_TOWN.info,"A Southron town beyond the crossings of the Harnen, built upon the meeting of many roads."
lotr.waypoint,lotr.waypoint.HARNEN_BLACK_TOWN,Ugrî-zadîn
lotr.waypoint,lotr.waypoint.HARNEN_BLACK_TOWN.info,"A small but fortified town of Harnennor. The Haradrim speak of a time when Lord Sauron sent a rain of ash upon their lands, to deliver them from Gondorian invaders."
lotr.waypoint,lotr.waypoint.CROSSINGS_OF_LITHNEN,Crossings of Lithnen
lotr.waypoint,lotr.waypoint.CROSSINGS_OF_LITHNEN.info,The fords over the river Lithnen and on to eastern lands. Often in ages past were these waters stained red by the conquering swords of Gondor.
lotr.waypoint,lotr.waypoint.HARNEN_RIVER_TOWN,Ninzadîn
lotr.waypoint,lotr.waypoint.HARNEN_RIVER_TOWN.info,A settlement of the Southrons by the river Harnen. Here stands a gruesome tower decorated with the skulls of fallen Northerlings.
lotr.waypoint,lotr.waypoint.KHAND_FORD,Khandwater Ford
lotr.waypoint,lotr.waypoint.KHAND_FORD.info,"A crossing into the realm of Khand, which separates Harad from Rhûn."
lotr.waypoint,lotr.waypoint.UMBAR_CITY.info,"The proud city of the Black Númenóreans and the Corsairs, nearest of the great realms of Harad, with a long and brutal history of strife against Gondor."
lotr.waypoint,lotr.waypoint.UMBAR_GATE,Gate of Umbar
lotr.waypoint,lotr.waypoint.UMBAR_GATE.info,The low pass into the fief-lands of Umbar.
lotr.waypoint,lotr.waypoint.GATE_HERUMOR,Anât an-Khôrumor
lotr.waypoint,lotr.waypoint.GATE_HERUMOR.info,"A great fortress, said to have been constructed long ago on the orders of Herumor himself, which has stood guard over the Bay of Umbar ever since."
lotr.waypoint,lotr.waypoint.CEDAR_ROAD,Cedar-woods
lotr.waypoint,lotr.waypoint.CEDAR_ROAD.info,"The wood of the cedar tree is valued highly by the Southrons. As Sauron rises in Mordor, he demands incredible amounts as tribute."
lotr.waypoint,lotr.waypoint.FERTILE_VALLEY,Ajtiaz an-Ahâr
lotr.waypoint,lotr.waypoint.FERTILE_VALLEY.info,"One of the great Southron cities, whose famed markets bustle with traders and goods from all across the far lands of Harad and Rhûn."
lotr.waypoint,lotr.waypoint.FERTILE_VALLEY.info.shamiir,"One of the great Southron cities, whose famed markets bustle with traders and goods from all across the far lands of Harad and Rhûn. Once the stronghold of the Empress Shamiir; now the site of her last resting place."
lotr.waypoint,lotr.waypoint.GARDENS_BERUTHIEL,Gardens of Barûphel
lotr.waypoint,lotr.waypoint.GARDENS_BERUTHIEL.info,"The beautiful hanging gardens of Harad. Said to have been built long ago by a jealous Southron warlord, one among many lovers of the infamous Queen Berúthiel."
lotr.waypoint,lotr.waypoint.AIN_AL_HARAD,Ain an-Ahâr
lotr.waypoint,lotr.waypoint.AIN_AL_HARAD.info,"The Eye of Harad, a fabled city of the South counted as a wonder even among the Haradrim themselves."
lotr.waypoint,lotr.waypoint.GATE_FUINUR,Anât an-Phôinûr
lotr.waypoint,lotr.waypoint.GATE_FUINUR.info,"Built long ago by the mighty Black Númenórean lord Fuinur, these fortified gates protect the realm of Umbar from foes to the north."
lotr.waypoint,lotr.waypoint.COAST_FORTRESS,Gâth-azrazâin
lotr.waypoint,lotr.waypoint.COAST_FORTRESS.info,An ancient Númenórean fortress built to watch over the coastlands. It fell long ago into the hands of the Haradrim.
lotr.waypoint,lotr.waypoint.SANDHILL_TOWN,Lîpha-tûn
lotr.waypoint,lotr.waypoint.SANDHILL_TOWN.info,This Southron town which stands upon sandy hills is said to have been the site of a great battle many ages ago.
lotr.waypoint,lotr.waypoint.COAST_RIVER_TOWN,Tawînen
lotr.waypoint,lotr.waypoint.COAST_RIVER_TOWN.info,"A town of the Coast Southrons upon the river Athrassir, which sees many merchant-ships passing between the cedar-woods and the great Southron cities."
lotr.waypoint,lotr.waypoint.COAST_CITY,Nurêmin
lotr.waypoint,lotr.waypoint.COAST_CITY.info,"One of the lesser cities of the Southron Coasts, which nonetheless commands many fierce swords and a fearsome devotion to the great Eye of the North."
lotr.waypoint,lotr.waypoint.DESERT_TOWN,Ijdi-ilel
lotr.waypoint,lotr.waypoint.DESERT_TOWN.info,"An encampment of the Southron nomads, where desert-wanderers from many tribes go to trade and tell tales in the shade of the Emyn Lithnen."
lotr.waypoint,lotr.waypoint.SOUTH_DESERT_TOWN,Izêm-ulzuz
lotr.waypoint,lotr.waypoint.SOUTH_DESERT_TOWN.info,"Near the edge of the hostile Harad desert stands a surprisingly lively bazaar, where nomad merchants and Far Haradrim poachers trade their exotic goods."
lotr.waypoint,lotr.waypoint.DESERT_RIVER_TOWN,Ayûkaph-amâm
lotr.waypoint,lotr.waypoint.DESERT_RIVER_TOWN.info,"A town of the nomads by the source of the Harlanhir, the guiding river on their long road to the Gulf of Harad."
lotr.waypoint,lotr.waypoint.GULF_OF_HARAD,Arminazûl
lotr.waypoint,lotr.waypoint.GULF_OF_HARAD.info,"Here stands a mighty tower to keep a watch over the sea-passages below, as into the Gulf flow stories, goods, and armies from all across Harad and Rhûn."
lotr.waypoint,lotr.waypoint.GULF_CITY,Khôpakadar
lotr.waypoint,lotr.waypoint.GULF_CITY.info,"Greatest of the Gulfen cities. It is said that the Southrons of the Gulf sacrifice their old and sick to their lord Mulkhêr, keeping their blood strong."
lotr.waypoint,lotr.waypoint.GULF_FORD,Bridge of Harlanhir
lotr.waypoint,lotr.waypoint.GULF_FORD.info,The bridge over the great Southern Border-water which separates the Gulf from the lands of Far Harad.
lotr.waypoint,lotr.waypoint.GULF_TRADE_TOWN,Bakrîzad
lotr.waypoint,lotr.waypoint.GULF_TRADE_TOWN.info,"A trader-town, where exotic goods from East and South are bought and sold. Many Southron traders have made their fortunes here."
lotr.waypoint,lotr.waypoint.GULF_NORTH_TOWN,Yaphurushi
lotr.waypoint,lotr.waypoint.GULF_NORTH_TOWN.info,"A rich Gulfen city amid the gushing streams of the northern vales, whose people strive to surpass the glory of their southern neighbour."
lotr.waypoint,lotr.waypoint.GULF_EAST_BAY,Topaz Bay
lotr.waypoint,lotr.waypoint.GULF_EAST_BAY.info,"Although said to be a fair land, these eastern shores are notorious as a haunt of corsairs and outlaws from all across Harad and Rhûn."
lotr.waypoint,lotr.waypoint.GULF_EAST_PORT,Ephalôn
lotr.waypoint,lotr.waypoint.GULF_EAST_PORT.info,A lesser port town in the far eastern reaches of the Gulfen lands.
lotr.waypoint,lotr.waypoint.MOUNT_SAND,Mount Athras
lotr.waypoint,lotr.waypoint.MOUNT_SAND.info,"The Sunhorn, a high peak in the northern chain of the Mountains of Harad, and bestowed with much significance by the Haradrim."
lotr.waypoint,lotr.waypoint.MOUNT_GREEN,Mount Laegras
lotr.waypoint,lotr.waypoint.MOUNT_GREEN.info,"The Greenhorn, a mighty peak of the Mountains of Harad."
lotr.waypoint,lotr.waypoint.MOUNT_THUNDER,Mount Belegwaeras
lotr.waypoint,lotr.waypoint.MOUNT_THUNDER.info,"The Stormhorn, a mighty peak of the southern Mountains of Harad."
lotr.waypoint,lotr.waypoint.GREAT_PLAINS_NORTH,Hunters' Haunt
lotr.waypoint,lotr.waypoint.GREAT_PLAINS_NORTH.info,"The northernmost regions of the Far Harad grasslands, often visited by poachers from Near Harad who capture and kill exotic beasts for a profit."
lotr.waypoint,lotr.waypoint.GREAT_PLAINS_SOUTH,Deep Harad
lotr.waypoint,lotr.waypoint.GREAT_PLAINS_SOUTH.info,"Not far from here are the towering chain of volcanic mountains which the Morwaith fearfully name the Gates of Fire, Narennyn in the Elven-tongue."
lotr.waypoint,lotr.waypoint.GREAT_PLAINS_WEST,Upper Floodplains
lotr.waypoint,lotr.waypoint.GREAT_PLAINS_WEST.info,"The Morwaith of the western plains say that beyond the mountains a Great Lion lies watching, awaiting the day when he will swallow all lands and end the world of Men."
lotr.waypoint,lotr.waypoint.GREAT_PLAINS_EAST,Hill of the Sun
lotr.waypoint,lotr.waypoint.GREAT_PLAINS_EAST.info,"Among the Morwaith, it is told that here a great ancestral chieftain lies resting, who long ago led their people out from the Shadow into the Sunlands."
lotr.waypoint,lotr.waypoint.GREEN_VALLEY,Nan Harnagorath
lotr.waypoint,lotr.waypoint.GREEN_VALLEY.info,"Despite countless battles between the Far Haradrim tribes, these vales at the edge of the forest remain green and lush."
lotr.waypoint,lotr.waypoint.HARAD_LAKES,Nin Haecharad
lotr.waypoint,lotr.waypoint.HARAD_LAKES.info,"The great inland lakes of Haradwaith, like seas within the plains, home to many flourishing plants and herds of beasts."
lotr.waypoint,lotr.waypoint.LAKE_HARAD,Chunha
lotr.waypoint,lotr.waypoint.LAKE_HARAD.info,"The Taurethrim speak of these swamplands, said to be their home in ancient days before a great flooding drove their people southwards."
lotr.waypoint,lotr.waypoint.HARADUIN_MOUTH,Ethir Haraduin
lotr.waypoint,lotr.waypoint.HARADUIN_MOUTH.info,"The mouths of the mighty Haraduin, the longest river in the world."
lotr.waypoint,lotr.waypoint.ISLE_MIST,Tol Hîth
lotr.waypoint,lotr.waypoint.ISLE_MIST.info,"An island, said to be shrouded in mist, that lies at the very southern edge of the world."
lotr.waypoint,lotr.waypoint.TAURELONDE,Taurelondë
lotr.waypoint,lotr.waypoint.TAURELONDE.info,"Once a great haven of the Númenóreans stood here, friendly with the old Taurethrim at the height of their power, before the Shadow fell. Long now it has lain empty."
lotr.waypoint,lotr.waypoint.HARAD_HORN,Horn of Harad
lotr.waypoint,lotr.waypoint.HARAD_HORN.info,"The southernmost point of the Haradwaith. Such lands as may lie further south, if any, come not into the lore of the Númenóreans nor the tales of the Southrons."
lotr.waypoint,lotr.waypoint.TOWN_BONES,Town of Bones
lotr.waypoint,lotr.waypoint.TOWN_BONES.info,"A town built among bones, strange and surreal. The Southrons of the Gulf come here to buy the great Mûmakil from the Morwaith beast-chainers."
lotr.waypoint,lotr.waypoint.HARADUIN_BRIDGE,Bridge of Haraduin
lotr.waypoint,lotr.waypoint.HARADUIN_BRIDGE.info,"Once the site of a mighty bridge built by the old Taurethrim, long since crumbled away. The new bridge is now traversed only by Morwaith traders and beast-chainers."
lotr.waypoint,lotr.waypoint.JUNGLE_CITY_TRADE,Otoch Kâh
lotr.waypoint,lotr.waypoint.JUNGLE_CITY_TRADE.info,"Near the western edge of the jungles of Harad stands this ancient trader-town, where the old empire grew mighty out of trade with the Númenóreans."
lotr.waypoint,lotr.waypoint.JUNGLE_CITY_OLD,Ya'ash Kâh
lotr.waypoint,lotr.waypoint.JUNGLE_CITY_OLD.info,"Though now in ruins, the long-lost seat of the first Taurethrim High Kings inspires awe among travellers and natives alike."
lotr.waypoint,lotr.waypoint.JUNGLE_CITY_NORTH,Shaman Pâh
lotr.waypoint,lotr.waypoint.JUNGLE_CITY_NORTH.info,"A northern outpost of the Taurethrim, fortified against raids from the plains-dwellers."
lotr.waypoint,lotr.waypoint.JUNGLE_CITY_EAST,Lakin Pâh
lotr.waypoint,lotr.waypoint.JUNGLE_CITY_EAST.info,An eastern fortress of the Taurethrim built long ago to watch over the lands of the Haraduin.
lotr.waypoint,lotr.waypoint.JUNGLE_CITY_CAPITAL,Nohoch Kâh
lotr.waypoint,lotr.waypoint.JUNGLE_CITY_CAPITAL.info,"The greatest of the old Taurethrim cities that still stands, though its glory is long fallen from the days of the ancient empire."
lotr.waypoint,lotr.waypoint.JUNGLE_CITY_DEEP,Mûmakâh
lotr.waypoint,lotr.waypoint.JUNGLE_CITY_DEEP.info,"Deep in the jungle stands this lost city, mysterious and forgotten even to many Taurethrim. It is spoken of in their tales as a place of great wonder."
lotr.waypoint,lotr.waypoint.JUNGLE_CITY_WATCH,Pishan Kâh
lotr.waypoint,lotr.waypoint.JUNGLE_CITY_WATCH.info,A great citadel built in days long past to keep watch over the warmongering tribes of the south.
lotr.waypoint,lotr.waypoint.JUNGLE_CITY_CAVES,Aktun Kâh
lotr.waypoint,lotr.waypoint.JUNGLE_CITY_CAVES.info,A mysterious city said to be built among caves in the very heart of the earth.
lotr.waypoint,lotr.waypoint.JUNGLE_CITY_STONE,Tûnich Kâh
lotr.waypoint,lotr.waypoint.JUNGLE_CITY_STONE.info,"A great city of carven stone, once a jewel of the Taurethrim empire, but now a mere shadow of its former greatness."
lotr.waypoint,lotr.waypoint.JUNGLE_LAKES,Emerald Lakes
lotr.waypoint,lotr.waypoint.JUNGLE_LAKES.info,These lakes within the borders of the forests are a place of great natural beauty.
lotr.waypoint,lotr.waypoint.TROLL_ISLAND,Tol Torog
lotr.waypoint,lotr.waypoint.TROLL_ISLAND.info,"The Isle of Trolls. It is believed by many that the monstrous race of Half-trolls were first awoken here, though their precise origins remain unknown."
lotr.waypoint,lotr.waypoint.BLACK_COAST,Durfalas
lotr.waypoint,lotr.waypoint.BLACK_COAST.info,The treacherous eastern coasts of Perdorogwaith.
lotr.waypoint,lotr.waypoint.BLOOD_RIVER,Sereghir
lotr.waypoint,lotr.waypoint.BLOOD_RIVER.info,"The Bloodflow, a black and choking stream which runs through the land of the Half-trolls."
lotr.waypoint,lotr.waypoint.SHADOW_POINT,Hardorogost
lotr.waypoint,lotr.waypoint.SHADOW_POINT.info,"The city of the Half-trolls, built on a shore of boiling seas and foundering rocks."
lotr.waypoint,lotr.waypoint.OLD_JUNGLE_RUIN,Kimen Kâh
lotr.waypoint,lotr.waypoint.OLD_JUNGLE_RUIN.info,"Here stand the ruins of an ancient Taurethrim city, overrun by troll-demons in an age long past."
lotr.waypoint,lotr.waypoint.custom,%s (Custom)
lotr.waypoint,lotr.waypoint.custom.info,Shared with Fellowships: %s
lotr.waypoint,lotr.waypoint.custom.andMore,and %d more
lotr.waypoint,lotr.waypoint.shared,%s (Shared Custom)
lotr.waypoint,lotr.waypoint.shared.info,Shared by %s with Fellowships: %s
lotr.road,lotr.road.EredLuin,Blue Dwarven Road
lotr.road,lotr.road.NogrodForlond,Blue Dwarven Road
lotr.road,lotr.road.NogrodMithlond,Blue Dwarven Road
lotr.road,lotr.road.Mithlond,Lindon Road
lotr.road,lotr.road.WestEast,Great East Road
lotr.road,lotr.road.BywaterRoad,Bywater Road
lotr.road,lotr.road.Overhill,Hill Road
lotr.road,lotr.road.BucklandRoad,Buckland Road
lotr.road,lotr.road.Chetroad,Chetroad
lotr.road,lotr.road.ElfPath,Elf-path
lotr.road,lotr.road.EreborRoad,Erebor Road
lotr.road,lotr.road.DalePortRoad,Dale Road
lotr.road,lotr.road.DaleSouthRoad,Rhovanion Road
lotr.road,lotr.road.IronHills,Dwarven Road
lotr.road,lotr.road.DorwinionSouthRoad,Wine-road
lotr.road,lotr.road.DorwinionEastRoad,East Road
lotr.road,lotr.road.RhunRoad,Golden Road
lotr.road,lotr.road.RhunEastRoad,East Rhúdel Road
lotr.road,lotr.road.Nobottle,Nobottle Road
lotr.road,lotr.road.Oatbarton,Oatbarton Road
lotr.road,lotr.road.Stock,Stock Road
lotr.road,lotr.road.Deephallow,Causeway
lotr.road,lotr.road.Willowbottom,Willow Road
lotr.road,lotr.road.ArnorRoad,Greenway
lotr.road,lotr.road.Greenway,Greenway
lotr.road,lotr.road.ElvenWay,Elven-way
lotr.road,lotr.road.BruinenPath,Rivendell Path
lotr.road,lotr.road.NimrodelRoad,Dimrill Road
lotr.road,lotr.road.AnduinRoad,Anduin Road
lotr.road,lotr.road.DolGuldurRoad,Dol Guldur Road
lotr.road,lotr.road.Framsburg,Framsburg Road
lotr.road,lotr.road.NorthSouth,North-South Road
lotr.road,lotr.road.TirithRoad,North-South Road
lotr.road,lotr.road.OsgiliathRoad,Causeway
lotr.road,lotr.road.OsgiliathCrossing,Causeway
lotr.road,lotr.road.OsgiliathMorgulRoad,Morgul-road
lotr.road,lotr.road.GondorSouthRoad,South Road
lotr.road,lotr.road.IsengardRoad,Isengard Road
lotr.road,lotr.road.HelmRoad,Deeping-road
lotr.road,lotr.road.WoldRoad,Woldway
lotr.road,lotr.road.DolAmroth,Dol Amroth Road
lotr.road,lotr.road.CairAndros,North Road
lotr.road,lotr.road.Pelargir,Pelargir Road
lotr.road,lotr.road.Poros,Pelargir Road
lotr.road,lotr.road.SauronRoad,Sauron's Road
lotr.road,lotr.road.MorannonRoad,Morannon Road
lotr.road,lotr.road.MorannonRhunRoad,Sauron's Road
lotr.road,lotr.road.GorgorothRoad,South Mordor Road
lotr.road,lotr.road.HaradRoad,Harad Road
lotr.road,lotr.road.UmbarRoad,Umbar Road
lotr.road,lotr.road.GulfRoad,Gulf Road
lotr.road,lotr.road.JungleNorthRoad,Old Taurethrim Road
lotr.road,lotr.road.JungleMangroveRoad,Taurethrim Road
lotr.road,lotr.road.JungleDeepRoad,Deep Jungle Road
lotr.road,lotr.road.JungleWestEastRoad,Taurethrim Road
lotr.road,lotr.road.JungleLakeRoad,Old Taurethrim Road
