method,table,old_result,port_result,status,notes
createAngmarRecipes,angmar,brick2/0,lotr:angmar_brick,present,
createAngmarRecipes,angmar,angmarTable,lotr:angmar_crafting_table,present,
createAngmarRecipes,angmar,swordAngmar,lotr:angmar_sword,present,
createAngmarRecipes,angmar,battleaxeAngmar,lotr:angmar_battleaxe,present,
createAngmarRecipes,angmar,daggerAngmar,lotr:angmar_dagger,present,
createAngmarRecipes,angmar,helmetAngmar,lotr:angmar_helmet,present,
createAngmarRecipes,angmar,bodyAngmar,lotr:angmar_chestplate,present,
createAngmarRecipes,angmar,legsAngmar,lotr:angmar_leggings,present,
createAngmarRecipes,angmar,bootsAngmar,lotr:angmar_boots,present,
createAngmarRecipes,angmar,slabSingle3/3,lotr:angmar_brick_slab,present,
createAngmarRecipes,angmar,stairsAngmarBrick,lotr:angmar_brick_stairs,present,
createAngmarRecipes,angmar,wall2/0,lotr:angmar_brick_wall,present,
createAngmarRecipes,angmar,orcTorchItem,lotr:orc_torch,present,
createAngmarRecipes,angmar,spearAngmar,lotr:angmar_spear,present,
createAngmarRecipes,angmar,shovelAngmar,lotr:angmar_shovel,present,
createAngmarRecipes,angmar,pickaxeAngmar,lotr:angmar_pickaxe,present,
createAngmarRecipes,angmar,axeAngmar,lotr:angmar_axe,present,
createAngmarRecipes,angmar,hoeAngmar,lotr:angmar_hoe,present,
createAngmarRecipes,angmar,hammerAngmar,lotr:angmar_warhammer,present,
createAngmarRecipes,angmar,slabSingle3/4,lotr:cracked_angmar_brick_slab,present,
createAngmarRecipes,angmar,stairsAngmarBrickCracked,lotr:cracked_angmar_brick_stairs,present,
createAngmarRecipes,angmar,wall2/1,lotr:cracked_angmar_brick_wall,present,
createAngmarRecipes,angmar,orcForge,lotr:orc_forge,present,
createAngmarRecipes,angmar,banner/angmar,lotr:angmar_banner,present,
createAngmarRecipes,angmar,wargArmorAngmar,lotr:angmar_warg_armor,present,
createAngmarRecipes,angmar,pillar2/4,lotr:angmar_pillar,present,
createAngmarRecipes,angmar,slabSingle9/4,lotr:angmar_pillar_slab,present,
createAngmarRecipes,angmar,polearmAngmar,lotr:angmar_poleaxe,present,
createAngmarRecipes,angmar,banner/rhudaur,lotr:rhudaur_banner,present,
createAngmarRecipes,angmar,brick6/10,lotr:angmar_snow_brick,present,
createAngmarRecipes,angmar,slabSingle12/7,lotr:angmar_snow_brick_slab,present,
createAngmarRecipes,angmar,stairsAngmarBrickSnow,lotr:angmar_snow_brick_stairs,present,
createAngmarRecipes,angmar,wall5/2,lotr:angmar_snow_brick_wall,present,
createBlueMountainsRecipes,blue_dwarven,blueDwarvenTable,lotr:blue_dwarven_crafting_table,present,
createBlueMountainsRecipes,blue_dwarven,shovelBlueDwarven,lotr:blue_dwarven_shovel,present,
createBlueMountainsRecipes,blue_dwarven,pickaxeBlueDwarven,lotr:blue_dwarven_pickaxe,present,
createBlueMountainsRecipes,blue_dwarven,axeBlueDwarven,lotr:blue_dwarven_axe,present,
createBlueMountainsRecipes,blue_dwarven,swordBlueDwarven,lotr:blue_dwarven_sword,present,
createBlueMountainsRecipes,blue_dwarven,hoeBlueDwarven,lotr:blue_dwarven_hoe,present,
createBlueMountainsRecipes,blue_dwarven,daggerBlueDwarven,lotr:blue_dwarven_dagger,present,
createBlueMountainsRecipes,blue_dwarven,battleaxeBlueDwarven,lotr:blue_dwarven_battleaxe,present,
createBlueMountainsRecipes,blue_dwarven,hammerBlueDwarven,lotr:blue_dwarven_warhammer,present,
createBlueMountainsRecipes,blue_dwarven,helmetBlueDwarven,lotr:blue_dwarven_helmet,present,
createBlueMountainsRecipes,blue_dwarven,bodyBlueDwarven,lotr:blue_dwarven_chestplate,present,
createBlueMountainsRecipes,blue_dwarven,legsBlueDwarven,lotr:blue_dwarven_leggings,present,
createBlueMountainsRecipes,blue_dwarven,bootsBlueDwarven,lotr:blue_dwarven_boots,present,
createBlueMountainsRecipes,blue_dwarven,throwingAxeBlueDwarven,lotr:blue_dwarven_throwing_axe,present,
createBlueMountainsRecipes,blue_dwarven,chandelier/11,lotr:blue_dwarven_chandelier,present,
createBlueMountainsRecipes,blue_dwarven,mattockBlueDwarven,lotr:blue_dwarven_mattock,present,
createBlueMountainsRecipes,blue_dwarven,banner/blueMountains,lotr:blue_mountains_banner,present,
createBlueMountainsRecipes,blue_dwarven,spearBlueDwarven,lotr:blue_dwarven_spear,present,
createBlueMountainsRecipes,blue_dwarven,blueDwarfBars,lotr:blue_dwarf_bars,present,
createBlueMountainsRecipes,blue_dwarven,boarArmorBlueDwarven,lotr:blue_dwarven_boar_armor,present,
createBlueMountainsRecipes,blue_dwarven,pikeBlueDwarven,lotr:blue_dwarven_pike,present,
createBlueMountainsRecipes,blue_dwarven,gateDwarven,lotr:dwarven_gate,present,
createBlueMountainsRecipes,blue_dwarven,mechanism,lotr:mechanism,present,
createBreeRecipes,bree,breeTable,lotr:bree_crafting_table,present,
createBreeRecipes,bree,banner/bree,lotr:bree_banner,present,
createCommonDwarfRecipes,dwarven,brick/6,lotr:dwarven_brick,present,
createCommonDwarfRecipes,blue_dwarven,brick/6,lotr:dwarven_brick,present,
createCommonDwarfRecipes,dwarven,stairsDwarvenBrick,lotr:dwarven_brick_stairs,present,
createCommonDwarfRecipes,blue_dwarven,stairsDwarvenBrick,lotr:dwarven_brick_stairs,present,
createCommonDwarfRecipes,dwarven,slabSingle/7,lotr:dwarven_brick_slab,present,
createCommonDwarfRecipes,blue_dwarven,slabSingle/7,lotr:dwarven_brick_slab,present,
createCommonDwarfRecipes,dwarven,wall/7,lotr:dwarven_brick_wall,present,
createCommonDwarfRecipes,blue_dwarven,wall/7,lotr:dwarven_brick_wall,present,
createCommonDwarfRecipes,dwarven,pillar/0,lotr:dwarven_pillar,present,
createCommonDwarfRecipes,blue_dwarven,pillar/0,lotr:dwarven_pillar,present,
createCommonDwarfRecipes,dwarven,dwarvenForge,lotr:dwarven_forge,present,
createCommonDwarfRecipes,blue_dwarven,dwarvenForge,lotr:dwarven_forge,present,
createCommonDwarfRecipes,dwarven,slabSingle2/0,lotr:dwarven_pillar_slab,present,
createCommonDwarfRecipes,blue_dwarven,slabSingle2/0,lotr:dwarven_pillar_slab,present,
createCommonDwarfRecipes,dwarven,dwarvenDoor,lotr:dwarven_door,present,
createCommonDwarfRecipes,blue_dwarven,dwarvenDoor,lotr:dwarven_door,present,
createCommonDwarfRecipes,dwarven,dwarvenDoorIthildin,lotr:ithildin_dwarven_door,present,
createCommonDwarfRecipes,blue_dwarven,dwarvenDoorIthildin,lotr:ithildin_dwarven_door,present,
createCommonDwarfRecipes,dwarven,dwarvenBedItem,lotr:dwarven_bed,present,
createCommonDwarfRecipes,blue_dwarven,dwarvenBedItem,lotr:dwarven_bed,present,
createCommonDwarfRecipes,dwarven,brick/8,lotr:dwarven_silver_brick,present,
createCommonDwarfRecipes,blue_dwarven,brick/8,lotr:dwarven_silver_brick,present,
createCommonDwarfRecipes,dwarven,brick/9,lotr:dwarven_gold_brick,present,
createCommonDwarfRecipes,blue_dwarven,brick/9,lotr:dwarven_gold_brick,present,
createCommonDwarfRecipes,dwarven,brick/10,lotr:dwarven_mithril_brick,present,
createCommonDwarfRecipes,blue_dwarven,brick/10,lotr:dwarven_mithril_brick,present,
createCommonDwarfRecipes,dwarven,brick2/12,lotr:carved_dwarven_brick,present,
createCommonDwarfRecipes,blue_dwarven,brick2/12,lotr:carved_dwarven_brick,present,
createCommonDwarfRecipes,dwarven,brick3/12,lotr:glowing_dwarven_brick,present,
createCommonDwarfRecipes,blue_dwarven,brick3/12,lotr:glowing_dwarven_brick,present,
createCommonDwarfRecipes,dwarven,stairsDwarvenBrickCracked,lotr:cracked_dwarven_brick_stairs,present,
createCommonDwarfRecipes,blue_dwarven,stairsDwarvenBrickCracked,lotr:cracked_dwarven_brick_stairs,present,
createCommonDwarfRecipes,dwarven,slabSingle7/6,lotr:cracked_dwarven_brick_slab,present,
createCommonDwarfRecipes,blue_dwarven,slabSingle7/6,lotr:cracked_dwarven_brick_slab,present,
createCommonDwarfRecipes,dwarven,wall4/5,lotr:cracked_dwarven_brick_wall,present,
createCommonDwarfRecipes,blue_dwarven,wall4/5,lotr:cracked_dwarven_brick_wall,present,
createCommonDwarfRecipes,dwarven,slabSingle7/7,lotr:cracked_dwarven_pillar_slab,present,
createCommonDwarfRecipes,blue_dwarven,slabSingle7/7,lotr:cracked_dwarven_pillar_slab,present,
createCommonDwarfRecipes,dwarven,brick4/14,lotr:obsidian_dwarven_brick,present,
createCommonDwarfRecipes,blue_dwarven,brick4/14,lotr:obsidian_dwarven_brick,present,
createCommonDwarfRecipes,dwarven,stairsDwarvenBrickObsidian,lotr:obsidian_dwarven_brick_stairs,present,
createCommonDwarfRecipes,blue_dwarven,stairsDwarvenBrickObsidian,lotr:obsidian_dwarven_brick_stairs,present,
createCommonDwarfRecipes,dwarven,slabSingle8/6,lotr:obsidian_dwarven_brick_slab,present,
createCommonDwarfRecipes,blue_dwarven,slabSingle8/6,lotr:obsidian_dwarven_brick_slab,present,
createCommonDwarfRecipes,dwarven,wall4/6,lotr:obsidian_dwarven_brick_wall,present,
createCommonDwarfRecipes,blue_dwarven,wall4/6,lotr:obsidian_dwarven_brick_wall,present,
createCommonDwarfRecipes,dwarven,chiselIthildin,lotr:moon_chisel,present,
createCommonDwarfRecipes,blue_dwarven,chiselIthildin,lotr:moon_chisel,present,
createCommonElfRecipes,elven,helmetGalvorn,lotr:galvorn_helmet,present,
createCommonElfRecipes,wood_elven,helmetGalvorn,lotr:galvorn_helmet,present,
createCommonElfRecipes,high_elven,helmetGalvorn,lotr:galvorn_helmet,present,
createCommonElfRecipes,rivendell,helmetGalvorn,lotr:galvorn_helmet,present,
createCommonElfRecipes,elven,bodyGalvorn,lotr:galvorn_chestplate,present,
createCommonElfRecipes,wood_elven,bodyGalvorn,lotr:galvorn_chestplate,present,
createCommonElfRecipes,high_elven,bodyGalvorn,lotr:galvorn_chestplate,present,
createCommonElfRecipes,rivendell,bodyGalvorn,lotr:galvorn_chestplate,present,
createCommonElfRecipes,elven,legsGalvorn,lotr:galvorn_leggings,present,
createCommonElfRecipes,wood_elven,legsGalvorn,lotr:galvorn_leggings,present,
createCommonElfRecipes,high_elven,legsGalvorn,lotr:galvorn_leggings,present,
createCommonElfRecipes,rivendell,legsGalvorn,lotr:galvorn_leggings,present,
createCommonElfRecipes,elven,bootsGalvorn,lotr:galvorn_boots,present,
createCommonElfRecipes,wood_elven,bootsGalvorn,lotr:galvorn_boots,present,
createCommonElfRecipes,high_elven,bootsGalvorn,lotr:galvorn_boots,present,
createCommonElfRecipes,rivendell,bootsGalvorn,lotr:galvorn_boots,present,
createCommonElfRecipes,elven,chiselIthildin,lotr:moon_chisel,present,
createCommonElfRecipes,wood_elven,chiselIthildin,lotr:moon_chisel,present,
createCommonElfRecipes,high_elven,chiselIthildin,lotr:moon_chisel,present,
createCommonElfRecipes,rivendell,chiselIthildin,lotr:moon_chisel,present,
createCommonHighElfRecipes,high_elven,highElvenTorch,lotr:high_elven_torch,present,
createCommonHighElfRecipes,rivendell,highElvenTorch,lotr:high_elven_torch,present,
createCommonHighElfRecipes,high_elven,chandelier/10,lotr:high_elven_chandelier,present,
createCommonHighElfRecipes,rivendell,chandelier/10,lotr:high_elven_chandelier,present,
createCommonHighElfRecipes,high_elven,highElvenBedItem,lotr:high_elven_bed,present,
createCommonHighElfRecipes,rivendell,highElvenBedItem,lotr:high_elven_bed,present,
createCommonHighElfRecipes,high_elven,brick3/2,lotr:high_elven_brick,present,
createCommonHighElfRecipes,rivendell,brick3/2,lotr:high_elven_brick,present,
createCommonHighElfRecipes,high_elven,brick3/3,lotr:mossy_high_elven_brick,present,
createCommonHighElfRecipes,rivendell,brick3/3,lotr:mossy_high_elven_brick,present,
createCommonHighElfRecipes,high_elven,slabSingle5/5,lotr:high_elven_brick_slab,present,
createCommonHighElfRecipes,rivendell,slabSingle5/5,lotr:high_elven_brick_slab,present,
createCommonHighElfRecipes,high_elven,slabSingle5/6,lotr:mossy_high_elven_brick_slab,present,
createCommonHighElfRecipes,rivendell,slabSingle5/6,lotr:mossy_high_elven_brick_slab,present,
createCommonHighElfRecipes,high_elven,slabSingle5/7,lotr:cracked_high_elven_brick_slab,present,
createCommonHighElfRecipes,rivendell,slabSingle5/7,lotr:cracked_high_elven_brick_slab,present,
createCommonHighElfRecipes,high_elven,stairsHighElvenBrick,lotr:high_elven_brick_stairs,present,
createCommonHighElfRecipes,rivendell,stairsHighElvenBrick,lotr:high_elven_brick_stairs,present,
createCommonHighElfRecipes,high_elven,stairsHighElvenBrickMossy,lotr:mossy_high_elven_brick_stairs,present,
createCommonHighElfRecipes,rivendell,stairsHighElvenBrickMossy,lotr:mossy_high_elven_brick_stairs,present,
createCommonHighElfRecipes,high_elven,stairsHighElvenBrickCracked,lotr:cracked_high_elven_brick_stairs,present,
createCommonHighElfRecipes,rivendell,stairsHighElvenBrickCracked,lotr:cracked_high_elven_brick_stairs,present,
createCommonHighElfRecipes,high_elven,wall2/11,lotr:high_elven_brick_wall,present,
createCommonHighElfRecipes,rivendell,wall2/11,lotr:high_elven_brick_wall,present,
createCommonHighElfRecipes,high_elven,wall2/12,lotr:mossy_high_elven_brick_wall,present,
createCommonHighElfRecipes,rivendell,wall2/12,lotr:mossy_high_elven_brick_wall,present,
createCommonHighElfRecipes,high_elven,wall2/13,lotr:cracked_high_elven_brick_wall,present,
createCommonHighElfRecipes,rivendell,wall2/13,lotr:cracked_high_elven_brick_wall,present,
createCommonHighElfRecipes,high_elven,pillar/10,lotr:high_elven_pillar,present,
createCommonHighElfRecipes,rivendell,pillar/10,lotr:high_elven_pillar,present,
createCommonHighElfRecipes,high_elven,slabSingle6/0,lotr:high_elven_pillar_slab,present,
createCommonHighElfRecipes,rivendell,slabSingle6/0,lotr:high_elven_pillar_slab,present,
createCommonHighElfRecipes,high_elven,slabSingle6/1,lotr:cracked_high_elven_pillar_slab,present,
createCommonHighElfRecipes,rivendell,slabSingle6/1,lotr:cracked_high_elven_pillar_slab,present,
createCommonHighElfRecipes,high_elven,brick2/13,lotr:carved_high_elven_brick,present,
createCommonHighElfRecipes,rivendell,brick2/13,lotr:carved_high_elven_brick,present,
createCommonHighElfRecipes,high_elven,elvenForge,lotr:elven_forge,present,
createCommonHighElfRecipes,rivendell,elvenForge,lotr:elven_forge,present,
createCommonHighElfRecipes,high_elven,highElfBars,lotr:high_elf_bars,present,
createCommonHighElfRecipes,rivendell,highElfBars,lotr:high_elf_bars,present,
createCommonHighElfRecipes,high_elven,highElfWoodBars,lotr:high_elf_wood_bars,present,
createCommonHighElfRecipes,rivendell,highElfWoodBars,lotr:high_elf_wood_bars,present,
createCommonHighElfRecipes,high_elven,brick4/8,lotr:high_elven_silver_brick,present,
createCommonHighElfRecipes,rivendell,brick4/8,lotr:high_elven_silver_brick,present,
createCommonHighElfRecipes,high_elven,brick4/11,lotr:high_elven_gold_brick,present,
createCommonHighElfRecipes,rivendell,brick4/11,lotr:high_elven_gold_brick,present,
createCommonHighElfRecipes,high_elven,gateHighElven,lotr:high_elven_gate,present,
createCommonHighElfRecipes,rivendell,gateHighElven,lotr:high_elven_gate,present,
createCommonHobbitRecipes,hobbit,hobbitOven,lotr:hobbit_oven,present,
createCommonHobbitRecipes,bree,hobbitOven,lotr:hobbit_oven,present,
createCommonMorgulAndGundabadRecipes,morgul,chandelier/7,lotr:orc_chandelier,present,
createCommonMorgulAndGundabadRecipes,angmar,chandelier/7,lotr:orc_chandelier,present,
createCommonMorgulAndGundabadRecipes,dol_guldur,chandelier/7,lotr:orc_chandelier,present,
createCommonMorgulAndGundabadRecipes,gundabad,chandelier/7,lotr:orc_chandelier,present,
createCommonMorgulAndGundabadRecipes,morgul,orcSteelBars,lotr:orc_steel_bars,present,
createCommonMorgulAndGundabadRecipes,angmar,orcSteelBars,lotr:orc_steel_bars,present,
createCommonMorgulAndGundabadRecipes,dol_guldur,orcSteelBars,lotr:orc_steel_bars,present,
createCommonMorgulAndGundabadRecipes,gundabad,orcSteelBars,lotr:orc_steel_bars,present,
createCommonMorgulAndGundabadRecipes,morgul,orcBow,lotr:orc_bow,present,
createCommonMorgulAndGundabadRecipes,angmar,orcBow,lotr:orc_bow,present,
createCommonMorgulAndGundabadRecipes,dol_guldur,orcBow,lotr:orc_bow,present,
createCommonMorgulAndGundabadRecipes,gundabad,orcBow,lotr:orc_bow,present,
createCommonMorgulAndGundabadRecipes,morgul,gateOrc,lotr:orc_gate,present,
createCommonMorgulAndGundabadRecipes,angmar,gateOrc,lotr:orc_gate,present,
createCommonMorgulAndGundabadRecipes,dol_guldur,gateOrc,lotr:orc_gate,present,
createCommonMorgulAndGundabadRecipes,gundabad,gateOrc,lotr:orc_gate,present,
createCommonMorgulAndGundabadRecipes,morgul,mechanism,lotr:mechanism,present,
createCommonMorgulAndGundabadRecipes,angmar,mechanism,lotr:mechanism,present,
createCommonMorgulAndGundabadRecipes,dol_guldur,mechanism,lotr:mechanism,present,
createCommonMorgulAndGundabadRecipes,gundabad,mechanism,lotr:mechanism,present,
createCommonMorgulRecipes,morgul,morgulBlade,lotr:morgul_blade,present,
createCommonMorgulRecipes,angmar,morgulBlade,lotr:morgul_blade,present,
createCommonMorgulRecipes,dol_guldur,morgulBlade,lotr:morgul_blade,present,
createCommonMorgulRecipes,morgul,helmetMorgul,lotr:morgul_helmet,present,
createCommonMorgulRecipes,angmar,helmetMorgul,lotr:morgul_helmet,present,
createCommonMorgulRecipes,dol_guldur,helmetMorgul,lotr:morgul_helmet,present,
createCommonMorgulRecipes,morgul,bodyMorgul,lotr:morgul_chestplate,present,
createCommonMorgulRecipes,angmar,bodyMorgul,lotr:morgul_chestplate,present,
createCommonMorgulRecipes,dol_guldur,bodyMorgul,lotr:morgul_chestplate,present,
createCommonMorgulRecipes,morgul,legsMorgul,lotr:morgul_leggings,present,
createCommonMorgulRecipes,angmar,legsMorgul,lotr:morgul_leggings,present,
createCommonMorgulRecipes,dol_guldur,legsMorgul,lotr:morgul_leggings,present,
createCommonMorgulRecipes,morgul,bootsMorgul,lotr:morgul_boots,present,
createCommonMorgulRecipes,angmar,bootsMorgul,lotr:morgul_boots,present,
createCommonMorgulRecipes,dol_guldur,bootsMorgul,lotr:morgul_boots,present,
createCommonMorgulRecipes,morgul,morgulTorch,lotr:morgul_torch,present,
createCommonMorgulRecipes,angmar,morgulTorch,lotr:morgul_torch,present,
createCommonMorgulRecipes,dol_guldur,morgulTorch,lotr:morgul_torch,present,
createCommonMorgulRecipes,morgul,horseArmorMorgul,lotr:morgul_horse_armor,present,
createCommonMorgulRecipes,angmar,horseArmorMorgul,lotr:morgul_horse_armor,present,
createCommonMorgulRecipes,dol_guldur,horseArmorMorgul,lotr:morgul_horse_armor,present,
createCommonMorgulRecipes,morgul,orcBomb,lotr:orc_bomb,present,
createCommonMorgulRecipes,angmar,orcBomb,lotr:orc_bomb,present,
createCommonMorgulRecipes,dol_guldur,orcBomb,lotr:orc_bomb,present,
createCommonMorgulRecipes,morgul,orcBomb/1,lotr:double_strength_orc_bomb,present,
createCommonMorgulRecipes,angmar,orcBomb/1,lotr:double_strength_orc_bomb,present,
createCommonMorgulRecipes,dol_guldur,orcBomb/1,lotr:double_strength_orc_bomb,present,
createCommonMorgulRecipes,morgul,orcBomb/2,lotr:triple_strength_orc_bomb,present,
createCommonMorgulRecipes,angmar,orcBomb/2,lotr:triple_strength_orc_bomb,present,
createCommonMorgulRecipes,dol_guldur,orcBomb/2,lotr:triple_strength_orc_bomb,present,
createCommonMorgulRecipes,morgul,chandelier/12,lotr:morgul_chandelier,present,
createCommonMorgulRecipes,angmar,chandelier/12,lotr:morgul_chandelier,present,
createCommonMorgulRecipes,dol_guldur,chandelier/12,lotr:morgul_chandelier,present,
createCommonNearHaradRecipes,near_harad,brick/15,lotr:near_harad_brick,present,
createCommonNearHaradRecipes,umbar,brick/15,lotr:near_harad_brick,present,
createCommonNearHaradRecipes,gulf,brick/15,lotr:near_harad_brick,present,
createCommonNearHaradRecipes,near_harad,slabSingle4/0,lotr:near_harad_brick_slab,present,
createCommonNearHaradRecipes,umbar,slabSingle4/0,lotr:near_harad_brick_slab,present,
createCommonNearHaradRecipes,gulf,slabSingle4/0,lotr:near_harad_brick_slab,present,
createCommonNearHaradRecipes,near_harad,stairsNearHaradBrick,lotr:near_harad_brick_stairs,present,
createCommonNearHaradRecipes,umbar,stairsNearHaradBrick,lotr:near_harad_brick_stairs,present,
createCommonNearHaradRecipes,gulf,stairsNearHaradBrick,lotr:near_harad_brick_stairs,present,
createCommonNearHaradRecipes,near_harad,wall/15,lotr:near_harad_brick_wall,present,
createCommonNearHaradRecipes,umbar,wall/15,lotr:near_harad_brick_wall,present,
createCommonNearHaradRecipes,gulf,wall/15,lotr:near_harad_brick_wall,present,
createCommonNearHaradRecipes,near_harad,pillar/5,lotr:near_harad_pillar,present,
createCommonNearHaradRecipes,umbar,pillar/5,lotr:near_harad_pillar,present,
createCommonNearHaradRecipes,gulf,pillar/5,lotr:near_harad_pillar,present,
createCommonNearHaradRecipes,near_harad,slabSingle4/7,lotr:near_harad_pillar_slab,present,
createCommonNearHaradRecipes,umbar,slabSingle4/7,lotr:near_harad_pillar_slab,present,
createCommonNearHaradRecipes,gulf,slabSingle4/7,lotr:near_harad_pillar_slab,present,
createCommonNearHaradRecipes,near_harad,brick3/8,lotr:near_harad_carved_brick,present,
createCommonNearHaradRecipes,umbar,brick3/8,lotr:near_harad_carved_brick,present,
createCommonNearHaradRecipes,gulf,brick3/8,lotr:near_harad_carved_brick,present,
createCommonNearHaradRecipes,near_harad,slabSingle7/1,lotr:near_harad_cracked_brick_slab,present,
createCommonNearHaradRecipes,umbar,slabSingle7/1,lotr:near_harad_cracked_brick_slab,present,
createCommonNearHaradRecipes,gulf,slabSingle7/1,lotr:near_harad_cracked_brick_slab,present,
createCommonNearHaradRecipes,near_harad,stairsNearHaradBrickCracked,lotr:near_harad_cracked_brick_stairs,present,
createCommonNearHaradRecipes,umbar,stairsNearHaradBrickCracked,lotr:near_harad_cracked_brick_stairs,present,
createCommonNearHaradRecipes,gulf,stairsNearHaradBrickCracked,lotr:near_harad_cracked_brick_stairs,present,
createCommonNearHaradRecipes,near_harad,wall3/3,lotr:near_harad_cracked_brick_wall,present,
createCommonNearHaradRecipes,umbar,wall3/3,lotr:near_harad_cracked_brick_wall,present,
createCommonNearHaradRecipes,gulf,wall3/3,lotr:near_harad_cracked_brick_wall,present,
createCommonNearHaradRecipes,near_harad,helmetHaradRobes,lotr:harad_turban,present,
createCommonNearHaradRecipes,umbar,helmetHaradRobes,lotr:harad_turban,present,
createCommonNearHaradRecipes,gulf,helmetHaradRobes,lotr:harad_turban,present,
createCommonNearHaradRecipes,near_harad,bodyHaradRobes,lotr:harad_robe,present,
createCommonNearHaradRecipes,umbar,bodyHaradRobes,lotr:harad_robe,present,
createCommonNearHaradRecipes,gulf,bodyHaradRobes,lotr:harad_robe,present,
createCommonNearHaradRecipes,near_harad,legsHaradRobes,lotr:harad_robe_leggings,present,
createCommonNearHaradRecipes,umbar,legsHaradRobes,lotr:harad_robe_leggings,present,
createCommonNearHaradRecipes,gulf,legsHaradRobes,lotr:harad_robe_leggings,present,
createCommonNearHaradRecipes,near_harad,bootsHaradRobes,lotr:harad_robe_shoes,present,
createCommonNearHaradRecipes,umbar,bootsHaradRobes,lotr:harad_robe_shoes,present,
createCommonNearHaradRecipes,gulf,bootsHaradRobes,lotr:harad_robe_shoes,present,
createCommonNearHaradRecipes,near_harad|umbar|gulf,,,manual,"no result: addRecipeTo(commonNearHaradRecipes, new LOTRRecipeHaradRobesDye())"
createCommonNearHaradRecipes,near_harad|umbar|gulf,,,manual,"no result: addRecipeTo(commonNearHaradRecipes, new LOTRRecipeHaradTurbanOrnament())"
createCommonNearHaradRecipes,near_harad,brick3/13,lotr:near_harad_red_brick,present,
createCommonNearHaradRecipes,umbar,brick3/13,lotr:near_harad_red_brick,present,
createCommonNearHaradRecipes,gulf,brick3/13,lotr:near_harad_red_brick,present,
createCommonNearHaradRecipes,near_harad,slabSingle7/2,lotr:near_harad_red_brick_slab,present,
createCommonNearHaradRecipes,umbar,slabSingle7/2,lotr:near_harad_red_brick_slab,present,
createCommonNearHaradRecipes,gulf,slabSingle7/2,lotr:near_harad_red_brick_slab,present,
createCommonNearHaradRecipes,near_harad,stairsNearHaradBrickRed,lotr:near_harad_red_brick_stairs,present,
createCommonNearHaradRecipes,umbar,stairsNearHaradBrickRed,lotr:near_harad_red_brick_stairs,present,
createCommonNearHaradRecipes,gulf,stairsNearHaradBrickRed,lotr:near_harad_red_brick_stairs,present,
createCommonNearHaradRecipes,near_harad,wall3/4,lotr:near_harad_red_brick_wall,present,
createCommonNearHaradRecipes,umbar,wall3/4,lotr:near_harad_red_brick_wall,present,
createCommonNearHaradRecipes,gulf,wall3/4,lotr:near_harad_red_brick_wall,present,
createCommonNearHaradRecipes,near_harad,brick3/15,lotr:near_harad_red_carved_brick,present,
createCommonNearHaradRecipes,umbar,brick3/15,lotr:near_harad_red_carved_brick,present,
createCommonNearHaradRecipes,gulf,brick3/15,lotr:near_harad_red_carved_brick,present,
createCommonNearHaradRecipes,near_harad,slabSingle7/3,lotr:near_harad_red_cracked_brick_slab,present,
createCommonNearHaradRecipes,umbar,slabSingle7/3,lotr:near_harad_red_cracked_brick_slab,present,
createCommonNearHaradRecipes,gulf,slabSingle7/3,lotr:near_harad_red_cracked_brick_slab,present,
createCommonNearHaradRecipes,near_harad,stairsNearHaradBrickRedCracked,lotr:near_harad_red_cracked_brick_stairs,present,
createCommonNearHaradRecipes,umbar,stairsNearHaradBrickRedCracked,lotr:near_harad_red_cracked_brick_stairs,present,
createCommonNearHaradRecipes,gulf,stairsNearHaradBrickRedCracked,lotr:near_harad_red_cracked_brick_stairs,present,
createCommonNearHaradRecipes,near_harad,wall3/5,lotr:near_harad_red_cracked_brick_wall,present,
createCommonNearHaradRecipes,umbar,wall3/5,lotr:near_harad_red_cracked_brick_wall,present,
createCommonNearHaradRecipes,gulf,wall3/5,lotr:near_harad_red_cracked_brick_wall,present,
createCommonNearHaradRecipes,near_harad,pillar/15,lotr:near_harad_red_pillar,present,
createCommonNearHaradRecipes,umbar,pillar/15,lotr:near_harad_red_pillar,present,
createCommonNearHaradRecipes,gulf,pillar/15,lotr:near_harad_red_pillar,present,
createCommonNearHaradRecipes,near_harad,slabSingle7/4,lotr:near_harad_red_pillar_slab,present,
createCommonNearHaradRecipes,umbar,slabSingle7/4,lotr:near_harad_red_pillar_slab,present,
createCommonNearHaradRecipes,gulf,slabSingle7/4,lotr:near_harad_red_pillar_slab,present,
createCommonNearHaradRecipes,near_harad,brick4/7,lotr:near_harad_lapis_brick,present,
createCommonNearHaradRecipes,umbar,brick4/7,lotr:near_harad_lapis_brick,present,
createCommonNearHaradRecipes,gulf,brick4/7,lotr:near_harad_lapis_brick,present,
createCommonNearHaradRecipes,near_harad,gateNearHarad,lotr:near_harad_gate,present,
createCommonNearHaradRecipes,umbar,gateNearHarad,lotr:near_harad_gate,present,
createCommonNearHaradRecipes,gulf,gateNearHarad,lotr:near_harad_gate,present,
createCommonNearHaradRecipes,near_harad,kebabStand,lotr:kebab_stand,present,
createCommonNearHaradRecipes,umbar,kebabStand,lotr:kebab_stand,present,
createCommonNearHaradRecipes,gulf,kebabStand,lotr:kebab_stand,present,
createCommonNearHaradRecipes,near_harad,shishKebab,lotr:shish_kebab,present,
createCommonNearHaradRecipes,umbar,shishKebab,lotr:shish_kebab,present,
createCommonNearHaradRecipes,gulf,shishKebab,lotr:shish_kebab,present,
createCommonNearHaradRecipes,near_harad,nearHaradBow,lotr:harad_bow,present,
createCommonNearHaradRecipes,umbar,nearHaradBow,lotr:harad_bow,present,
createCommonNearHaradRecipes,gulf,nearHaradBow,lotr:harad_bow,present,
createCommonNearHaradRecipes,near_harad,helmetNomad,lotr:nomad_cap,present,
createCommonNearHaradRecipes,umbar,helmetNomad,lotr:nomad_cap,present,
createCommonNearHaradRecipes,gulf,helmetNomad,lotr:nomad_cap,present,
createCommonNearHaradRecipes,near_harad,bodyNomad,lotr:nomad_tunic,present,
createCommonNearHaradRecipes,umbar,bodyNomad,lotr:nomad_tunic,present,
createCommonNearHaradRecipes,gulf,bodyNomad,lotr:nomad_tunic,present,
createCommonNearHaradRecipes,near_harad,legsNomad,lotr:nomad_leggings,present,
createCommonNearHaradRecipes,umbar,legsNomad,lotr:nomad_leggings,present,
createCommonNearHaradRecipes,gulf,legsNomad,lotr:nomad_leggings,present,
createCommonNearHaradRecipes,near_harad,bootsNomad,lotr:nomad_shoes,present,
createCommonNearHaradRecipes,umbar,bootsNomad,lotr:nomad_shoes,present,
createCommonNearHaradRecipes,gulf,bootsNomad,lotr:nomad_shoes,present,
createCommonNearHaradRecipes,near_harad,swordHarad,lotr:haradric_sword,present,
createCommonNearHaradRecipes,umbar,swordHarad,lotr:haradric_sword,present,
createCommonNearHaradRecipes,gulf,swordHarad,lotr:haradric_sword,present,
createCommonNearHaradRecipes,near_harad,daggerHarad,lotr:haradric_dagger,present,
createCommonNearHaradRecipes,umbar,daggerHarad,lotr:haradric_dagger,present,
createCommonNearHaradRecipes,gulf,daggerHarad,lotr:haradric_dagger,present,
createCommonNearHaradRecipes,near_harad,spearHarad,lotr:haradric_spear,present,
createCommonNearHaradRecipes,umbar,spearHarad,lotr:haradric_spear,present,
createCommonNearHaradRecipes,gulf,spearHarad,lotr:haradric_spear,present,
createCommonNearHaradRecipes,near_harad,pikeHarad,lotr:haradric_pike,present,
createCommonNearHaradRecipes,umbar,pikeHarad,lotr:haradric_pike,present,
createCommonNearHaradRecipes,gulf,pikeHarad,lotr:haradric_pike,present,
createCommonNumenoreanRecipes,gondorian,brick2/11,lotr:numenorean_brick,present,
createCommonNumenoreanRecipes,dol_amroth,brick2/11,lotr:numenorean_brick,present,
createCommonNumenoreanRecipes,umbar,brick2/11,lotr:numenorean_brick,present,
createCommonNumenoreanRecipes,gondorian,slabSingle5/3,lotr:numenorean_brick_slab,present,
createCommonNumenoreanRecipes,dol_amroth,slabSingle5/3,lotr:numenorean_brick_slab,present,
createCommonNumenoreanRecipes,umbar,slabSingle5/3,lotr:numenorean_brick_slab,present,
createCommonNumenoreanRecipes,gondorian,stairsBlackGondorBrick,lotr:numenorean_brick_stairs,present,
createCommonNumenoreanRecipes,dol_amroth,stairsBlackGondorBrick,lotr:numenorean_brick_stairs,present,
createCommonNumenoreanRecipes,umbar,stairsBlackGondorBrick,lotr:numenorean_brick_stairs,present,
createCommonNumenoreanRecipes,gondorian,wall2/10,lotr:numenorean_brick_wall,present,
createCommonNumenoreanRecipes,dol_amroth,wall2/10,lotr:numenorean_brick_wall,present,
createCommonNumenoreanRecipes,umbar,wall2/10,lotr:numenorean_brick_wall,present,
createCommonNumenoreanRecipes,gondorian,pillar/9,lotr:numenorean_pillar,present,
createCommonNumenoreanRecipes,dol_amroth,pillar/9,lotr:numenorean_pillar,present,
createCommonNumenoreanRecipes,umbar,pillar/9,lotr:numenorean_pillar,present,
createCommonNumenoreanRecipes,gondorian,slabSingle5/4,lotr:numenorean_pillar_slab,present,
createCommonNumenoreanRecipes,dol_amroth,slabSingle5/4,lotr:numenorean_pillar_slab,present,
createCommonNumenoreanRecipes,umbar,slabSingle5/4,lotr:numenorean_pillar_slab,present,
createCommonOrcRecipes,morgul,orcBedItem,lotr:orc_bed,present,
createCommonOrcRecipes,uruk,orcBedItem,lotr:orc_bed,present,
createCommonOrcRecipes,angmar,orcBedItem,lotr:orc_bed,present,
createCommonOrcRecipes,dol_guldur,orcBedItem,lotr:orc_bed,present,
createCommonOrcRecipes,gundabad,orcBedItem,lotr:orc_bed,present,
createCommonOrcRecipes,half_troll,orcBedItem,lotr:orc_bed,present,
createCommonOrcRecipes,morgul,maggotyBread,lotr:maggoty_bread,present,
createCommonOrcRecipes,uruk,maggotyBread,lotr:maggoty_bread,present,
createCommonOrcRecipes,angmar,maggotyBread,lotr:maggoty_bread,present,
createCommonOrcRecipes,dol_guldur,maggotyBread,lotr:maggoty_bread,present,
createCommonOrcRecipes,gundabad,maggotyBread,lotr:maggoty_bread,present,
createCommonOrcRecipes,half_troll,maggotyBread,lotr:maggoty_bread,present,
createCommonOrcRecipes,morgul,orcBomb/8,lotr:orc_fire_bomb,present,
createCommonOrcRecipes,uruk,orcBomb/8,lotr:orc_fire_bomb,present,
createCommonOrcRecipes,angmar,orcBomb/8,lotr:orc_fire_bomb,present,
createCommonOrcRecipes,dol_guldur,orcBomb/8,lotr:orc_fire_bomb,present,
createCommonOrcRecipes,gundabad,orcBomb/8,lotr:orc_fire_bomb,present,
createCommonOrcRecipes,half_troll,orcBomb/8,lotr:orc_fire_bomb,present,
createCommonOrcRecipes,morgul,orcBomb/9,lotr:double_strength_orc_fire_bomb,present,
createCommonOrcRecipes,uruk,orcBomb/9,lotr:double_strength_orc_fire_bomb,present,
createCommonOrcRecipes,angmar,orcBomb/9,lotr:double_strength_orc_fire_bomb,present,
createCommonOrcRecipes,dol_guldur,orcBomb/9,lotr:double_strength_orc_fire_bomb,present,
createCommonOrcRecipes,gundabad,orcBomb/9,lotr:double_strength_orc_fire_bomb,present,
createCommonOrcRecipes,half_troll,orcBomb/9,lotr:double_strength_orc_fire_bomb,present,
createCommonOrcRecipes,morgul,orcBomb/10,lotr:triple_strength_orc_fire_bomb,present,
createCommonOrcRecipes,uruk,orcBomb/10,lotr:triple_strength_orc_fire_bomb,present,
createCommonOrcRecipes,angmar,orcBomb/10,lotr:triple_strength_orc_fire_bomb,present,
createCommonOrcRecipes,dol_guldur,orcBomb/10,lotr:triple_strength_orc_fire_bomb,present,
createCommonOrcRecipes,gundabad,orcBomb/10,lotr:triple_strength_orc_fire_bomb,present,
createCommonOrcRecipes,half_troll,orcBomb/10,lotr:triple_strength_orc_fire_bomb,present,
createCommonOrcRecipes,morgul,orcSkullStaff,lotr:orc_skull_staff,present,
createCommonOrcRecipes,uruk,orcSkullStaff,lotr:orc_skull_staff,present,
createCommonOrcRecipes,angmar,orcSkullStaff,lotr:orc_skull_staff,present,
createCommonOrcRecipes,dol_guldur,orcSkullStaff,lotr:orc_skull_staff,present,
createCommonOrcRecipes,gundabad,orcSkullStaff,lotr:orc_skull_staff,present,
createCommonOrcRecipes,half_troll,orcSkullStaff,lotr:orc_skull_staff,present,
createCommonOrcRecipes,morgul,orcChain,lotr:orc_chain,present,
createCommonOrcRecipes,uruk,orcChain,lotr:orc_chain,present,
createCommonOrcRecipes,angmar,orcChain,lotr:orc_chain,present,
createCommonOrcRecipes,dol_guldur,orcChain,lotr:orc_chain,present,
createCommonOrcRecipes,gundabad,orcChain,lotr:orc_chain,present,
createCommonOrcRecipes,half_troll,orcChain,lotr:orc_chain,present,
createCommonOrcRecipes,morgul,orcPlating/0,lotr:orc_plating_iron,present,
createCommonOrcRecipes,uruk,orcPlating/0,lotr:orc_plating_iron,present,
createCommonOrcRecipes,angmar,orcPlating/0,lotr:orc_plating_iron,present,
createCommonOrcRecipes,dol_guldur,orcPlating/0,lotr:orc_plating_iron,present,
createCommonOrcRecipes,gundabad,orcPlating/0,lotr:orc_plating_iron,present,
createCommonOrcRecipes,half_troll,orcPlating/0,lotr:orc_plating_iron,present,
createCommonOrcRecipes,morgul,orcPlating/1,lotr:orc_plating_rust,present,
createCommonOrcRecipes,uruk,orcPlating/1,lotr:orc_plating_rust,present,
createCommonOrcRecipes,angmar,orcPlating/1,lotr:orc_plating_rust,present,
createCommonOrcRecipes,dol_guldur,orcPlating/1,lotr:orc_plating_rust,present,
createCommonOrcRecipes,gundabad,orcPlating/1,lotr:orc_plating_rust,present,
createCommonOrcRecipes,half_troll,orcPlating/1,lotr:orc_plating_rust,present,
createDaleRecipes,dale,daleTable,lotr:dale_crafting_table,present,
createDaleRecipes,dale,banner/dale,lotr:dale_banner,present,
createDaleRecipes,dale,brick5/1,lotr:dale_brick,present,
createDaleRecipes,dale,slabSingle9/6,lotr:dale_brick_slab,present,
createDaleRecipes,dale,stairsDaleBrick,lotr:dale_brick_stairs,present,
createDaleRecipes,dale,wall3/9,lotr:dale_brick_wall,present,
createDaleRecipes,dale,dalishPastryItem,lotr:dalish_pastry,present,
createDaleRecipes,dale,cram,lotr:cram,present,
createDaleRecipes,dale,swordDale,lotr:dale_sword,present,
createDaleRecipes,dale,daggerDale,lotr:dale_dagger,present,
createDaleRecipes,dale,spearDale,lotr:dale_spear,present,
createDaleRecipes,dale,battleaxeDale,lotr:dale_battleaxe,present,
createDaleRecipes,dale,helmetDale,lotr:dale_helmet,present,
createDaleRecipes,dale,bodyDale,lotr:dale_chestplate,present,
createDaleRecipes,dale,legsDale,lotr:dale_leggings,present,
createDaleRecipes,dale,bootsDale,lotr:dale_boots,present,
createDaleRecipes,dale,daleBow,lotr:dale_bow,present,
createDaleRecipes,dale,pillar2/5,lotr:dale_pillar,present,
createDaleRecipes,dale,slabSingle10/0,lotr:dale_pillar_slab,present,
createDaleRecipes,dale,horseArmorDale,lotr:dale_horse_armor,present,
createDaleRecipes,dale,pikeDale,lotr:dale_pitchfork,present,
createDaleRecipes,dale,bodyDaleGambeson,lotr:dale_gambeson,present,
createDaleRecipes,dale,daleCracker/0,lotr:red_dalish_cracker,present,
createDaleRecipes,dale,daleCracker/1,lotr:blue_dalish_cracker,present,
createDaleRecipes,dale,daleCracker/2,lotr:green_dalish_cracker,present,
createDaleRecipes,dale,daleCracker/3,lotr:silver_dalish_cracker,present,
createDaleRecipes,dale,daleCracker/4,lotr:gold_dalish_cracker,present,
createDaleRecipes,dale,banner/esgaroth,lotr:esgaroth_banner,present,
createDaleRecipes,dale,brick6/3,lotr:dale_mossy_brick,present,
createDaleRecipes,dale,slabSingle13/0,lotr:dale_mossy_brick_slab,present,
createDaleRecipes,dale,stairsDaleBrickMossy,lotr:dale_mossy_brick_stairs,present,
createDaleRecipes,dale,wall4/14,lotr:dale_mossy_brick_wall,present,
createDaleRecipes,dale,slabSingle13/1,lotr:dale_cracked_brick_slab,present,
createDaleRecipes,dale,stairsDaleBrickCracked,lotr:dale_cracked_brick_stairs,present,
createDaleRecipes,dale,wall4/15,lotr:dale_cracked_brick_wall,present,
createDaleRecipes,dale,brick6/5,lotr:dale_carved_brick,present,
createDolAmrothRecipes,dol_amroth,dolAmrothTable,lotr:dol_amroth_crafting_table,present,
createDolAmrothRecipes,dol_amroth,banner/dolAmroth,lotr:dol_amroth_banner,present,
createDolAmrothRecipes,dol_amroth,helmetDolAmroth,lotr:dol_amroth_helmet,present,
createDolAmrothRecipes,dol_amroth,bodyDolAmroth,lotr:dol_amroth_chestplate,present,
createDolAmrothRecipes,dol_amroth,legsDolAmroth,lotr:dol_amroth_leggings,present,
createDolAmrothRecipes,dol_amroth,bootsDolAmroth,lotr:dol_amroth_boots,present,
createDolAmrothRecipes,dol_amroth,swordDolAmroth,lotr:dol_amroth_sword,present,
createDolAmrothRecipes,dol_amroth,horseArmorDolAmroth,lotr:dol_amroth_horse_armor,present,
createDolAmrothRecipes,dol_amroth,brick3/9,lotr:dol_amroth_brick,present,
createDolAmrothRecipes,dol_amroth,slabSingle6/7,lotr:dol_amroth_brick_slab,present,
createDolAmrothRecipes,dol_amroth,stairsDolAmrothBrick,lotr:dol_amroth_brick_stairs,present,
createDolAmrothRecipes,dol_amroth,wall2/14,lotr:dol_amroth_brick_wall,present,
createDolAmrothRecipes,dol_amroth,lanceDolAmroth,lotr:dol_amroth_lance,present,
createDolAmrothRecipes,dol_amroth,daggerDolAmroth,lotr:dol_amroth_dagger,present,
createDolAmrothRecipes,dol_amroth,gateDolAmroth,lotr:dol_amroth_gate,present,
createDolAmrothRecipes,dol_amroth,longspearDolAmroth,lotr:dol_amroth_longspear,present,
createDolAmrothRecipes,dol_amroth,bodyDolAmrothGambeson,lotr:dol_amroth_gambeson,present,
createDolAmrothRecipes,dol_amroth,legsDolAmrothGambeson,lotr:dol_amroth_chaps,present,
createDolAmrothRecipes,dol_amroth,gondorBow,lotr:gondor_bow,present,
createDolAmrothRecipes,dol_amroth,brick4/6,lotr:carved_black_gondor_brick,missing,
createDolGuldurRecipes,dol_guldur,brick2/8,lotr:dol_guldur_brick,present,
createDolGuldurRecipes,dol_guldur,dolGuldurTable,lotr:dol_guldur_crafting_table,present,
createDolGuldurRecipes,dol_guldur,slabSingle4/5,lotr:dol_guldur_brick_slab,present,
createDolGuldurRecipes,dol_guldur,stairsDolGuldurBrick,lotr:dol_guldur_brick_stairs,present,
createDolGuldurRecipes,dol_guldur,wall2/8,lotr:dol_guldur_brick_wall,present,
createDolGuldurRecipes,dol_guldur,orcTorchItem,lotr:orc_torch,present,
createDolGuldurRecipes,dol_guldur,slabSingle4/6,lotr:cracked_dol_guldur_brick_slab,present,
createDolGuldurRecipes,dol_guldur,stairsDolGuldurBrickCracked,lotr:cracked_dol_guldur_brick_stairs,present,
createDolGuldurRecipes,dol_guldur,wall2/9,lotr:cracked_dol_guldur_brick_wall,present,
createDolGuldurRecipes,dol_guldur,orcForge,lotr:orc_forge,present,
createDolGuldurRecipes,dol_guldur,banner/dolGuldur,lotr:dol_guldur_banner,present,
createDolGuldurRecipes,dol_guldur,swordDolGuldur,lotr:dol_guldur_sword,present,
createDolGuldurRecipes,dol_guldur,battleaxeDolGuldur,lotr:dol_guldur_battleaxe,present,
createDolGuldurRecipes,dol_guldur,daggerDolGuldur,lotr:dol_guldur_dagger,present,
createDolGuldurRecipes,dol_guldur,helmetDolGuldur,lotr:dol_guldur_helmet,present,
createDolGuldurRecipes,dol_guldur,bodyDolGuldur,lotr:dol_guldur_chestplate,present,
createDolGuldurRecipes,dol_guldur,legsDolGuldur,lotr:dol_guldur_leggings,present,
createDolGuldurRecipes,dol_guldur,bootsDolGuldur,lotr:dol_guldur_boots,present,
createDolGuldurRecipes,dol_guldur,spearDolGuldur,lotr:dol_guldur_spear,present,
createDolGuldurRecipes,dol_guldur,shovelDolGuldur,lotr:dol_guldur_shovel,present,
createDolGuldurRecipes,dol_guldur,pickaxeDolGuldur,lotr:dol_guldur_pickaxe,present,
createDolGuldurRecipes,dol_guldur,axeDolGuldur,lotr:dol_guldur_axe,present,
createDolGuldurRecipes,dol_guldur,hoeDolGuldur,lotr:dol_guldur_hoe,present,
createDolGuldurRecipes,dol_guldur,hammerDolGuldur,lotr:dol_guldur_warhammer,present,
createDolGuldurRecipes,dol_guldur,pikeDolGuldur,lotr:dol_guldur_spike,present,
createDolGuldurRecipes,dol_guldur,brick6/11,lotr:mossy_dol_guldur_brick,present,
createDolGuldurRecipes,dol_guldur,brick6/12,lotr:carved_dol_guldur_brick,present,
createDolGuldurRecipes,dol_guldur,slabSingle14/1,lotr:mossy_dol_guldur_brick_slab,present,
createDolGuldurRecipes,dol_guldur,stairsDolGuldurBrickMossy,lotr:mossy_dol_guldur_brick_stairs,present,
createDolGuldurRecipes,dol_guldur,wall5/3,lotr:mossy_dol_guldur_brick_wall,present,
createDolGuldurRecipes,dol_guldur,pillar3/0,lotr:dol_guldur_pillar,present,
createDolGuldurRecipes,dol_guldur,slabSingle14/4,lotr:dol_guldur_pillar_slab,present,
createDorwinionRecipes,dorwinion,dorwinionTable,lotr:dorwinion_crafting_table,present,
createDorwinionRecipes,dorwinion,banner/dorwinion,lotr:dorwinion_banner,present,
createDorwinionRecipes,dorwinion,brick5/2,lotr:dorwinion_brick,present,
createDorwinionRecipes,dorwinion,slabSingle9/7,lotr:dorwinion_brick_slab,present,
createDorwinionRecipes,dorwinion,stairsDorwinionBrick,lotr:dorwinion_brick_stairs,present,
createDorwinionRecipes,dorwinion,wall3/10,lotr:dorwinion_brick_wall,present,
createDorwinionRecipes,dorwinion,helmetDorwinion,lotr:dorwinion_helmet,present,
createDorwinionRecipes,dorwinion,bodyDorwinion,lotr:dorwinion_chestplate,present,
createDorwinionRecipes,dorwinion,legsDorwinion,lotr:dorwinion_leggings,present,
createDorwinionRecipes,dorwinion,bootsDorwinion,lotr:dorwinion_boots,present,
createDorwinionRecipes,dorwinion,helmetDorwinionElf,lotr:dorwinion_elven_helmet,present,
createDorwinionRecipes,dorwinion,bodyDorwinionElf,lotr:dorwinion_elven_chestplate,present,
createDorwinionRecipes,dorwinion,legsDorwinionElf,lotr:dorwinion_elven_leggings,present,
createDorwinionRecipes,dorwinion,bootsDorwinionElf,lotr:dorwinion_elven_boots,present,
createDorwinionRecipes,dorwinion,spearBladorthin,lotr:bladorthin_spear,present,
createDorwinionRecipes,dorwinion,swordDorwinionElf,lotr:dorwinion_elven_sword,present,
createDorwinionRecipes,dorwinion,daggerDorwinionElf,lotr:dorwinion_elven_dagger,present,
createDorwinionRecipes,dorwinion,elvenForge,lotr:elven_forge,present,
createDorwinionRecipes,dorwinion,brick5/4,lotr:mossy_dorwinion_brick,present,
createDorwinionRecipes,dorwinion,slabSingle10/1,lotr:mossy_dorwinion_brick_slab,present,
createDorwinionRecipes,dorwinion,stairsDorwinionBrickMossy,lotr:mossy_dorwinion_brick_stairs,present,
createDorwinionRecipes,dorwinion,wall3/11,lotr:mossy_dorwinion_brick_wall,present,
createDorwinionRecipes,dorwinion,slabSingle10/2,lotr:cracked_dorwinion_brick_slab,present,
createDorwinionRecipes,dorwinion,stairsDorwinionBrickCracked,lotr:cracked_dorwinion_brick_stairs,present,
createDorwinionRecipes,dorwinion,wall3/12,lotr:cracked_dorwinion_brick_wall,present,
createDorwinionRecipes,dorwinion,brick5/7,lotr:dorwinion_flowers_brick,present,
createDorwinionRecipes,dorwinion,slabSingle10/3,lotr:dorwinion_flowers_brick_slab,present,
createDorwinionRecipes,dorwinion,stairsDorwinionBrickFlowers,lotr:dorwinion_flowers_brick_stairs,present,
createDorwinionRecipes,dorwinion,wall3/13,lotr:dorwinion_flowers_brick_wall,present,
createDorwinionRecipes,dorwinion,brick5/6,lotr:carved_dorwinion_brick,present,
createDorwinionRecipes,dorwinion,pillar2/6,lotr:dorwinion_pillar,present,
createDorwinionRecipes,dorwinion,slabSingle10/4,lotr:dorwinion_pillar_slab,present,
createDorwinionRecipes,dorwinion,pillar2/7,lotr:mossy_dorwinion_pillar,present,
createDorwinionRecipes,dorwinion,slabSingle10/5,lotr:mossy_dorwinion_pillar_slab,present,
createDorwinionRecipes,dorwinion,dorwinionElfBow,lotr:dorwinion_elven_bow,present,
createDunlendingRecipes,dunlending,dunlendingTable,lotr:dunlending_crafting_table,present,
createDunlendingRecipes,dunlending,helmetDunlending,lotr:dunlending_helmet,present,
createDunlendingRecipes,dunlending,bodyDunlending,lotr:dunlending_chestplate,present,
createDunlendingRecipes,dunlending,legsDunlending,lotr:dunlending_leggings,present,
createDunlendingRecipes,dunlending,bootsDunlending,lotr:dunlending_boots,present,
createDunlendingRecipes,dunlending,dunlendingClub,lotr:dunlending_club,present,
createDunlendingRecipes,dunlending,dunlendingTrident,lotr:dunlending_trident,present,
createDunlendingRecipes,dunlending,banner/dunland,lotr:dunland_banner,present,
createDwarvenRecipes,dwarven,dwarvenTable,lotr:dwarven_crafting_table,present,
createDwarvenRecipes,dwarven,shovelDwarven,lotr:dwarven_shovel,present,
createDwarvenRecipes,dwarven,pickaxeDwarven,lotr:dwarven_pickaxe,present,
createDwarvenRecipes,dwarven,axeDwarven,lotr:dwarven_axe,present,
createDwarvenRecipes,dwarven,swordDwarven,lotr:dwarven_sword,present,
createDwarvenRecipes,dwarven,hoeDwarven,lotr:dwarven_hoe,present,
createDwarvenRecipes,dwarven,daggerDwarven,lotr:dwarven_dagger,present,
createDwarvenRecipes,dwarven,battleaxeDwarven,lotr:dwarven_battleaxe,present,
createDwarvenRecipes,dwarven,hammerDwarven,lotr:dwarven_warhammer,present,
createDwarvenRecipes,dwarven,helmetDwarven,lotr:dwarven_helmet,present,
createDwarvenRecipes,dwarven,bodyDwarven,lotr:dwarven_chestplate,present,
createDwarvenRecipes,dwarven,legsDwarven,lotr:dwarven_leggings,present,
createDwarvenRecipes,dwarven,bootsDwarven,lotr:dwarven_boots,present,
createDwarvenRecipes,dwarven,throwingAxeDwarven,lotr:dwarven_throwing_axe,present,
createDwarvenRecipes,dwarven,chandelier/8,lotr:dwarven_chandelier,present,
createDwarvenRecipes,dwarven,mattockDwarven,lotr:dwarven_mattock,present,
createDwarvenRecipes,dwarven,banner/durin,lotr:durin_banner,present,
createDwarvenRecipes,dwarven,spearDwarven,lotr:dwarven_spear,present,
createDwarvenRecipes,dwarven,helmetDwarvenSilver,lotr:silver_trimmed_dwarven_helmet,present,
createDwarvenRecipes,dwarven,bodyDwarvenSilver,lotr:silver_trimmed_dwarven_chestplate,present,
createDwarvenRecipes,dwarven,legsDwarvenSilver,lotr:silver_trimmed_dwarven_leggings,present,
createDwarvenRecipes,dwarven,bootsDwarvenSilver,lotr:silver_trimmed_dwarven_boots,present,
createDwarvenRecipes,dwarven,helmetDwarvenGold,lotr:gold_trimmed_dwarven_helmet,present,
createDwarvenRecipes,dwarven,bodyDwarvenGold,lotr:gold_trimmed_dwarven_chestplate,present,
createDwarvenRecipes,dwarven,legsDwarvenGold,lotr:gold_trimmed_dwarven_leggings,present,
createDwarvenRecipes,dwarven,bootsDwarvenGold,lotr:gold_trimmed_dwarven_boots,present,
createDwarvenRecipes,dwarven,helmetDwarvenMithril,lotr:mithril_trimmed_dwarven_helmet,present,
createDwarvenRecipes,dwarven,bodyDwarvenMithril,lotr:mithril_trimmed_dwarven_chestplate,present,
createDwarvenRecipes,dwarven,legsDwarvenMithril,lotr:mithril_trimmed_dwarven_leggings,present,
createDwarvenRecipes,dwarven,bootsDwarvenMithril,lotr:mithril_trimmed_dwarven_boots,present,
createDwarvenRecipes,dwarven,dwarfBars,lotr:dwarf_bars,present,
createDwarvenRecipes,dwarven,boarArmorDwarven,lotr:dwarven_boar_armor,present,
createDwarvenRecipes,dwarven,pikeDwarven,lotr:dwarven_pike,present,
createDwarvenRecipes,dwarven,gateDwarven,lotr:dwarven_gate,present,
createDwarvenRecipes,dwarven,mechanism,lotr:mechanism,present,
createElvenRecipes,elven,planks/1,lotr:mallorn_planks,present,
createElvenRecipes,elven,woodSlabSingle/1,lotr:mallorn_slab,present,
createElvenRecipes,elven,stairsMallorn,lotr:mallorn_stairs,present,
createElvenRecipes,elven,elvenTable,lotr:elven_crafting_table,present,
createElvenRecipes,elven,mallornStick,lotr:mallorn_stick,present,
createElvenRecipes,elven,shovelMallorn,lotr:mallorn_shovel,present,
createElvenRecipes,elven,pickaxeMallorn,lotr:mallorn_pickaxe,present,
createElvenRecipes,elven,axeMallorn,lotr:mallorn_axe,present,
createElvenRecipes,elven,swordMallorn,lotr:mallorn_sword,present,
createElvenRecipes,elven,hoeMallorn,lotr:mallorn_hoe,present,
createElvenRecipes,elven,shovelElven,lotr:galadhrim_shovel,present,
createElvenRecipes,elven,pickaxeElven,lotr:galadhrim_pickaxe,present,
createElvenRecipes,elven,axeElven,lotr:galadhrim_axe,present,
createElvenRecipes,elven,swordElven,lotr:galadhrim_sword,present,
createElvenRecipes,elven,hoeElven,lotr:galadhrim_hoe,present,
createElvenRecipes,elven,spearElven,lotr:galadhrim_spear,present,
createElvenRecipes,elven,mallornBow,lotr:mallorn_bow,present,
createElvenRecipes,elven,helmetElven,lotr:galadhrim_helmet,present,
createElvenRecipes,elven,bodyElven,lotr:galadhrim_chestplate,present,
createElvenRecipes,elven,legsElven,lotr:galadhrim_leggings,present,
createElvenRecipes,elven,bootsElven,lotr:galadhrim_boots,present,
createElvenRecipes,elven,mallornLadder,lotr:mallorn_ladder,present,
createElvenRecipes,elven,elvenBow,lotr:galadhrim_bow,present,
createElvenRecipes,elven,daggerElven,lotr:galadhrim_dagger,present,
createElvenRecipes,elven,elvenBedItem,lotr:galadhrim_bed,present,
createElvenRecipes,elven,fence/1,lotr:mallorn_fence,present,
createElvenRecipes,elven,banner/lothlorien,lotr:lothlorien_banner,present,
createElvenRecipes,elven,horseArmorGaladhrim,lotr:galadhrim_horse_armor,present,
createElvenRecipes,elven,brick/11,lotr:galadhrim_brick,present,
createElvenRecipes,elven,brick/12,lotr:mossy_galadhrim_brick,present,
createElvenRecipes,elven,slabSingle2/3,lotr:galadhrim_brick_slab,present,
createElvenRecipes,elven,slabSingle2/4,lotr:mossy_galadhrim_brick_slab,present,
createElvenRecipes,elven,slabSingle2/5,lotr:cracked_galadhrim_brick_slab,present,
createElvenRecipes,elven,stairsElvenBrick,lotr:galadhrim_brick_stairs,present,
createElvenRecipes,elven,stairsElvenBrickMossy,lotr:mossy_galadhrim_brick_stairs,present,
createElvenRecipes,elven,stairsElvenBrickCracked,lotr:cracked_galadhrim_brick_stairs,present,
createElvenRecipes,elven,wall/10,lotr:galadhrim_brick_wall,present,
createElvenRecipes,elven,wall/11,lotr:mossy_galadhrim_brick_wall,present,
createElvenRecipes,elven,wall/12,lotr:cracked_galadhrim_brick_wall,present,
createElvenRecipes,elven,pillar/1,lotr:galadhrim_pillar,present,
createElvenRecipes,elven,slabSingle2/6,lotr:galadhrim_pillar_slab,present,
createElvenRecipes,elven,slabSingle2/7,lotr:cracked_galadhrim_pillar_slab,present,
createElvenRecipes,elven,brick2/15,lotr:carved_galadhrim_brick,present,
createElvenRecipes,elven,elvenForge,lotr:elven_forge,present,
createElvenRecipes,elven,galadhrimBars,lotr:galadhrim_bars,present,
createElvenRecipes,elven,galadhrimWoodBars,lotr:galadhrim_wood_bars,present,
createElvenRecipes,elven,polearmElven,lotr:galadhrim_battlestaff,present,
createElvenRecipes,elven,hithlain,lotr:hithlain,present,
createElvenRecipes,elven,helmetHithlain,lotr:galadhrim_cloak_hood,present,
createElvenRecipes,elven,bodyHithlain,lotr:galadhrim_cloak_tunic,present,
createElvenRecipes,elven,legsHithlain,lotr:galadhrim_cloak_leggings,present,
createElvenRecipes,elven,bootsHithlain,lotr:galadhrim_cloak_boots,present,
createElvenRecipes,elven,hithlainLadder,lotr:hithlain_ladder,present,
createElvenRecipes,elven,woodBeam1/1,lotr:mallorn_beam,present,
createElvenRecipes,elven,brick4/9,lotr:galadhrim_silver_brick,present,
createElvenRecipes,elven,brick4/12,lotr:galadhrim_gold_brick,present,
createElvenRecipes,elven,gateElven,lotr:elven_gate,present,
createElvenRecipes,elven,longspearElven,lotr:galadhrim_longspear,present,
createElvenRecipes,elven,chestMallorn,lotr:mallorn_box,present,
createElvenRecipes,elven,mallornTorchSilver,lotr:mallorn_torch,present,
createElvenRecipes,elven,mallornTorchSilver,lotr:mallorn_torch,present,
createElvenRecipes,elven,chandelier/5,lotr:silver_mallorn_chandelier,present,
createElvenRecipes,elven,mallornTorchBlue,lotr:blue_mallorn_torch,present,
createElvenRecipes,elven,mallornTorchBlue,lotr:blue_mallorn_torch,present,
createElvenRecipes,elven,chandelier/13,lotr:blue_mallorn_chandelier,present,
createElvenRecipes,elven,mallornTorchGold,lotr:mallorn_gold_torch,present,
createElvenRecipes,elven,mallornTorchGold,lotr:mallorn_gold_torch,present,
createElvenRecipes,elven,chandelier/14,lotr:mallorn_gold_chandelier,present,
createElvenRecipes,elven,mallornTorchGreen,lotr:green_mallorn_torch,present,
createElvenRecipes,elven,mallornTorchGreen,lotr:green_mallorn_torch,present,
createElvenRecipes,elven,chandelier/15,lotr:green_mallorn_chandelier,present,
createElvenRecipes,elven,fenceGateMallorn,lotr:mallorn_fence_gate,present,
createElvenRecipes,elven,doorMallorn,lotr:mallorn_door,present,
createElvenRecipes,elven,trapdoorMallorn,lotr:mallorn_trapdoor,present,
createGondorianRecipes,gondorian,gondorianTable,lotr:gondorian_crafting_table,present,
createGondorianRecipes,gondorian,beacon,lotr:beacon_of_gondor,present,
createGondorianRecipes,gondorian,slabSingle11/3,lotr:gondor_rock_slab,present,
createGondorianRecipes,gondorian,smoothStone/1,lotr:smooth_gondor_rock,present,
createGondorianRecipes,gondorian,slabSingle/2,lotr:smooth_gondor_rock_slab,present,
createGondorianRecipes,gondorian,brick/1,lotr:gondor_brick,present,
createGondorianRecipes,gondorian,slabSingle/3,lotr:gondor_brick_slab,present,
createGondorianRecipes,gondorian,stairsGondorBrick,lotr:gondor_brick_stairs,present,
createGondorianRecipes,gondorian,wall/2,lotr:gondor_rock_wall,present,
createGondorianRecipes,gondorian,wall/3,lotr:gondor_brick_wall,present,
createGondorianRecipes,gondorian,brick/2,lotr:mossy_gondor_brick,present,
createGondorianRecipes,gondorian,slabSingle/4,lotr:mossy_gondor_brick_slab,present,
createGondorianRecipes,gondorian,stairsGondorBrickMossy,lotr:mossy_gondor_brick_stairs,present,
createGondorianRecipes,gondorian,wall/4,lotr:mossy_gondor_brick_wall,present,
createGondorianRecipes,gondorian,slabSingle/5,lotr:cracked_gondor_brick_slab,present,
createGondorianRecipes,gondorian,stairsGondorBrickCracked,lotr:cracked_gondor_brick_stairs,present,
createGondorianRecipes,gondorian,wall/5,lotr:cracked_gondor_brick_wall,present,
createGondorianRecipes,gondorian,brick/5,lotr:carved_gondor_brick,present,
createGondorianRecipes,gondorian,helmetGondor,lotr:gondor_helmet,present,
createGondorianRecipes,gondorian,bodyGondor,lotr:gondor_chestplate,present,
createGondorianRecipes,gondorian,legsGondor,lotr:gondor_leggings,present,
createGondorianRecipes,gondorian,bootsGondor,lotr:gondor_boots,present,
createGondorianRecipes,gondorian,swordGondor,lotr:gondor_sword,present,
createGondorianRecipes,gondorian,spearGondor,lotr:gondor_spear,present,
createGondorianRecipes,gondorian,daggerGondor,lotr:gondor_dagger,present,
createGondorianRecipes,gondorian,hammerGondor,lotr:gondor_warhammer,present,
createGondorianRecipes,gondorian,gondorBow,lotr:gondor_bow,present,
createGondorianRecipes,gondorian,helmetGondorWinged,lotr:gondor_winged_helmet,present,
createGondorianRecipes,gondorian,banner/gondor,lotr:gondor_banner,present,
createGondorianRecipes,gondorian,horseArmorGondor,lotr:gondor_horse_armor,present,
createGondorianRecipes,gondorian,pillar/6,lotr:gondor_pillar,present,
createGondorianRecipes,gondorian,slabSingle5/0,lotr:gondor_pillar_slab,present,
createGondorianRecipes,gondorian,lanceGondor,lotr:gondor_lance,present,
createGondorianRecipes,gondorian,stairsGondorRock,lotr:gondor_rock_stairs,present,
createGondorianRecipes,gondorian,gateGondor,lotr:gondor_gate,present,
createGondorianRecipes,gondorian,helmetRangerIthilien,lotr:ithilien_ranger_hood,present,
createGondorianRecipes,gondorian,bodyRangerIthilien,lotr:ithilien_ranger_tunic,present,
createGondorianRecipes,gondorian,legsRangerIthilien,lotr:ithilien_ranger_leggings,present,
createGondorianRecipes,gondorian,bootsRangerIthilien,lotr:ithilien_ranger_boots,present,
createGondorianRecipes,gondorian,banner/anorien,lotr:anorien_banner,present,
createGondorianRecipes,gondorian,banner/ithilien,lotr:ithilien_banner,present,
createGondorianRecipes,gondorian,banner/lossarnach,lotr:lossarnach_banner,present,
createGondorianRecipes,gondorian,banner/pinnathGelin,lotr:pinnath_gelin_banner,present,
createGondorianRecipes,gondorian,banner/lebennin,lotr:lebennin_banner,present,
createGondorianRecipes,gondorian,banner/pelargir,lotr:pelargir_banner,present,
createGondorianRecipes,gondorian,banner/blackrootVale,lotr:blackroot_vale_banner,present,
createGondorianRecipes,gondorian,banner/lamedon,lotr:lamedon_banner,present,
createGondorianRecipes,gondorian,helmetLossarnach,lotr:lossarnach_helmet,present,
createGondorianRecipes,gondorian,bodyLossarnach,lotr:lossarnach_chestplate,present,
createGondorianRecipes,gondorian,legsLossarnach,lotr:lossarnach_leggings,present,
createGondorianRecipes,gondorian,bootsLossarnach,lotr:lossarnach_boots,present,
createGondorianRecipes,gondorian,helmetPinnathGelin,lotr:pinnath_gelin_helmet,present,
createGondorianRecipes,gondorian,bodyPinnathGelin,lotr:pinnath_gelin_chestplate,present,
createGondorianRecipes,gondorian,legsPinnathGelin,lotr:pinnath_gelin_leggings,present,
createGondorianRecipes,gondorian,bootsPinnathGelin,lotr:pinnath_gelin_boots,present,
createGondorianRecipes,gondorian,battleaxeLossarnach,lotr:lossarnach_battleaxe,present,
createGondorianRecipes,gondorian,throwingAxeLossarnach,lotr:lossarnach_throwing_axe,present,
createGondorianRecipes,gondorian,helmetPelargir,lotr:pelargir_helmet,present,
createGondorianRecipes,gondorian,bodyPelargir,lotr:pelargir_chestplate,present,
createGondorianRecipes,gondorian,legsPelargir,lotr:pelargir_leggings,present,
createGondorianRecipes,gondorian,bootsPelargir,lotr:pelargir_boots,present,
createGondorianRecipes,gondorian,tridentPelargir,lotr:pelargir_trident,present,
createGondorianRecipes,gondorian,swordPelargir,lotr:pelargir_eket,present,
createGondorianRecipes,gondorian,brick5/8,lotr:gondor_cobblebrick,present,
createGondorianRecipes,gondorian,slabSingle11/0,lotr:gondor_cobblebrick_slab,present,
createGondorianRecipes,gondorian,stairsGondorBrickRustic,lotr:gondor_cobblebrick_stairs,present,
createGondorianRecipes,gondorian,wall4/7,lotr:gondor_cobblebrick_wall,present,
createGondorianRecipes,gondorian,brick5/9,lotr:mossy_gondor_cobblebrick,present,
createGondorianRecipes,gondorian,slabSingle11/1,lotr:mossy_gondor_cobblebrick_slab,present,
createGondorianRecipes,gondorian,stairsGondorBrickRusticMossy,lotr:mossy_gondor_cobblebrick_stairs,present,
createGondorianRecipes,gondorian,wall4/8,lotr:mossy_gondor_cobblebrick_wall,present,
createGondorianRecipes,gondorian,slabSingle11/2,lotr:cracked_gondor_cobblebrick_slab,present,
createGondorianRecipes,gondorian,stairsGondorBrickRusticCracked,lotr:cracked_gondor_cobblebrick_stairs,present,
createGondorianRecipes,gondorian,wall4/9,lotr:cracked_gondor_cobblebrick_wall,present,
createGondorianRecipes,gondorian,banner/gondorSteward,lotr:gondor_steward_banner,present,
createGondorianRecipes,gondorian,helmetBlackroot,lotr:blackroot_vale_helmet,present,
createGondorianRecipes,gondorian,bodyBlackroot,lotr:blackroot_vale_chestplate,present,
createGondorianRecipes,gondorian,legsBlackroot,lotr:blackroot_vale_leggings,present,
createGondorianRecipes,gondorian,bootsBlackroot,lotr:blackroot_vale_boots,present,
createGondorianRecipes,gondorian,blackrootBow,lotr:blackroot_bow,present,
createGondorianRecipes,gondorian,pikeGondor,lotr:gondor_pike,present,
createGondorianRecipes,gondorian,chestLebethron,lotr:lebethron_casket,present,
createGondorianRecipes,gondorian,bodyGondorGambeson,lotr:gondor_gambeson,present,
createGondorianRecipes,gondorian,bodyLebenninGambeson,lotr:lebennin_gambeson,present,
createGondorianRecipes,gondorian,helmetLamedon,lotr:lamedon_helmet,present,
createGondorianRecipes,gondorian,bodyLamedon,lotr:lamedon_chestplate,present,
createGondorianRecipes,gondorian,legsLamedon,lotr:lamedon_leggings,present,
createGondorianRecipes,gondorian,bootsLamedon,lotr:lamedon_boots,present,
createGondorianRecipes,gondorian,horseArmorLamedon,lotr:lamedon_horse_armor,present,
createGondorianRecipes,gondorian,bodyLamedonJacket,lotr:lamedon_jacket,present,
createGondorianRecipes,gondorian,brick4/6,lotr:carved_black_gondor_brick,missing,
createGulfRecipes,gulf,gulfTable,lotr:gulf_crafting_table,present,
createGulfRecipes,gulf,banner/haradGulf,lotr:harad_gulf_banner,present,
createGulfRecipes,gulf,helmetGulfHarad,lotr:gulfen_helmet,present,
createGulfRecipes,gulf,bodyGulfHarad,lotr:gulfen_chestplate,present,
createGulfRecipes,gulf,legsGulfHarad,lotr:gulfen_leggings,present,
createGulfRecipes,gulf,bootsGulfHarad,lotr:gulfen_boots,present,
createGulfRecipes,gulf,swordGulfHarad,lotr:gulfen_khopesh,present,
createGundabadRecipes,gundabad,gundabadTable,lotr:gundabad_crafting_table,present,
createGundabadRecipes,gundabad,orcTorchItem,lotr:orc_torch,present,
createGundabadRecipes,gundabad,orcForge,lotr:orc_forge,present,
createGundabadRecipes,gundabad,banner/gundabad,lotr:gundabad_banner,present,
createGundabadRecipes,gundabad,helmetGundabadUruk,lotr:gundabad_uruk_helmet,present,
createGundabadRecipes,gundabad,bodyGundabadUruk,lotr:gundabad_uruk_chestplate,present,
createGundabadRecipes,gundabad,legsGundabadUruk,lotr:gundabad_uruk_leggings,present,
createGundabadRecipes,gundabad,bootsGundabadUruk,lotr:gundabad_uruk_boots,present,
createGundabadRecipes,gundabad,swordGundabadUruk,lotr:gundabad_uruk_cleaver,present,
createGundabadRecipes,gundabad,battleaxeGundabadUruk,lotr:gundabad_uruk_waraxe,present,
createGundabadRecipes,gundabad,hammerGundabadUruk,lotr:gundabad_uruk_bludgeon,present,
createGundabadRecipes,gundabad,daggerGundabadUruk,lotr:gundabad_uruk_dagger,present,
createGundabadRecipes,gundabad,spearGundabadUruk,lotr:gundabad_uruk_spear,present,
createGundabadRecipes,gundabad,pikeGundabadUruk,lotr:gundabad_uruk_pike,present,
createGundabadRecipes,gundabad,gundabadUrukBow,lotr:gundabad_uruk_bow,present,
createHalfTrollRecipes,half_troll,halfTrollTable,lotr:half_troll_crafting_table,present,
createHalfTrollRecipes,half_troll,banner/halfTroll,lotr:half_troll_banner,present,
createHalfTrollRecipes,half_troll,helmetHalfTroll,lotr:half_troll_helmet,present,
createHalfTrollRecipes,half_troll,bodyHalfTroll,lotr:half_troll_chestplate,present,
createHalfTrollRecipes,half_troll,legsHalfTroll,lotr:half_troll_leggings,present,
createHalfTrollRecipes,half_troll,bootsHalfTroll,lotr:half_troll_boots,present,
createHalfTrollRecipes,half_troll,scimitarHalfTroll,lotr:half_troll_scimitar,present,
createHalfTrollRecipes,half_troll,battleaxeHalfTroll,lotr:half_troll_battleaxe,present,
createHalfTrollRecipes,half_troll,daggerHalfTroll,lotr:half_troll_dagger,present,
createHalfTrollRecipes,half_troll,hammerHalfTroll,lotr:half_troll_warhammer,present,
createHalfTrollRecipes,half_troll,maceHalfTroll,lotr:half_troll_mace,present,
createHalfTrollRecipes,half_troll,rhinoArmorHalfTroll,lotr:half_troll_rhino_armor,present,
createHalfTrollRecipes,half_troll,torogStew,lotr:torog_stew,present,
createHalfTrollRecipes,half_troll,pikeHalfTroll,lotr:half_troll_pike,present,
createHighElvenRecipes,high_elven,highElvenTable,lotr:high_elven_crafting_table,present,
createHighElvenRecipes,high_elven,shovelHighElven,lotr:lindon_shovel,present,
createHighElvenRecipes,high_elven,pickaxeHighElven,lotr:lindon_pickaxe,present,
createHighElvenRecipes,high_elven,axeHighElven,lotr:lindon_axe,present,
createHighElvenRecipes,high_elven,hoeHighElven,lotr:lindon_hoe,present,
createHighElvenRecipes,high_elven,swordHighElven,lotr:lindon_sword,present,
createHighElvenRecipes,high_elven,daggerHighElven,lotr:lindon_dagger,present,
createHighElvenRecipes,high_elven,spearHighElven,lotr:lindon_spear,present,
createHighElvenRecipes,high_elven,helmetHighElven,lotr:lindon_helmet,present,
createHighElvenRecipes,high_elven,bodyHighElven,lotr:lindon_chestplate,present,
createHighElvenRecipes,high_elven,legsHighElven,lotr:lindon_leggings,present,
createHighElvenRecipes,high_elven,bootsHighElven,lotr:lindon_boots,present,
createHighElvenRecipes,high_elven,banner/highElf,lotr:high_elf_banner,present,
createHighElvenRecipes,high_elven,horseArmorHighElven,lotr:lindon_horse_armor,present,
createHighElvenRecipes,high_elven,polearmHighElven,lotr:lindon_battlestaff,present,
createHighElvenRecipes,high_elven,longspearHighElven,lotr:lindon_longspear,present,
createHighElvenRecipes,high_elven,highElvenBow,lotr:lindon_bow,present,
createHobbitRecipes,hobbit,hobbitTable,lotr:hobbit_crafting_table,present,
createHobbitRecipes,hobbit,banner/hobbit,lotr:hobbit_banner,present,
createHobbitRecipes,hobbit,hobbitPancake,lotr:hobbit_pancake,present,
createHobbitRecipes,hobbit,hobbitPancakeMapleSyrup,lotr:hobbit_pancake_with_maple_syrup,present,
createHobbitRecipes,hobbit,hobbitPancakeMapleSyrup,lotr:hobbit_pancake_with_maple_syrup,present,
createHobbitRecipes,hobbit,hobbitPancakeMapleSyrup,lotr:hobbit_pancake_with_maple_syrup,present,
createHobbitRecipes,hobbit,hobbitPancakeMapleSyrup,lotr:hobbit_pancake_with_maple_syrup,present,
createHobbitRecipes,hobbit,hobbitPancakeMapleSyrup,lotr:hobbit_pancake_with_maple_syrup,present,
createHobbitRecipes,hobbit,hobbitPancakeMapleSyrup,lotr:hobbit_pancake_with_maple_syrup,present,
createHobbitRecipes,hobbit,hobbitPancakeMapleSyrup,lotr:hobbit_pancake_with_maple_syrup,present,
createHobbitRecipes,hobbit,hobbitPancakeMapleSyrup,lotr:hobbit_pancake_with_maple_syrup,present,
createHobbitRecipes,hobbit,gateHobbitGreen,lotr:green_hobbit_gate,present,
createHobbitRecipes,hobbit,gateHobbitBlue,lotr:blue_hobbit_gate,present,
createHobbitRecipes,hobbit,gateHobbitRed,lotr:red_hobbit_gate,present,
createHobbitRecipes,hobbit,gateHobbitYellow,lotr:yellow_hobbit_gate,present,
createMoredainRecipes,moredain,moredainTable,lotr:moredain_crafting_table,present,
createMoredainRecipes,moredain,banner/moredain,lotr:moredain_banner,present,
createMoredainRecipes,moredain,helmetMoredain,lotr:morwaith_helmet,present,
createMoredainRecipes,moredain,bodyMoredain,lotr:morwaith_chestplate,present,
createMoredainRecipes,moredain,legsMoredain,lotr:morwaith_leggings,present,
createMoredainRecipes,moredain,bootsMoredain,lotr:morwaith_boots,present,
createMoredainRecipes,moredain,brick3/10,lotr:morwaith_brick,present,
createMoredainRecipes,moredain,slabSingle7/0,lotr:morwaith_brick_slab,present,
createMoredainRecipes,moredain,stairsMoredainBrick,lotr:morwaith_brick_stairs,present,
createMoredainRecipes,moredain,wall2/15,lotr:morwaith_brick_wall,present,
createMoredainRecipes,moredain,battleaxeMoredain,lotr:morwaith_battleaxe,present,
createMoredainRecipes,moredain,daggerMoredain,lotr:morwaith_dagger,present,
createMoredainRecipes,moredain,spearMoredain,lotr:morwaith_spear,present,
createMoredainRecipes,moredain,helmetMoredainLion,lotr:morwaith_chieftain_helmet,present,
createMoredainRecipes,moredain,bodyMoredainLion,lotr:morwaith_chieftain_chestplate,present,
createMoredainRecipes,moredain,legsMoredainLion,lotr:morwaith_chieftain_leggings,present,
createMoredainRecipes,moredain,bootsMoredainLion,lotr:morwaith_chieftain_boots,present,
createMoredainRecipes,moredain,clubMoredain,lotr:morwaith_club,present,
createMoredainRecipes,moredain,swordMoredain,lotr:morwaith_sword,present,
createMoredainRecipes,moredain,slabSingle14/2,lotr:cracked_morwaith_brick_slab,present,
createMoredainRecipes,moredain,stairsMorwaithBrickCracked,lotr:cracked_morwaith_brick_stairs,present,
createMoredainRecipes,moredain,wall5/4,lotr:cracked_morwaith_brick_wall,present,
createMorgulRecipes,morgul,brick/0,lotr:mordor_brick,present,
createMorgulRecipes,morgul,morgulTable,lotr:morgul_crafting_table,present,
createMorgulRecipes,morgul,slabSingle10/7,lotr:mordor_rock_slab,present,
createMorgulRecipes,morgul,smoothStone/0,lotr:smooth_mordor_rock,present,
createMorgulRecipes,morgul,slabSingle/0,lotr:smooth_mordor_rock_slab,present,
createMorgulRecipes,morgul,slabSingle/1,lotr:mordor_brick_slab,present,
createMorgulRecipes,morgul,stairsMordorBrick,lotr:mordor_brick_stairs,present,
createMorgulRecipes,morgul,wall/0,lotr:mordor_rock_wall,present,
createMorgulRecipes,morgul,wall/1,lotr:mordor_brick_wall,present,
createMorgulRecipes,morgul,orcTorchItem,lotr:orc_torch,present,
createMorgulRecipes,morgul,slabSingle2/2,lotr:cracked_mordor_brick_slab,present,
createMorgulRecipes,morgul,stairsMordorBrickCracked,lotr:cracked_mordor_brick_stairs,present,
createMorgulRecipes,morgul,wall/9,lotr:cracked_mordor_brick_wall,present,
createMorgulRecipes,morgul,orcForge,lotr:orc_forge,present,
createMorgulRecipes,morgul,banner/mordor,lotr:mordor_banner,present,
createMorgulRecipes,morgul,wargArmorMordor,lotr:mordor_warg_armor,present,
createMorgulRecipes,morgul,scimitarOrc,lotr:mordor_scimitar,present,
createMorgulRecipes,morgul,battleaxeOrc,lotr:mordor_battleaxe,present,
createMorgulRecipes,morgul,daggerOrc,lotr:mordor_dagger,present,
createMorgulRecipes,morgul,helmetOrc,lotr:mordor_helmet,present,
createMorgulRecipes,morgul,bodyOrc,lotr:mordor_chestplate,present,
createMorgulRecipes,morgul,legsOrc,lotr:mordor_leggings,present,
createMorgulRecipes,morgul,bootsOrc,lotr:mordor_boots,present,
createMorgulRecipes,morgul,spearOrc,lotr:mordor_spear,present,
createMorgulRecipes,morgul,shovelOrc,lotr:mordor_shovel,present,
createMorgulRecipes,morgul,pickaxeOrc,lotr:mordor_pickaxe,present,
createMorgulRecipes,morgul,axeOrc,lotr:mordor_axe,present,
createMorgulRecipes,morgul,hoeOrc,lotr:mordor_hoe,present,
createMorgulRecipes,morgul,hammerOrc,lotr:mordor_warhammer,present,
createMorgulRecipes,morgul,pillar/7,lotr:mordor_pillar,present,
createMorgulRecipes,morgul,slabSingle5/1,lotr:mordor_pillar_slab,present,
createMorgulRecipes,morgul,brick2/10,lotr:carved_mordor_brick,present,
createMorgulRecipes,morgul,scimitarBlackUruk,lotr:black_uruk_cleaver,present,
createMorgulRecipes,morgul,daggerBlackUruk,lotr:black_uruk_dagger,present,
createMorgulRecipes,morgul,spearBlackUruk,lotr:black_uruk_spear,present,
createMorgulRecipes,morgul,battleaxeBlackUruk,lotr:black_uruk_battleaxe,present,
createMorgulRecipes,morgul,hammerBlackUruk,lotr:black_uruk_warhammer,present,
createMorgulRecipes,morgul,helmetBlackUruk,lotr:black_uruk_helmet,present,
createMorgulRecipes,morgul,bodyBlackUruk,lotr:black_uruk_chestplate,present,
createMorgulRecipes,morgul,legsBlackUruk,lotr:black_uruk_leggings,present,
createMorgulRecipes,morgul,bootsBlackUruk,lotr:black_uruk_boots,present,
createMorgulRecipes,morgul,blackUrukBow,lotr:black_uruk_bow,present,
createMorgulRecipes,morgul,polearmOrc,lotr:mordor_warscythe,present,
createMorgulRecipes,morgul,stairsMordorRock,lotr:mordor_rock_stairs,present,
createMorgulRecipes,morgul,banner/minasMorgul,lotr:minas_morgul_banner,present,
createMorgulRecipes,morgul,banner/blackUruk,lotr:black_uruk_banner,present,
createMorgulRecipes,morgul,banner/nanUngol,lotr:nan_ungol_banner,present,
createNearHaradRecipes,near_harad,nearHaradTable,lotr:near_harad_crafting_table,present,
createNearHaradRecipes,near_harad,banner/nearHarad,lotr:near_harad_banner,present,
createNearHaradRecipes,near_harad,banner/haradNomad,lotr:harad_nomad_banner,present,
createNearHaradRecipes,near_harad,helmetNearHarad,lotr:coast_southron_helmet,present,
createNearHaradRecipes,near_harad,bodyNearHarad,lotr:coast_southron_chestplate,present,
createNearHaradRecipes,near_harad,legsNearHarad,lotr:coast_southron_leggings,present,
createNearHaradRecipes,near_harad,bootsNearHarad,lotr:coast_southron_boots,present,
createNearHaradRecipes,near_harad,helmetNearHaradWarlord,lotr:southron_champion_helmet,present,
createNearHaradRecipes,near_harad,horseArmorNearHarad,lotr:coast_southron_horse_armor,present,
createNearHaradRecipes,near_harad,helmetHarnedor,lotr:harnennor_helmet,present,
createNearHaradRecipes,near_harad,bodyHarnedor,lotr:harnennor_chestplate,present,
createNearHaradRecipes,near_harad,legsHarnedor,lotr:harnennor_leggings,present,
createNearHaradRecipes,near_harad,bootsHarnedor,lotr:harnennor_boots,present,
createPoisonedArrowRecipes,?,,,manual,helper: Collection<List> recipeLists = new ArrayList<>(Arrays.asList(commonOrcRecipes))
createPoisonedArrowRecipes,?,,,manual,helper: recipeLists.addAll(Arrays.asList(commonNearHaradRecipes))
createPoisonedArrowRecipes,?,,,manual,"helper: recipes.add(new ShapedOreRecipe(new ItemStack(LOTRMod.arrowPoisoned, 4), "" X "", ""XYX"", "" X"
createPoisonedArrowRecipes,?,,,manual,"helper: recipes.add(new ShapedOreRecipe(new ItemStack(LOTRMod.crossbowBoltPoisoned, 4), "" X "", ""XY"
createPoisonedDaggerRecipes,vanilla,daggerOrcPoisoned,lotr:poisoned_mordor_dagger,present,
createPoisonedDaggerRecipes,vanilla,daggerUrukPoisoned,lotr:poisoned_uruk_dagger,present,
createPoisonedDaggerRecipes,vanilla,daggerBronzePoisoned,lotr:poisoned_bronze_dagger,present,
createPoisonedDaggerRecipes,vanilla,daggerIronPoisoned,lotr:poisoned_iron_dagger,present,
createPoisonedDaggerRecipes,vanilla,daggerMithrilPoisoned,lotr:poisoned_mithril_dagger,present,
createPoisonedDaggerRecipes,vanilla,daggerGondorPoisoned,lotr:poisoned_gondor_dagger,present,
createPoisonedDaggerRecipes,vanilla,daggerElvenPoisoned,lotr:poisoned_galadhrim_dagger,present,
createPoisonedDaggerRecipes,vanilla,daggerDwarvenPoisoned,lotr:poisoned_dwarven_dagger,present,
createPoisonedDaggerRecipes,vanilla,daggerRohanPoisoned,lotr:poisoned_rohirric_dagger,present,
createPoisonedDaggerRecipes,vanilla,daggerWoodElvenPoisoned,lotr:poisoned_wood_elven_dagger,present,
createPoisonedDaggerRecipes,vanilla,daggerAngmarPoisoned,lotr:poisoned_angmar_dagger,present,
createPoisonedDaggerRecipes,vanilla,daggerHighElvenPoisoned,lotr:poisoned_lindon_dagger,present,
createPoisonedDaggerRecipes,vanilla,daggerNearHaradPoisoned,lotr:poisoned_umbaric_dagger,present,
createPoisonedDaggerRecipes,vanilla,daggerBlueDwarvenPoisoned,lotr:poisoned_blue_dwarven_dagger,present,
createPoisonedDaggerRecipes,vanilla,daggerDolGuldurPoisoned,lotr:poisoned_dol_guldur_dagger,present,
createPoisonedDaggerRecipes,vanilla,daggerBlackUrukPoisoned,lotr:poisoned_black_uruk_dagger,present,
createPoisonedDaggerRecipes,vanilla,daggerUtumnoPoisoned,lotr:poisoned_utumno_dagger,present,
createPoisonedDaggerRecipes,vanilla,daggerHalfTrollPoisoned,lotr:poisoned_half_troll_dagger,present,
createPoisonedDaggerRecipes,vanilla,daggerMoredainPoisoned,lotr:poisoned_morwaith_dagger,present,
createPoisonedDaggerRecipes,vanilla,daggerTauredainPoisoned,lotr:poisoned_taurethrim_dagger,present,
createPoisonedDaggerRecipes,vanilla,daggerBarrowPoisoned,lotr:poisoned_barrow_blade,present,
createPoisonedDaggerRecipes,vanilla,daggerDolAmrothPoisoned,lotr:poisoned_dol_amroth_dagger,present,
createPoisonedDaggerRecipes,vanilla,daggerDalePoisoned,lotr:poisoned_dale_dagger,present,
createPoisonedDaggerRecipes,vanilla,daggerGundabadUrukPoisoned,lotr:poisoned_gundabad_uruk_dagger,present,
createPoisonedDaggerRecipes,vanilla,daggerDorwinionElfPoisoned,lotr:poisoned_dorwinion_elven_dagger,present,
createPoisonedDaggerRecipes,vanilla,daggerRhunPoisoned,lotr:poisoned_rhunic_dagger,present,
createPoisonedDaggerRecipes,vanilla,daggerRivendellPoisoned,lotr:poisoned_rivendell_dagger,present,
createPoisonedDaggerRecipes,vanilla,daggerArnorPoisoned,lotr:poisoned_arnor_dagger,present,
createPoisonedDaggerRecipes,vanilla,daggerCorsairPoisoned,lotr:poisoned_corsair_dagger,present,
createPoisonedDaggerRecipes,vanilla,daggerHaradPoisoned,lotr:poisoned_haradric_dagger,present,
createPoisonedDaggerRecipes,vanilla,daggerBlackNumenoreanPoisoned,lotr:poisoned_black_numenorean_dagger,present,
createRangerRecipes,ranger,rangerTable,lotr:ranger_crafting_table,present,
createRangerRecipes,ranger,banner/ranger,lotr:ranger_banner,present,
createRangerRecipes,ranger,brick2/3,lotr:arnor_brick,present,
createRangerRecipes,ranger,slabSingle4/1,lotr:arnor_brick_slab,present,
createRangerRecipes,ranger,stairsArnorBrick,lotr:arnor_brick_stairs,present,
createRangerRecipes,ranger,wall2/4,lotr:arnor_brick_wall,present,
createRangerRecipes,ranger,brick2/6,lotr:carved_arnor_brick,present,
createRangerRecipes,ranger,brick2/4,lotr:mossy_arnor_brick,present,
createRangerRecipes,ranger,slabSingle4/2,lotr:mossy_arnor_brick_slab,present,
createRangerRecipes,ranger,stairsArnorBrickMossy,lotr:mossy_arnor_brick_stairs,present,
createRangerRecipes,ranger,wall2/5,lotr:mossy_arnor_brick_wall,present,
createRangerRecipes,ranger,slabSingle4/3,lotr:cracked_arnor_brick_slab,present,
createRangerRecipes,ranger,stairsArnorBrickCracked,lotr:cracked_arnor_brick_stairs,present,
createRangerRecipes,ranger,wall2/6,lotr:cracked_arnor_brick_wall,present,
createRangerRecipes,ranger,helmetRanger,lotr:ranger_hood,present,
createRangerRecipes,ranger,bodyRanger,lotr:ranger_tunic,present,
createRangerRecipes,ranger,legsRanger,lotr:ranger_leggings,present,
createRangerRecipes,ranger,bootsRanger,lotr:ranger_boots,present,
createRangerRecipes,ranger,rangerBow,lotr:ranger_bow,present,
createRangerRecipes,ranger,pillar2/13,lotr:arnor_pillar,present,
createRangerRecipes,ranger,slabSingle13/7,lotr:arnor_pillar_slab,present,
createRangerRecipes,ranger,slabSingle14/0,lotr:cracked_arnor_pillar_slab,present,
createRhunRecipes,rhun,rhunTable,lotr:rhun_crafting_table,present,
createRhunRecipes,rhun,banner/rhun,lotr:rhun_banner,present,
createRhunRecipes,rhun,brick5/11,lotr:rhun_brick,present,
createRhunRecipes,rhun,slabSingle12/0,lotr:rhun_brick_slab,present,
createRhunRecipes,rhun,stairsRhunBrick,lotr:rhun_brick_stairs,present,
createRhunRecipes,rhun,wall3/15,lotr:rhun_brick_wall,present,
createRhunRecipes,rhun,brick5/12,lotr:rhun_carved_brick,present,
createRhunRecipes,rhun,pillar2/8,lotr:rhun_pillar,present,
createRhunRecipes,rhun,slabSingle12/4,lotr:rhun_pillar_slab,present,
createRhunRecipes,rhun,brick5/13,lotr:rhun_mossy_brick,present,
createRhunRecipes,rhun,slabSingle12/1,lotr:rhun_mossy_brick_slab,present,
createRhunRecipes,rhun,stairsRhunBrickMossy,lotr:rhun_mossy_brick_stairs,present,
createRhunRecipes,rhun,wall4/10,lotr:rhun_mossy_brick_wall,present,
createRhunRecipes,rhun,slabSingle12/2,lotr:rhun_cracked_brick_slab,present,
createRhunRecipes,rhun,stairsRhunBrickCracked,lotr:rhun_cracked_brick_stairs,present,
createRhunRecipes,rhun,wall4/11,lotr:rhun_cracked_brick_wall,present,
createRhunRecipes,rhun,brick5/15,lotr:rhun_flowers_brick,present,
createRhunRecipes,rhun,slabSingle12/3,lotr:rhun_flowers_brick_slab,present,
createRhunRecipes,rhun,stairsRhunBrickFlowers,lotr:rhun_flowers_brick_stairs,present,
createRhunRecipes,rhun,wall4/12,lotr:rhun_flowers_brick_wall,present,
createRhunRecipes,rhun,brick6/0,lotr:rhun_gold_brick,present,
createRhunRecipes,rhun,brick6/1,lotr:rhun_red_brick,present,
createRhunRecipes,rhun,slabSingle12/5,lotr:rhun_red_brick_slab,present,
createRhunRecipes,rhun,stairsRhunBrickRed,lotr:rhun_red_brick_stairs,present,
createRhunRecipes,rhun,wall4/13,lotr:rhun_red_brick_wall,present,
createRhunRecipes,rhun,brick6/2,lotr:rhun_red_carved_brick,present,
createRhunRecipes,rhun,pillar2/9,lotr:rhun_red_pillar,present,
createRhunRecipes,rhun,slabSingle12/6,lotr:rhun_red_pillar_slab,present,
createRhunRecipes,rhun,swordRhun,lotr:rhunic_sword,present,
createRhunRecipes,rhun,daggerRhun,lotr:rhunic_dagger,present,
createRhunRecipes,rhun,spearRhun,lotr:rhunic_spear,present,
createRhunRecipes,rhun,polearmRhun,lotr:rhunic_bardiche,present,
createRhunRecipes,rhun,pikeRhun,lotr:rhunic_pike,present,
createRhunRecipes,rhun,helmetRhun,lotr:rhunic_helmet,present,
createRhunRecipes,rhun,bodyRhun,lotr:rhunic_chestplate,present,
createRhunRecipes,rhun,legsRhun,lotr:rhunic_leggings,present,
createRhunRecipes,rhun,bootsRhun,lotr:rhunic_boots,present,
createRhunRecipes,rhun,rhunBow,lotr:rhunic_bow,present,
createRhunRecipes,rhun,horseArmorRhunGold,lotr:rhunic_horse_armor,present,
createRhunRecipes,rhun,rhunFireJar,lotr:khamuls_fire_jar,present,
createRhunRecipes,rhun,rhunFirePot,lotr:rhunic_fire_pot,present,
createRhunRecipes,rhun,gateRhun,lotr:rhun_gate,present,
createRhunRecipes,rhun,bodyKaftan,lotr:kaftan,present,
createRhunRecipes,rhun,legsKaftan,lotr:kaftan_leggings,present,
createRhunRecipes,rhun,,,manual,no result: rhunRecipes.add(new LOTRRecipeHaradRobesDye(LOTRMaterial.KAFTAN))
createRhunRecipes,rhun,helmetRhunGold,lotr:golden_rhunic_helmet,present,
createRhunRecipes,rhun,bodyRhunGold,lotr:golden_rhunic_chestplate,present,
createRhunRecipes,rhun,legsRhunGold,lotr:golden_rhunic_leggings,present,
createRhunRecipes,rhun,bootsRhunGold,lotr:golden_rhunic_boots,present,
createRhunRecipes,rhun,helmetRhunWarlord,lotr:rhunic_warlord_helmet,present,
createRhunRecipes,rhun,battleaxeRhun,lotr:rhunic_battleaxe,present,
createRivendellRecipes,rivendell,rivendellTable,lotr:rivendell_crafting_table,present,
createRivendellRecipes,rivendell,shovelRivendell,lotr:rivendell_shovel,present,
createRivendellRecipes,rivendell,pickaxeRivendell,lotr:rivendell_pickaxe,present,
createRivendellRecipes,rivendell,axeRivendell,lotr:rivendell_axe,present,
createRivendellRecipes,rivendell,hoeRivendell,lotr:rivendell_hoe,present,
createRivendellRecipes,rivendell,swordRivendell,lotr:rivendell_sword,present,
createRivendellRecipes,rivendell,daggerRivendell,lotr:rivendell_dagger,present,
createRivendellRecipes,rivendell,spearRivendell,lotr:rivendell_spear,present,
createRivendellRecipes,rivendell,helmetRivendell,lotr:rivendell_helmet,present,
createRivendellRecipes,rivendell,bodyRivendell,lotr:rivendell_chestplate,present,
createRivendellRecipes,rivendell,legsRivendell,lotr:rivendell_leggings,present,
createRivendellRecipes,rivendell,bootsRivendell,lotr:rivendell_boots,present,
createRivendellRecipes,rivendell,banner/rivendell,lotr:rivendell_banner,present,
createRivendellRecipes,rivendell,horseArmorRivendell,lotr:rivendell_horse_armor,present,
createRivendellRecipes,rivendell,polearmRivendell,lotr:rivendell_battlestaff,present,
createRivendellRecipes,rivendell,longspearRivendell,lotr:rivendell_longspear,present,
createRivendellRecipes,rivendell,rivendellBow,lotr:rivendell_bow,present,
createRohirricRecipes,rohirric,rohirricTable,lotr:rohirric_crafting_table,present,
createRohirricRecipes,rohirric,slabSingle11/4,lotr:rohan_rock_slab,present,
createRohirricRecipes,rohirric,smoothStone/2,lotr:smooth_rohan_rock,present,
createRohirricRecipes,rohirric,slabSingle2/1,lotr:smooth_rohan_rock_slab,present,
createRohirricRecipes,rohirric,brick/4,lotr:rohan_brick,present,
createRohirricRecipes,rohirric,slabSingle/6,lotr:rohan_brick_slab,present,
createRohirricRecipes,rohirric,stairsRohanBrick,lotr:rohan_brick_stairs,present,
createRohirricRecipes,rohirric,wall/8,lotr:rohan_rock_wall,present,
createRohirricRecipes,rohirric,wall/6,lotr:rohan_brick_wall,present,
createRohirricRecipes,rohirric,swordRohan,lotr:rohirric_sword,present,
createRohirricRecipes,rohirric,daggerRohan,lotr:rohirric_dagger,present,
createRohirricRecipes,rohirric,spearRohan,lotr:rohirric_spear,present,
createRohirricRecipes,rohirric,helmetRohan,lotr:rohirric_coif,present,
createRohirricRecipes,rohirric,bodyRohan,lotr:rohirric_hauberk,present,
createRohirricRecipes,rohirric,legsRohan,lotr:rohirric_leggings,present,
createRohirricRecipes,rohirric,bootsRohan,lotr:rohirric_boots,present,
createRohirricRecipes,rohirric,banner/rohan,lotr:rohan_banner,present,
createRohirricRecipes,rohirric,battleaxeRohan,lotr:rohirric_battleaxe,present,
createRohirricRecipes,rohirric,horseArmorRohan,lotr:rohirric_horse_armor,present,
createRohirricRecipes,rohirric,pillar/8,lotr:rohan_pillar,present,
createRohirricRecipes,rohirric,slabSingle5/2,lotr:rohan_pillar_slab,present,
createRohirricRecipes,rohirric,rohanBow,lotr:rohirric_bow,present,
createRohirricRecipes,rohirric,helmetRohanMarshal,lotr:rohirric_marshal_helmet,present,
createRohirricRecipes,rohirric,bodyRohanMarshal,lotr:rohirric_marshal_chestplate,present,
createRohirricRecipes,rohirric,legsRohanMarshal,lotr:rohirric_marshal_leggings,present,
createRohirricRecipes,rohirric,bootsRohanMarshal,lotr:rohirric_marshal_boots,present,
createRohirricRecipes,rohirric,stairsRohanRock,lotr:rohan_rock_stairs,present,
createRohirricRecipes,rohirric,lanceRohan,lotr:rohirric_lance,present,
createRohirricRecipes,rohirric,brick5/3,lotr:carved_rohan_brick,present,
createRohirricRecipes,rohirric,woodBeamS/0,lotr:rohan_beam,present,
createRohirricRecipes,rohirric,woodBeamS/1,lotr:rohan_gold_beam,present,
createRohirricRecipes,rohirric,gateRohan,lotr:rohan_gate,present,
createSmeltingRecipes,vanilla,coal/1,minecraft:coal,manual,loop/computed meta
createSmeltingRecipes,vanilla,scorchedStone,lotr:scorched_stone,present,
createSmeltingRecipes,vanilla,scorchedStone,lotr:scorched_stone,present,
createSmeltingRecipes,vanilla,glass,minecraft:glass,present,
createSmeltingRecipes,vanilla,copper,,excluded,vanilla
createSmeltingRecipes,vanilla,tin,lotr:tin_ingot,present,
createSmeltingRecipes,vanilla,silver,lotr:silver_ingot,present,
createSmeltingRecipes,vanilla,nauriteGem,lotr:durnor,present,
createSmeltingRecipes,vanilla,quenditeCrystal,lotr:edhelvir,present,
createSmeltingRecipes,vanilla,glowstone_dust,minecraft:glowstone_dust,present,
createSmeltingRecipes,vanilla,guldurilCrystal,lotr:gulduril,present,
createSmeltingRecipes,vanilla,sulfur,lotr:sulfur,present,
createSmeltingRecipes,vanilla,saltpeter,lotr:niter,present,
createSmeltingRecipes,vanilla,salt,lotr:salt,present,
createSmeltingRecipes,vanilla,ceramicMug,lotr:ceramic_mug,present,
createSmeltingRecipes,vanilla,ceramicPlate,lotr:stoneware_plate,present,
createSmeltingRecipes,vanilla,plate,lotr:fine_plate,present,
createSmeltingRecipes,vanilla,brick,minecraft:brick,present,
createSmeltingRecipes,vanilla,hardened_clay,minecraft:terracotta,present,
createSmeltingRecipes,vanilla,rabbitCooked,,excluded,vanilla
createSmeltingRecipes,vanilla,lionCooked,lotr:cooked_lion,present,
createSmeltingRecipes,vanilla,zebraCooked,lotr:cooked_zebra,present,
createSmeltingRecipes,vanilla,rhinoCooked,lotr:cooked_rhino,present,
createSmeltingRecipes,vanilla,muttonCooked,lotr:cooked_mutton,present,
createSmeltingRecipes,vanilla,deerCooked,lotr:cooked_venison,present,
createSmeltingRecipes,vanilla,camelCooked,lotr:cooked_camel,present,
createSmeltingRecipes,vanilla,driedReeds,lotr:dried_reeds,present,
createSmeltingRecipes,vanilla,pipeweed,lotr:pipeweed,present,
createSmeltingRecipes,vanilla,chestnutRoast,lotr:roast_chestnut,present,
createSmeltingRecipes,vanilla,cornCooked,lotr:cooked_corn,present,
createSmeltingRecipes,vanilla,turnipCooked,lotr:roast_turnip,present,
createSmeltingRecipes,vanilla,yamRoast,lotr:roast_yam,present,
createSmeltingRecipes,vanilla,raisins,lotr:raisins,present,
createSmeltingRecipes,vanilla,raisins,lotr:raisins,present,
createStandardRecipes,vanilla,goldRing,lotr:gold_ring,present,
createStandardRecipes,vanilla,saddle,minecraft:saddle,present,
createStandardRecipes,vanilla,bronze,lotr:bronze_ingot,present,
createStandardRecipes,vanilla,shovelBronze,lotr:bronze_shovel,present,
createStandardRecipes,vanilla,pickaxeBronze,lotr:bronze_pickaxe,present,
createStandardRecipes,vanilla,axeBronze,lotr:bronze_axe,present,
createStandardRecipes,vanilla,swordBronze,lotr:bronze_sword,present,
createStandardRecipes,vanilla,hoeBronze,lotr:bronze_hoe,present,
createStandardRecipes,vanilla,helmetBronze,lotr:bronze_helmet,present,
createStandardRecipes,vanilla,bodyBronze,lotr:bronze_chestplate,present,
createStandardRecipes,vanilla,legsBronze,lotr:bronze_leggings,present,
createStandardRecipes,vanilla,bootsBronze,lotr:bronze_boots,present,
createStandardRecipes,vanilla,planks/0,lotr:shire_pine_planks,present,
createStandardRecipes,vanilla,stairsShirePine,lotr:shire_pine_stairs,present,
createStandardRecipes,vanilla,silverNugget,lotr:silver_nugget,present,
createStandardRecipes,vanilla,silver,lotr:silver_ingot,present,
createStandardRecipes,vanilla,silverRing,lotr:silver_ring,present,
createStandardRecipes,vanilla,mithrilNugget,lotr:mithril_nugget,present,
createStandardRecipes,vanilla,mithril,lotr:mithril,present,
createStandardRecipes,vanilla,mithrilRing,lotr:mithril_ring,present,
createStandardRecipes,vanilla,dye/13,minecraft:magenta_dye,present,
createStandardRecipes,vanilla,mug,lotr:mug,present,
createStandardRecipes,vanilla,clayMug,lotr:clay_mug,present,
createStandardRecipes,?,,,manual,"helper: LOTRVesselRecipes.addRecipes(new ItemStack(LOTRMod.mugChocolate), LOTRMod.mugMilk, new Obj"
createStandardRecipes,vanilla,appleCrumbleItem,lotr:apple_crumble,present,
createStandardRecipes,vanilla,copper,,excluded,vanilla
createStandardRecipes,vanilla,blockOreStorage/0,,excluded,vanilla
createStandardRecipes,vanilla,tin,lotr:tin_ingot,present,
createStandardRecipes,vanilla,blockOreStorage/1,lotr:tin_block,present,
createStandardRecipes,vanilla,bronze,lotr:bronze_ingot,present,
createStandardRecipes,vanilla,blockOreStorage/2,lotr:bronze_block,present,
createStandardRecipes,vanilla,silver,lotr:silver_ingot,present,
createStandardRecipes,vanilla,blockOreStorage/3,lotr:silver_block,present,
createStandardRecipes,vanilla,mithril,lotr:mithril,present,
createStandardRecipes,vanilla,blockOreStorage/4,lotr:mithril_block,present,
createStandardRecipes,vanilla,chandelier/0,lotr:bronze_chandelier,present,
createStandardRecipes,vanilla,chandelier/1,lotr:iron_chandelier,present,
createStandardRecipes,vanilla,chandelier/2,lotr:silver_chandelier,present,
createStandardRecipes,vanilla,chandelier/3,lotr:gold_chandelier,present,
createStandardRecipes,vanilla,pipeweedSeeds,lotr:pipeweed_seeds,present,
createStandardRecipes,vanilla,pipeweedSeeds,lotr:pipeweed_seeds,present,
createStandardRecipes,vanilla,shovelMithril,lotr:mithril_shovel,present,
createStandardRecipes,vanilla,pickaxeMithril,lotr:mithril_pickaxe,present,
createStandardRecipes,vanilla,axeMithril,lotr:mithril_axe,present,
createStandardRecipes,vanilla,swordMithril,lotr:mithril_sword,present,
createStandardRecipes,vanilla,hoeMithril,lotr:mithril_hoe,present,
createStandardRecipes,vanilla,helmetMithril,lotr:mithril_helmet,present,
createStandardRecipes,vanilla,bodyMithril,lotr:mithril_chestplate,present,
createStandardRecipes,vanilla,legsMithril,lotr:mithril_leggings,present,
createStandardRecipes,vanilla,bootsMithril,lotr:mithril_boots,present,
createStandardRecipes,vanilla,spearBronze,lotr:bronze_spear,present,
createStandardRecipes,vanilla,spearIron,lotr:iron_spear,present,
createStandardRecipes,vanilla,spearMithril,lotr:mithril_spear,present,
createStandardRecipes,vanilla,silverCoin,lotr:silver_coin,present,
createStandardRecipes,vanilla,clayPlate,lotr:clay_plate,present,
createStandardRecipes,vanilla,helmetFur,lotr:fur_hat,present,
createStandardRecipes,vanilla,bodyFur,lotr:fur_tunic,present,
createStandardRecipes,vanilla,legsFur,lotr:fur_leggings,present,
createStandardRecipes,vanilla,bootsFur,lotr:fur_boots,present,
createStandardRecipes,vanilla,chandelier/4,lotr:mithril_chandelier,present,
createStandardRecipes,vanilla,,,manual,no result: GameRegistry.addRecipe(new LOTRRecipeHobbitPipe())
createStandardRecipes,vanilla,dye/15,minecraft:bone_meal,present,
createStandardRecipes,vanilla,planks/4,lotr:apple_planks,present,
createStandardRecipes,vanilla,stairsApple,lotr:apple_stairs,present,
createStandardRecipes,vanilla,planks/5,lotr:pear_planks,present,
createStandardRecipes,vanilla,stairsPear,lotr:pear_stairs,present,
createStandardRecipes,vanilla,planks/6,lotr:cherry_planks,present,
createStandardRecipes,vanilla,stairsCherry,lotr:cherry_stairs,present,
createStandardRecipes,vanilla,dye/2,lotr:bluebell_blue,present,
createStandardRecipes,vanilla,hearth,lotr:hearth,present,
createStandardRecipes,vanilla,daggerBronze,lotr:bronze_dagger,present,
createStandardRecipes,vanilla,daggerIron,lotr:iron_dagger,present,
createStandardRecipes,vanilla,daggerMithril,lotr:mithril_dagger,present,
createStandardRecipes,vanilla,battleaxeMithril,lotr:mithril_battleaxe,present,
createStandardRecipes,vanilla,hammerMithril,lotr:mithril_warhammer,present,
createStandardRecipes,vanilla,dye/15,minecraft:bone_meal,present,
createStandardRecipes,vanilla,dye/15,minecraft:bone_meal,present,
createStandardRecipes,vanilla,dye/15,minecraft:bone_meal,present,
createStandardRecipes,vanilla,dye/15,minecraft:bone_meal,present,
createStandardRecipes,vanilla,commandHorn,lotr:command_horn,present,
createStandardRecipes,vanilla,arrow,minecraft:arrow,excluded,vanilla recipe rule
createStandardRecipes,vanilla,crossbowBolt,lotr:crossbow_bolt,present,
createStandardRecipes,vanilla,crossbowBolt,lotr:crossbow_bolt,present,
createStandardRecipes,vanilla,cherryPieItem,lotr:cherry_pie,present,
createStandardRecipes,vanilla,dye/15,minecraft:bone_meal,present,
createStandardRecipes,vanilla,ironCrossbow,lotr:iron_crossbow,present,
createStandardRecipes,vanilla,mithrilCrossbow,lotr:mithril_crossbow,present,
createStandardRecipes,vanilla,stairsMirkOak,lotr:mirk_oak_stairs,present,
createStandardRecipes,vanilla,planks/2,lotr:mirk_oak_planks,present,
createStandardRecipes,vanilla,horseArmorIron,,excluded,vanilla
createStandardRecipes,vanilla,horseArmorGold,,excluded,vanilla
createStandardRecipes,vanilla,horseArmorDiamond,,blocked,result not ported (missing)
createStandardRecipes,vanilla,,,manual,no result: GameRegistry.addRecipe(new LOTRRecipesPouch())
createStandardRecipes,vanilla,ancientItem/0,lotr:ancient_sword,present,
createStandardRecipes,vanilla,ancientItem/1,lotr:ancient_dagger,present,
createStandardRecipes,vanilla,ancientItem/2,lotr:ancient_helmet,present,
createStandardRecipes,vanilla,ancientItem/3,lotr:ancient_chestplate,present,
createStandardRecipes,vanilla,ancientItem/4,lotr:ancient_leggings,present,
createStandardRecipes,vanilla,ancientItem/5,lotr:ancient_boots,present,
createStandardRecipes,vanilla,stairsCharred,lotr:charred_stairs,present,
createStandardRecipes,vanilla,planks/3,lotr:charred_planks,present,
createStandardRecipes,vanilla,barrel,lotr:barrel,present,
createStandardRecipes,vanilla,armorStandItem,,excluded,excluded
createStandardRecipes,vanilla,pebble,lotr:pebble,present,
createStandardRecipes,vanilla,sling,lotr:sling,present,
createStandardRecipes,vanilla,planks/8,lotr:lebethron_planks,present,
createStandardRecipes,vanilla,stairsLebethron,lotr:lebethron_stairs,present,
createStandardRecipes,vanilla,dye/1,lotr:white_dye,present,
createStandardRecipes,vanilla,orcSteel,lotr:orc_steel_ingot,present,
createStandardRecipes,vanilla,blockOreStorage/5,lotr:orc_steel_block,present,
createStandardRecipes,vanilla,pressurePlateMordorRock,lotr:mordor_rock_pressure_plate,present,
createStandardRecipes,vanilla,buttonMordorRock,lotr:mordor_rock_button,present,
createStandardRecipes,vanilla,nauriteGem,lotr:durnor,present,
createStandardRecipes,vanilla,blockOreStorage/10,lotr:naurite_block,present,
createStandardRecipes,vanilla,guldurilCrystal,lotr:gulduril,present,
createStandardRecipes,vanilla,blockOreStorage/11,lotr:gulduril_block,present,
createStandardRecipes,vanilla,dye/0,lotr:yellow_dye,present,
createStandardRecipes,vanilla,dye/1,lotr:white_dye,present,
createStandardRecipes,vanilla,quenditeCrystal,lotr:edhelvir,present,
createStandardRecipes,vanilla,blockOreStorage/6,lotr:quendite_block,present,
createStandardRecipes,vanilla,galvorn,lotr:galvorn_ingot,present,
createStandardRecipes,vanilla,blockOreStorage/8,lotr:galvorn_block,present,
createStandardRecipes,vanilla,dwarfSteel,lotr:dwarven_steel_ingot,present,
createStandardRecipes,vanilla,blockOreStorage/7,lotr:dwarf_steel_block,present,
createStandardRecipes,vanilla,urukSteel,lotr:uruk_steel_ingot,present,
createStandardRecipes,vanilla,blockOreStorage/9,lotr:uruk_steel_block,present,
createStandardRecipes,vanilla,pressurePlateGondorRock,lotr:gondor_rock_pressure_plate,present,
createStandardRecipes,vanilla,buttonGondorRock,lotr:gondor_rock_button,present,
createStandardRecipes,vanilla,pressurePlateRohanRock,lotr:rohan_rock_pressure_plate,present,
createStandardRecipes,vanilla,buttonRohanRock,lotr:rohan_rock_button,present,
createStandardRecipes,vanilla,planks/9,lotr:beech_planks,present,
createStandardRecipes,vanilla,stairsBeech,lotr:beech_stairs,present,
createStandardRecipes,vanilla,morgulSteel,lotr:morgul_steel_ingot,present,
createStandardRecipes,vanilla,blockOreStorage/12,lotr:morgul_steel_block,present,
createStandardRecipes,vanilla,leatherHat,lotr:leather_hat,present,
createStandardRecipes,vanilla,,,manual,no result: GameRegistry.addRecipe(new LOTRRecipeLeatherHatDye())
createStandardRecipes,vanilla,,,manual,no result: GameRegistry.addRecipe(new LOTRRecipeFeatherDye())
createStandardRecipes,vanilla,,,manual,no result: GameRegistry.addRecipe(new LOTRRecipeLeatherHatFeather())
createStandardRecipes,vanilla,pressurePlateBlueRock,lotr:blue_rock_pressure_plate,present,
createStandardRecipes,vanilla,buttonBlueRock,lotr:blue_rock_button,present,
createStandardRecipes,vanilla,slabSingle11/5,lotr:blue_rock_slab,present,
createStandardRecipes,vanilla,smoothStone/3,lotr:smooth_blue_rock,present,
createStandardRecipes,vanilla,slabSingle3/0,lotr:smooth_blue_rock_slab,present,
createStandardRecipes,vanilla,brick/14,lotr:blue_rock_brick,present,
createStandardRecipes,vanilla,wall/13,lotr:blue_rock_wall,present,
createStandardRecipes,vanilla,slabSingle3/1,lotr:blue_rock_brick_slab,present,
createStandardRecipes,vanilla,stairsBlueRockBrick,lotr:blue_rock_brick_stairs,present,
createStandardRecipes,vanilla,wall/14,lotr:blue_rock_brick_wall,present,
createStandardRecipes,vanilla,planks/10,lotr:holly_planks,present,
createStandardRecipes,vanilla,stairsHolly,lotr:holly_stairs,present,
createStandardRecipes,vanilla,rabbitStew,lotr:rabbit_stew,present,
createStandardRecipes,vanilla,fence/0,lotr:shire_pine_fence,present,
createStandardRecipes,vanilla,fence/2,lotr:mirk_oak_fence,present,
createStandardRecipes,vanilla,fence/3,lotr:charred_fence,present,
createStandardRecipes,vanilla,fence/4,lotr:apple_fence,present,
createStandardRecipes,vanilla,fence/5,lotr:pear_fence,present,
createStandardRecipes,vanilla,fence/6,lotr:cherry_fence,present,
createStandardRecipes,vanilla,fence/7,lotr:mango_fence,present,
createStandardRecipes,vanilla,fence/8,lotr:lebethron_fence,present,
createStandardRecipes,vanilla,fence/9,lotr:beech_fence,present,
createStandardRecipes,vanilla,fence/10,lotr:holly_fence,present,
createStandardRecipes,vanilla,fence/11,lotr:banana_fence,present,
createStandardRecipes,vanilla,fence/12,lotr:maple_fence,present,
createStandardRecipes,vanilla,fence/13,lotr:larch_fence,present,
createStandardRecipes,vanilla,fence/14,lotr:date_palm_fence,present,
createStandardRecipes,vanilla,fence/15,lotr:mangrove_fence,present,
createStandardRecipes,vanilla,dye/0,lotr:yellow_dye,present,
createStandardRecipes,vanilla,pillar/3,lotr:blue_rock_pillar,present,
createStandardRecipes,vanilla,slabSingle3/2,lotr:blue_rock_pillar_slab,present,
createStandardRecipes,vanilla,gunpowder,minecraft:gunpowder,present,
createStandardRecipes,vanilla,dye/15,minecraft:bone_meal,present,
createStandardRecipes,vanilla,commandSword,lotr:command_sword,present,
createStandardRecipes,vanilla,sulfurMatch,lotr:sulfur_match,present,
createStandardRecipes,vanilla,blockOreStorage/13,lotr:sulfur_block,present,
createStandardRecipes,vanilla,blockOreStorage/14,lotr:saltpeter_block,present,
createStandardRecipes,vanilla,sulfur,lotr:sulfur,present,
createStandardRecipes,vanilla,saltpeter,lotr:niter,present,
createStandardRecipes,vanilla,planks/7,lotr:mango_planks,present,
createStandardRecipes,vanilla,stairsMango,lotr:mango_stairs,present,
createStandardRecipes,?,,,manual,"helper: LOTRVesselRecipes.addRecipes(new ItemStack(LOTRMod.mugMangoJuice), new Object[]{LOTRMod.ma"
createStandardRecipes,vanilla,planks/11,lotr:banana_planks,present,
createStandardRecipes,vanilla,stairsBanana,lotr:banana_stairs,present,
createStandardRecipes,vanilla,bananaCakeItem,lotr:banana_cake,present,
createStandardRecipes,vanilla,bananaBread,lotr:banana_bread,present,
createStandardRecipes,vanilla,lionBedItem,lotr:lion_fur_bed,present,
createStandardRecipes,vanilla,dye/13,minecraft:magenta_dye,present,
createStandardRecipes,vanilla,dye/1,minecraft:red_dye,present,
createStandardRecipes,vanilla,planks/12,lotr:maple_planks,present,
createStandardRecipes,vanilla,stairsMaple,lotr:maple_stairs,present,
createStandardRecipes,vanilla,mapleSyrup,lotr:maple_syrup,present,
createStandardRecipes,vanilla,planks/13,lotr:larch_planks,present,
createStandardRecipes,vanilla,stairsLarch,lotr:larch_stairs,present,
createStandardRecipes,vanilla,helmetGemsbok,lotr:gemsbok_hide_helmet,present,
createStandardRecipes,vanilla,bodyGemsbok,lotr:gemsbok_hide_chestplate,present,
createStandardRecipes,vanilla,legsGemsbok,lotr:gemsbok_hide_leggings,present,
createStandardRecipes,vanilla,bootsGemsbok,lotr:gemsbok_hide_boots,present,
createStandardRecipes,vanilla,pressurePlateRedRock,lotr:red_rock_pressure_plate,present,
createStandardRecipes,vanilla,buttonRedRock,lotr:red_rock_button,present,
createStandardRecipes,vanilla,slabSingle11/6,lotr:red_rock_slab,present,
createStandardRecipes,vanilla,smoothStone/4,lotr:smooth_red_rock,present,
createStandardRecipes,vanilla,slabSingle3/5,lotr:smooth_red_rock_slab,present,
createStandardRecipes,vanilla,brick2/2,lotr:red_rock_brick,present,
createStandardRecipes,vanilla,wall2/2,lotr:red_rock_wall,present,
createStandardRecipes,vanilla,slabSingle3/6,lotr:red_rock_brick_slab,present,
createStandardRecipes,vanilla,stairsRedRockBrick,lotr:red_rock_brick_stairs,present,
createStandardRecipes,vanilla,wall2/3,lotr:red_rock_brick_wall,present,
createStandardRecipes,vanilla,pillar/4,lotr:red_rock_pillar,present,
createStandardRecipes,vanilla,slabSingle3/7,lotr:red_rock_pillar_slab,present,
createStandardRecipes,vanilla,planks/14,lotr:date_palm_planks,present,
createStandardRecipes,vanilla,stairsDatePalm,lotr:date_palm_stairs,present,
createStandardRecipes,vanilla,blueDwarfSteel,lotr:blue_dwarven_steel_ingot,present,
createStandardRecipes,vanilla,blockOreStorage/15,lotr:blue_dwarf_steel_block,present,
createStandardRecipes,vanilla,thatch/0,lotr:thatch_thatch,present,
createStandardRecipes,vanilla,slabSingleThatch/0,lotr:thatch_thatch_slab,present,
createStandardRecipes,vanilla,stairsThatch,lotr:thatch_thatch_stairs,present,
createStandardRecipes,vanilla,horseArmorMithril,lotr:mithril_horse_armor,present,
createStandardRecipes,vanilla,strawBedItem,lotr:straw_bed,present,
createStandardRecipes,vanilla,thatchFloor,lotr:thatch_floor,present,
createStandardRecipes,vanilla,redBook,lotr:red_book,present,
createStandardRecipes,vanilla,termiteMound/1,lotr:termite_mound,present,
createStandardRecipes,vanilla,gunpowder,minecraft:gunpowder,present,
createStandardRecipes,vanilla,planks/15,lotr:mangrove_planks,present,
createStandardRecipes,vanilla,stairsMangrove,lotr:mangrove_stairs,present,
createStandardRecipes,vanilla,dye/1,minecraft:red_dye,present,
createStandardRecipes,vanilla,dye/0,lotr:yellow_dye,present,
createStandardRecipes,vanilla,dye/9,minecraft:pink_dye,present,
createStandardRecipes,vanilla,dye/13,minecraft:magenta_dye,present,
createStandardRecipes,vanilla,flaxSeeds,lotr:flax_seeds,present,
createStandardRecipes,vanilla,string,minecraft:string,present,
createStandardRecipes,vanilla,planks2/0,lotr:chestnut_planks,present,
createStandardRecipes,vanilla,stairsChestnut,lotr:chestnut_stairs,present,
createStandardRecipes,vanilla,planks2/1,lotr:baobab_planks,present,
createStandardRecipes,vanilla,stairsBaobab,lotr:baobab_stairs,present,
createStandardRecipes,vanilla,fence2/0,lotr:chestnut_fence,present,
createStandardRecipes,vanilla,fence2/1,lotr:baobab_fence,present,
createStandardRecipes,vanilla,fence2/2,lotr:cedar_fence,present,
createStandardRecipes,vanilla,fence2/3,lotr:fir_fence,present,
createStandardRecipes,vanilla,fence2/4,lotr:pine_fence,present,
createStandardRecipes,vanilla,fence2/5,lotr:lemon_fence,present,
createStandardRecipes,vanilla,fence2/6,lotr:orange_fence,present,
createStandardRecipes,vanilla,fence2/7,lotr:lime_fence,present,
createStandardRecipes,vanilla,fence2/8,lotr:mahogany_fence,present,
createStandardRecipes,vanilla,fence2/9,lotr:willow_fence,present,
createStandardRecipes,vanilla,fence2/10,lotr:cypress_fence,present,
createStandardRecipes,vanilla,fence2/11,lotr:olive_fence,present,
createStandardRecipes,vanilla,fence2/12,lotr:aspen_fence,present,
createStandardRecipes,vanilla,fence2/13,lotr:green_oak_fence,present,
createStandardRecipes,vanilla,fence2/14,lotr:lairelosse_fence,present,
createStandardRecipes,vanilla,fence2/15,lotr:almond_fence,present,
createStandardRecipes,vanilla,planks2/2,lotr:cedar_planks,present,
createStandardRecipes,vanilla,stairsCedar,lotr:cedar_stairs,present,
createStandardRecipes,vanilla,blackUrukSteel,lotr:black_uruk_steel_ingot,present,
createStandardRecipes,vanilla,blockOreStorage2/0,lotr:black_uruk_steel_block,present,
createStandardRecipes,vanilla,utumnoKey/0,lotr:key_of_ice,present,
createStandardRecipes,vanilla,utumnoKey/1,lotr:key_of_obsidian,present,
createStandardRecipes,vanilla,battleaxeIron,lotr:iron_battleaxe,present,
createStandardRecipes,vanilla,battleaxeBronze,lotr:bronze_battleaxe,present,
createStandardRecipes,vanilla,bronzeCrossbow,lotr:bronze_crossbow,present,
createStandardRecipes,vanilla,commandTable,lotr:table_of_command,present,
createStandardRecipes,vanilla,butterflyJar,lotr:butterfly_jar,present,
createStandardRecipes,vanilla,berryPieItem,lotr:berry_pie,present,
createStandardRecipes,?,,,manual,"helper: LOTRVesselRecipes.addRecipes(new ItemStack(LOTRMod.mugBlueberryJuice), new Object[]{LOTRMo"
createStandardRecipes,?,,,manual,"helper: LOTRVesselRecipes.addRecipes(new ItemStack(LOTRMod.mugBlackberryJuice), new Object[]{LOTRM"
createStandardRecipes,?,,,manual,"helper: LOTRVesselRecipes.addRecipes(new ItemStack(LOTRMod.mugRaspberryJuice), new Object[]{LOTRMo"
createStandardRecipes,?,,,manual,"helper: LOTRVesselRecipes.addRecipes(new ItemStack(LOTRMod.mugCranberryJuice), new Object[]{LOTRMo"
createStandardRecipes,?,,,manual,"helper: LOTRVesselRecipes.addRecipes(new ItemStack(LOTRMod.mugElderberryJuice), new Object[]{LOTRM"
createStandardRecipes,vanilla,brick3/0,lotr:blue_carved_brick,present,
createStandardRecipes,vanilla,brick3/1,lotr:red_carved_brick,present,
createStandardRecipes,vanilla,elfSteel,lotr:elven_steel_ingot,present,
createStandardRecipes,vanilla,blockOreStorage2/1,lotr:elf_steel_block,present,
createStandardRecipes,vanilla,planks2/3,lotr:fir_planks,present,
createStandardRecipes,vanilla,stairsFir,lotr:fir_stairs,present,
createStandardRecipes,vanilla,planks2/4,lotr:pine_planks,present,
createStandardRecipes,vanilla,stairsPine,lotr:pine_stairs,present,
createStandardRecipes,vanilla,helmetBone,lotr:bone_helmet,present,
createStandardRecipes,vanilla,bodyBone,lotr:bone_chestplate,present,
createStandardRecipes,vanilla,legsBone,lotr:bone_leggings,present,
createStandardRecipes,vanilla,bootsBone,lotr:bone_boots,present,
createStandardRecipes,vanilla,unsmeltery,lotr:unsmeltery,present,
createStandardRecipes,vanilla,throwingAxeBronze,lotr:bronze_throwing_axe,present,
createStandardRecipes,vanilla,throwingAxeIron,lotr:iron_throwing_axe,present,
createStandardRecipes,vanilla,bronzeBars,lotr:bronze_bars,present,
createStandardRecipes,vanilla,goldBars,lotr:gold_bars,present,
createStandardRecipes,vanilla,silverBars,lotr:silver_bars,present,
createStandardRecipes,vanilla,mithrilBars,lotr:mithril_bars,present,
createStandardRecipes,vanilla,planksRotten/0,lotr:rotten_planks,present,
createStandardRecipes,vanilla,stairsRotten,lotr:rotten_stairs,present,
createStandardRecipes,vanilla,fenceRotten/0,lotr:rotten_fence,present,
createStandardRecipes,vanilla,scorchedSlabSingle/0,lotr:scorched_stone_slab,present,
createStandardRecipes,vanilla,stairsScorchedStone,lotr:scorched_stone_stairs,present,
createStandardRecipes,vanilla,scorchedWall,lotr:scorched_stone_wall,present,
createStandardRecipes,vanilla,planks2/5,lotr:lemon_planks,present,
createStandardRecipes,vanilla,stairsLemon,lotr:lemon_stairs,present,
createStandardRecipes,vanilla,lemonCakeItem,lotr:lemon_cake,present,
createStandardRecipes,vanilla,planks2/6,lotr:orange_planks,present,
createStandardRecipes,vanilla,stairsOrange,lotr:orange_stairs,present,
createStandardRecipes,?,,,manual,"helper: LOTRVesselRecipes.addRecipes(new ItemStack(LOTRMod.mugOrangeJuice), new Object[]{LOTRMod.o"
createStandardRecipes,?,,,manual,"helper: LOTRVesselRecipes.addRecipes(new ItemStack(LOTRMod.mugLemonade), LOTRMod.mugWater, new Obj"
createStandardRecipes,vanilla,alloyForge,lotr:alloy_forge,present,
createStandardRecipes,vanilla,planks2/7,lotr:lime_planks,present,
createStandardRecipes,vanilla,stairsLime,lotr:lime_stairs,present,
createStandardRecipes,vanilla,compass,minecraft:compass,excluded,vanilla recipe rule
createStandardRecipes,vanilla,clock,minecraft:clock,excluded,vanilla recipe rule
createStandardRecipes,vanilla,obsidianShard,lotr:obsidian_shard,present,
createStandardRecipes,vanilla,obsidian,minecraft:obsidian,present,
createStandardRecipes,vanilla,mossy_cobblestone/0,minecraft:mossy_cobblestone,excluded,vanilla recipe rule
createStandardRecipes,vanilla,stonebrick/1,minecraft:stonebrick,excluded,vanilla recipe rule
createStandardRecipes,vanilla,planks2/8,lotr:mahogany_planks,present,
createStandardRecipes,vanilla,stairsMahogany,lotr:mahogany_stairs,present,
createStandardRecipes,vanilla,,,manual,no result: GameRegistry.addRecipe(new LOTRRecipesBanners())
createStandardRecipes,vanilla,redSandstone/0,,excluded,vanilla
createStandardRecipes,vanilla,slabSingle7/5,,excluded,vanilla
createStandardRecipes,vanilla,stairsRedSandstone,,excluded,vanilla
createStandardRecipes,vanilla,thatch/1,lotr:thatch_reed,present,
createStandardRecipes,vanilla,slabSingleThatch/1,lotr:thatch_reed_slab,present,
createStandardRecipes,vanilla,stairsReed,lotr:thatch_reed_stairs,present,
createStandardRecipes,vanilla,pikeIron,lotr:iron_pike,present,
createStandardRecipes,vanilla,woodBeamV1/0,lotr:oak_beam,present,
createStandardRecipes,vanilla,woodBeamV1/1,lotr:spruce_beam,present,
createStandardRecipes,vanilla,woodBeamV1/2,lotr:birch_beam,present,
createStandardRecipes,vanilla,woodBeamV1/3,lotr:jungle_beam,present,
createStandardRecipes,vanilla,reedBars,lotr:reed_bars,present,
createStandardRecipes,vanilla,woodBeamV2/0,lotr:acacia_beam,present,
createStandardRecipes,vanilla,woodBeamV2/1,lotr:dark_oak_beam,present,
createStandardRecipes,vanilla,woodBeam1/0,lotr:shire_pine_beam,present,
createStandardRecipes,vanilla,woodBeam1/2,lotr:mirk_oak_beam,present,
createStandardRecipes,vanilla,woodBeam1/3,lotr:charred_beam,present,
createStandardRecipes,vanilla,paper,minecraft:paper,present,
createStandardRecipes,vanilla,paper,minecraft:paper,present,
createStandardRecipes,vanilla,weaponRack,lotr:weapon_rack,present,
createStandardRecipes,vanilla,wasteBlock,lotr:waste_block,present,
createStandardRecipes,vanilla,dirtPath/0,,excluded,vanilla
createStandardRecipes,vanilla,planks2/9,lotr:willow_planks,present,
createStandardRecipes,vanilla,stairsWillow,lotr:willow_stairs,present,
createStandardRecipes,vanilla,woodBeam2/0,lotr:lebethron_beam,present,
createStandardRecipes,vanilla,woodBeam2/1,lotr:beech_beam,present,
createStandardRecipes,vanilla,woodBeam2/2,lotr:holly_beam,present,
createStandardRecipes,vanilla,woodBeam2/3,lotr:banana_beam,present,
createStandardRecipes,vanilla,woodBeamFruit/0,lotr:apple_beam,present,
createStandardRecipes,vanilla,woodBeamFruit/1,lotr:pear_beam,present,
createStandardRecipes,vanilla,woodBeamFruit/2,lotr:cherry_beam,present,
createStandardRecipes,vanilla,woodBeamFruit/3,lotr:mango_beam,present,
createStandardRecipes,vanilla,woodBeam3/0,lotr:maple_beam,present,
createStandardRecipes,vanilla,woodBeam3/1,lotr:larch_beam,present,
createStandardRecipes,vanilla,woodBeam3/2,lotr:date_palm_beam,present,
createStandardRecipes,vanilla,woodBeam3/3,lotr:mangrove_beam,present,
createStandardRecipes,vanilla,woodBeam4/0,lotr:chestnut_beam,present,
createStandardRecipes,vanilla,woodBeam4/1,lotr:baobab_beam,present,
createStandardRecipes,vanilla,woodBeam4/2,lotr:cedar_beam,present,
createStandardRecipes,vanilla,woodBeam4/3,lotr:fir_beam,present,
createStandardRecipes,vanilla,woodBeam5/0,lotr:pine_beam,present,
createStandardRecipes,vanilla,woodBeam5/1,lotr:lemon_beam,present,
createStandardRecipes,vanilla,woodBeam5/2,lotr:orange_beam,present,
createStandardRecipes,vanilla,woodBeam5/3,lotr:lime_beam,present,
createStandardRecipes,vanilla,woodBeam6/0,lotr:mahogany_beam,present,
createStandardRecipes,vanilla,woodBeam6/1,lotr:willow_beam,present,
createStandardRecipes,vanilla,woodBeam6/2,lotr:cypress_beam,present,
createStandardRecipes,vanilla,woodBeam6/3,lotr:olive_beam,present,
createStandardRecipes,vanilla,woodBeamRotten/0,lotr:rotten_beam,present,
createStandardRecipes,vanilla,brick4/15,lotr:chalk_brick,present,
createStandardRecipes,vanilla,stairsChalkBrick,lotr:chalk_brick_stairs,present,
createStandardRecipes,vanilla,wall3/6,lotr:chalk_wall,present,
createStandardRecipes,vanilla,wall3/7,lotr:chalk_brick_wall,present,
createStandardRecipes,vanilla,slabSingle11/7,lotr:chalk_slab,present,
createStandardRecipes,vanilla,smoothStone/5,lotr:smooth_chalk,present,
createStandardRecipes,vanilla,slabSingle8/7,lotr:smooth_chalk_slab,present,
createStandardRecipes,vanilla,slabSingle9/0,lotr:chalk_brick_slab,present,
createStandardRecipes,vanilla,pillar2/1,lotr:chalk_pillar,present,
createStandardRecipes,vanilla,slabSingle9/1,lotr:chalk_pillar_slab,present,
createStandardRecipes,vanilla,pressurePlateChalk,lotr:chalk_pressure_plate,present,
createStandardRecipes,vanilla,buttonChalk,lotr:chalk_button,present,
createStandardRecipes,vanilla,wallStoneV/0,lotr:stone_wall,present,
createStandardRecipes,vanilla,wallStoneV/1,,excluded,vanilla
createStandardRecipes,vanilla,wallStoneV/2,,excluded,vanilla
createStandardRecipes,vanilla,wallStoneV/3,lotr:cracked_stone_brick_wall,present,
createStandardRecipes,vanilla,wallStoneV/4,,excluded,vanilla
createStandardRecipes,vanilla,wallStoneV/5,,excluded,vanilla
createStandardRecipes,vanilla,wallStoneV/6,,excluded,vanilla
createStandardRecipes,vanilla,stairsStoneBrickMossy,,excluded,vanilla
createStandardRecipes,vanilla,stairsStoneBrickCracked,lotr:cracked_stone_brick_stairs,present,
createStandardRecipes,vanilla,slabSingleV/0,,excluded,vanilla
createStandardRecipes,vanilla,slabSingleV/1,lotr:cracked_stone_brick_slab,present,
createStandardRecipes,vanilla,stairsStone,,excluded,vanilla
createStandardRecipes,vanilla,stairsBlueRock,lotr:blue_rock_stairs,present,
createStandardRecipes,vanilla,stairsRedRock,lotr:red_rock_stairs,present,
createStandardRecipes,vanilla,stairsChalk,lotr:chalk_stairs,present,
createStandardRecipes,vanilla,dye/3,lotr:clover_green,present,
createStandardRecipes,vanilla,clayTile/0,lotr:clay_tile,present,
createStandardRecipes,vanilla,clayTileDyed/0,lotr:clay_tile_dyed_white,present,
createStandardRecipes,vanilla,clayTileDyed/1,lotr:clay_tile_dyed_orange,present,
createStandardRecipes,vanilla,clayTileDyed/2,lotr:clay_tile_dyed_magenta,present,
createStandardRecipes,vanilla,clayTileDyed/3,lotr:clay_tile_dyed_light_blue,present,
createStandardRecipes,vanilla,clayTileDyed/4,lotr:clay_tile_dyed_yellow,present,
createStandardRecipes,vanilla,clayTileDyed/5,lotr:clay_tile_dyed_lime,present,
createStandardRecipes,vanilla,clayTileDyed/6,lotr:clay_tile_dyed_pink,present,
createStandardRecipes,vanilla,clayTileDyed/7,lotr:clay_tile_dyed_gray,present,
createStandardRecipes,vanilla,clayTileDyed/8,lotr:clay_tile_dyed_silver,present,
createStandardRecipes,vanilla,clayTileDyed/9,lotr:clay_tile_dyed_cyan,present,
createStandardRecipes,vanilla,clayTileDyed/10,lotr:clay_tile_dyed_purple,present,
createStandardRecipes,vanilla,clayTileDyed/11,lotr:clay_tile_dyed_blue,present,
createStandardRecipes,vanilla,clayTileDyed/12,lotr:clay_tile_dyed_brown,present,
createStandardRecipes,vanilla,clayTileDyed/13,lotr:clay_tile_dyed_green,present,
createStandardRecipes,vanilla,clayTileDyed/14,lotr:clay_tile_dyed_red,present,
createStandardRecipes,vanilla,clayTileDyed/15,lotr:clay_tile_dyed_black,present,
createStandardRecipes,vanilla,clayTileDyed/0,lotr:clay_tile_dyed_white,present,
createStandardRecipes,vanilla,clayTileDyed/1,lotr:clay_tile_dyed_orange,present,
createStandardRecipes,vanilla,clayTileDyed/2,lotr:clay_tile_dyed_magenta,present,
createStandardRecipes,vanilla,clayTileDyed/3,lotr:clay_tile_dyed_light_blue,present,
createStandardRecipes,vanilla,clayTileDyed/4,lotr:clay_tile_dyed_yellow,present,
createStandardRecipes,vanilla,clayTileDyed/5,lotr:clay_tile_dyed_lime,present,
createStandardRecipes,vanilla,clayTileDyed/6,lotr:clay_tile_dyed_pink,present,
createStandardRecipes,vanilla,clayTileDyed/7,lotr:clay_tile_dyed_gray,present,
createStandardRecipes,vanilla,clayTileDyed/8,lotr:clay_tile_dyed_silver,present,
createStandardRecipes,vanilla,clayTileDyed/9,lotr:clay_tile_dyed_cyan,present,
createStandardRecipes,vanilla,clayTileDyed/10,lotr:clay_tile_dyed_purple,present,
createStandardRecipes,vanilla,clayTileDyed/11,lotr:clay_tile_dyed_blue,present,
createStandardRecipes,vanilla,clayTileDyed/12,lotr:clay_tile_dyed_brown,present,
createStandardRecipes,vanilla,clayTileDyed/13,lotr:clay_tile_dyed_green,present,
createStandardRecipes,vanilla,clayTileDyed/14,lotr:clay_tile_dyed_red,present,
createStandardRecipes,vanilla,clayTileDyed/15,lotr:clay_tile_dyed_black,present,
createStandardRecipes,vanilla,slabClayTileSingle/0,lotr:clay_tile_slab,present,
createStandardRecipes,vanilla,slabClayTileDyedSingle/0,lotr:clay_tile_dyed_white_slab,present,
createStandardRecipes,vanilla,slabClayTileDyedSingle/1,lotr:clay_tile_dyed_orange_slab,present,
createStandardRecipes,vanilla,slabClayTileDyedSingle/2,lotr:clay_tile_dyed_magenta_slab,present,
createStandardRecipes,vanilla,slabClayTileDyedSingle/3,lotr:clay_tile_dyed_light_blue_slab,present,
createStandardRecipes,vanilla,slabClayTileDyedSingle/4,lotr:clay_tile_dyed_yellow_slab,present,
createStandardRecipes,vanilla,slabClayTileDyedSingle/5,lotr:clay_tile_dyed_lime_slab,present,
createStandardRecipes,vanilla,slabClayTileDyedSingle/6,lotr:clay_tile_dyed_pink_slab,present,
createStandardRecipes,vanilla,slabClayTileDyedSingle/7,lotr:clay_tile_dyed_gray_slab,present,
createStandardRecipes,vanilla,slabClayTileDyedSingle2/0,lotr:clay_tile_dyed_silver_slab,present,
createStandardRecipes,vanilla,slabClayTileDyedSingle2/1,lotr:clay_tile_dyed_cyan_slab,present,
createStandardRecipes,vanilla,slabClayTileDyedSingle2/2,lotr:clay_tile_dyed_purple_slab,present,
createStandardRecipes,vanilla,slabClayTileDyedSingle2/3,lotr:clay_tile_dyed_blue_slab,present,
createStandardRecipes,vanilla,slabClayTileDyedSingle2/4,lotr:clay_tile_dyed_brown_slab,present,
createStandardRecipes,vanilla,slabClayTileDyedSingle2/5,lotr:clay_tile_dyed_green_slab,present,
createStandardRecipes,vanilla,slabClayTileDyedSingle2/6,lotr:clay_tile_dyed_red_slab,present,
createStandardRecipes,vanilla,slabClayTileDyedSingle2/7,lotr:clay_tile_dyed_black_slab,present,
createStandardRecipes,vanilla,stairsClayTile,lotr:clay_tile_stairs,present,
createStandardRecipes,vanilla,stairsClayTileDyedWhite,lotr:clay_tile_dyed_white_stairs,present,
createStandardRecipes,vanilla,stairsClayTileDyedOrange,lotr:clay_tile_dyed_orange_stairs,present,
createStandardRecipes,vanilla,stairsClayTileDyedMagenta,lotr:clay_tile_dyed_magenta_stairs,present,
createStandardRecipes,vanilla,stairsClayTileDyedLightBlue,lotr:clay_tile_dyed_light_blue_stairs,present,
createStandardRecipes,vanilla,stairsClayTileDyedYellow,lotr:clay_tile_dyed_yellow_stairs,present,
createStandardRecipes,vanilla,stairsClayTileDyedLime,lotr:clay_tile_dyed_lime_stairs,present,
createStandardRecipes,vanilla,stairsClayTileDyedPink,lotr:clay_tile_dyed_pink_stairs,present,
createStandardRecipes,vanilla,stairsClayTileDyedGray,lotr:clay_tile_dyed_gray_stairs,present,
createStandardRecipes,vanilla,stairsClayTileDyedLightGray,lotr:clay_tile_dyed_silver_stairs,present,
createStandardRecipes,vanilla,stairsClayTileDyedCyan,lotr:clay_tile_dyed_cyan_stairs,present,
createStandardRecipes,vanilla,stairsClayTileDyedPurple,lotr:clay_tile_dyed_purple_stairs,present,
createStandardRecipes,vanilla,stairsClayTileDyedBlue,lotr:clay_tile_dyed_blue_stairs,present,
createStandardRecipes,vanilla,stairsClayTileDyedBrown,lotr:clay_tile_dyed_brown_stairs,present,
createStandardRecipes,vanilla,stairsClayTileDyedGreen,lotr:clay_tile_dyed_green_stairs,present,
createStandardRecipes,vanilla,stairsClayTileDyedRed,lotr:clay_tile_dyed_red_stairs,present,
createStandardRecipes,vanilla,stairsClayTileDyedBlack,lotr:clay_tile_dyed_black_stairs,present,
createStandardRecipes,vanilla,pillar2/2,lotr:stone_pillar,present,
createStandardRecipes,vanilla,slabSingle9/2,lotr:stone_pillar_slab,present,
createStandardRecipes,vanilla,dye/4,lotr:charcoal_dust,present,
createStandardRecipes,vanilla,dye/5,lotr:brown_dye,present,
createStandardRecipes,vanilla,dye/5,lotr:brown_dye,present,
createStandardRecipes,vanilla,dye/1,lotr:white_dye,present,
createStandardRecipes,vanilla,dye/12,minecraft:light_blue_dye,present,
createStandardRecipes,vanilla,dye/10,minecraft:lime_dye,present,
createStandardRecipes,vanilla,dye/5,lotr:brown_dye,present,
createStandardRecipes,vanilla,dye/0,lotr:yellow_dye,present,
createStandardRecipes,vanilla,dye/0,lotr:yellow_dye,present,
createStandardRecipes,vanilla,dye/14,minecraft:orange_dye,present,
createStandardRecipes,vanilla,dye/7,minecraft:light_gray_dye,present,
createStandardRecipes,vanilla,pillar2/3,lotr:brick_pillar,present,
createStandardRecipes,vanilla,slabSingle9/3,lotr:brick_pillar_slab,present,
createStandardRecipes,vanilla,gateGear,lotr:gate_gears,present,
createStandardRecipes,vanilla,gateWooden,lotr:wooden_gate,present,
createStandardRecipes,vanilla,gateIronBars,lotr:gate_iron_bars,present,
createStandardRecipes,vanilla,gateBronzeBars,lotr:gate_bronze_bars,present,
createStandardRecipes,vanilla,gateWoodenCross,lotr:gate_wooden_cross,present,
createStandardRecipes,vanilla,saddle,minecraft:saddle,present,
createStandardRecipes,vanilla,furBedItem,lotr:fur_bed,present,
createStandardRecipes,vanilla,slabUtumnoSingle/0,lotr:fire_utumno_brick_slab,present,
createStandardRecipes,vanilla,slabUtumnoSingle/1,lotr:ice_utumno_brick_slab,present,
createStandardRecipes,vanilla,slabUtumnoSingle/2,lotr:obsidian_utumno_brick_slab,present,
createStandardRecipes,vanilla,slabUtumnoSingle/3,lotr:fire_utumno_pillar_slab,present,
createStandardRecipes,vanilla,slabUtumnoSingle/4,lotr:ice_utumno_pillar_slab,present,
createStandardRecipes,vanilla,slabUtumnoSingle/5,lotr:obsidian_utumno_pillar_slab,present,
createStandardRecipes,vanilla,stairsUtumnoBrickFire,lotr:fire_utumno_brick_stairs,present,
createStandardRecipes,vanilla,stairsUtumnoBrickIce,lotr:ice_utumno_brick_stairs,present,
createStandardRecipes,vanilla,stairsUtumnoBrickObsidian,lotr:obsidian_utumno_brick_stairs,present,
createStandardRecipes,vanilla,wallUtumno/0,lotr:fire_utumno_brick_wall,present,
createStandardRecipes,vanilla,wallUtumno/1,lotr:ice_utumno_brick_wall,present,
createStandardRecipes,vanilla,wallUtumno/2,lotr:obsidian_utumno_brick_wall,present,
createStandardRecipes,vanilla,halberdMithril,lotr:mithril_halberd,present,
createStandardRecipes,vanilla,gateSilver,lotr:silver_gate,present,
createStandardRecipes,vanilla,gateGold,lotr:gold_gate,present,
createStandardRecipes,vanilla,gateMithril,lotr:mithril_gate,present,
createStandardRecipes,vanilla,brick5/0,lotr:mud_brick,present,
createStandardRecipes,vanilla,stairsMudBrick,lotr:mud_brick_stairs,present,
createStandardRecipes,vanilla,wall3/8,lotr:mud_brick_wall,present,
createStandardRecipes,vanilla,slabSingle9/5,lotr:mud_brick_slab,present,
createStandardRecipes,vanilla,leekSoup,lotr:leek_soup,present,
createStandardRecipes,vanilla,,,manual,no result: GameRegistry.addRecipe(new LOTRRecipesPoisonDrinks())
createStandardRecipes,vanilla,planks2/10,lotr:cypress_planks,present,
createStandardRecipes,vanilla,stairsCypress,lotr:cypress_stairs,present,
createStandardRecipes,vanilla,planks2/11,lotr:olive_planks,present,
createStandardRecipes,vanilla,stairsOlive,lotr:olive_stairs,present,
createStandardRecipes,?,,,manual,"helper: LOTRVesselRecipes.addRecipes(new ItemStack(LOTRMod.mugAppleJuice), new Object[]{""apple"", """
createStandardRecipes,vanilla,redBrick/0,lotr:red_brick_mossy,present,
createStandardRecipes,vanilla,slabSingleV/2,lotr:red_brick_mossy_slab,present,
createStandardRecipes,vanilla,slabSingleV/3,lotr:red_brick_cracked_slab,present,
createStandardRecipes,vanilla,stairsBrickMossy,lotr:red_brick_mossy_stairs,present,
createStandardRecipes,vanilla,stairsBrickCracked,lotr:red_brick_cracked_stairs,present,
createStandardRecipes,vanilla,wallStoneV/7,lotr:red_brick_mossy_wall,present,
createStandardRecipes,vanilla,wallStoneV/8,lotr:red_brick_cracked_wall,present,
createStandardRecipes,vanilla,dirt/1,minecraft:dirt,present,
createStandardRecipes,vanilla,oliveBread,lotr:olive_bread,present,
createStandardRecipes,vanilla,rollingPin,lotr:rolling_pin,present,
createStandardRecipes,vanilla,seedsGrapeRed,lotr:red_grape_seeds,present,
createStandardRecipes,vanilla,seedsGrapeWhite,lotr:green_grape_seeds,present,
createStandardRecipes,?,,,manual,"helper: LOTRVesselRecipes.addRecipes(new ItemStack(LOTRMod.mugRedGrapeJuice), new Object[]{LOTRMod"
createStandardRecipes,?,,,manual,"helper: LOTRVesselRecipes.addRecipes(new ItemStack(LOTRMod.mugWhiteGrapeJuice), new Object[]{LOTRM"
createStandardRecipes,vanilla,grapevine,lotr:grapevine,present,
createStandardRecipes,vanilla,melonSoup,lotr:melon_soup,present,
createStandardRecipes,vanilla,planks2/12,lotr:aspen_planks,present,
createStandardRecipes,vanilla,stairsAspen,lotr:aspen_stairs,present,
createStandardRecipes,vanilla,woodBeam7/0,lotr:aspen_beam,present,
createStandardRecipes,vanilla,woodBeam7/1,lotr:green_oak_beam,present,
createStandardRecipes,vanilla,woodBeam7/2,lotr:lairelosse_beam,present,
createStandardRecipes,vanilla,woodBeam7/3,lotr:almond_beam,present,
createStandardRecipes,vanilla,planks2/13,lotr:green_oak_planks,present,
createStandardRecipes,vanilla,stairsGreenOak,lotr:green_oak_stairs,present,
createStandardRecipes,vanilla,planks2/14,lotr:lairelosse_planks,present,
createStandardRecipes,vanilla,stairsLairelosse,lotr:lairelosse_stairs,present,
createStandardRecipes,vanilla,planks2/15,lotr:almond_planks,present,
createStandardRecipes,vanilla,stairsAlmond,lotr:almond_stairs,present,
createStandardRecipes,vanilla,bottlePoison,lotr:bottle_of_poison,present,
createStandardRecipes,vanilla,slabSingleDirt/0,lotr:dirt_slab,present,
createStandardRecipes,vanilla,slabSingleDirt/1,lotr:dirt_path_slab,present,
createStandardRecipes,vanilla,slabSingleDirt/2,lotr:mud_slab,present,
createStandardRecipes,vanilla,slabSingleDirt/3,lotr:mordor_dirt_slab,present,
createStandardRecipes,vanilla,slabSingleSand/0,lotr:sand_slab,present,
createStandardRecipes,vanilla,slabSingleSand/1,lotr:red_sand_slab,present,
createStandardRecipes,vanilla,slabSingleGravel/0,lotr:gravel_slab,present,
createStandardRecipes,vanilla,slabSingleGravel/1,lotr:mordor_gravel_slab,present,
createStandardRecipes,vanilla,slabSingleGravel/2,lotr:obsidian_gravel_slab,present,
createStandardRecipes,vanilla,blackrootStick,lotr:blackroot_stick,present,
createStandardRecipes,vanilla,planks3/0,lotr:plum_planks,present,
createStandardRecipes,vanilla,stairsPlum,lotr:plum_stairs,present,
createStandardRecipes,vanilla,fence3/0,lotr:plum_fence,present,
createStandardRecipes,vanilla,fence3/1,lotr:redwood_fence,present,
createStandardRecipes,vanilla,fence3/2,lotr:pomegranate_fence,present,
createStandardRecipes,vanilla,fence3/3,lotr:palm_fence,present,
createStandardRecipes,vanilla,fence3/4,lotr:dragon_fence,present,
createStandardRecipes,vanilla,fence3/5,lotr:kanuka_fence,present,
createStandardRecipes,vanilla,woodBeam8/0,lotr:plum_beam,present,
createStandardRecipes,vanilla,woodBeam8/1,lotr:redwood_beam,present,
createStandardRecipes,vanilla,woodBeam8/2,lotr:pomegranate_beam,present,
createStandardRecipes,vanilla,woodBeam8/3,lotr:palm_beam,present,
createStandardRecipes,vanilla,whiteSandstone/0,lotr:white_sandstone,present,
createStandardRecipes,vanilla,slabSingle10/6,lotr:white_sandstone_slab,present,
createStandardRecipes,vanilla,stairsWhiteSandstone,lotr:white_sandstone_stairs,present,
createStandardRecipes,vanilla,wall3/14,lotr:white_sandstone_wall,present,
createStandardRecipes,vanilla,slabSingleSand/2,lotr:white_sand_slab,present,
createStandardRecipes,?,,,manual,"helper: LOTRBlockTreasurePile.generateTreasureRecipes(LOTRMod.treasureCopper, LOTRMod.copper)"
createStandardRecipes,?,,,manual,"helper: LOTRBlockTreasurePile.generateTreasureRecipes(LOTRMod.treasureSilver, LOTRMod.silver)"
createStandardRecipes,?,,,manual,"helper: LOTRBlockTreasurePile.generateTreasureRecipes(LOTRMod.treasureGold, Items.gold_ingot)"
createStandardRecipes,vanilla,chestBasket,lotr:reed_basket,present,
createStandardRecipes,vanilla,dye/14,minecraft:orange_dye,present,
createStandardRecipes,vanilla,dye/2,lotr:bluebell_blue,present,
createStandardRecipes,vanilla,dye/14,minecraft:orange_dye,present,
createStandardRecipes,vanilla,dye/9,minecraft:pink_dye,present,
createStandardRecipes,vanilla,dye/0,lotr:yellow_dye,present,
createStandardRecipes,vanilla,dye/1,lotr:white_dye,present,
createStandardRecipes,vanilla,slabSingleV/4,,excluded,vanilla
createStandardRecipes,vanilla,stairsCobblestoneMossy,,excluded,vanilla
createStandardRecipes,vanilla,dye/5,minecraft:purple_dye,present,
createStandardRecipes,vanilla,spearStone,lotr:stone_spear,present,
createStandardRecipes,vanilla,marzipan,lotr:marchpane,present,
createStandardRecipes,vanilla,marzipanChocolate,lotr:chocolate_marchpane,present,
createStandardRecipes,vanilla,marzipanBlock,lotr:marchpane_block,present,
createStandardRecipes,vanilla,,,manual,no result: GameRegistry.addRecipe(new LOTRRecipePartyHatDye())
createStandardRecipes,vanilla,wallClayTile/0,lotr:clay_tile_wall,present,
createStandardRecipes,vanilla,wallClayTileDyed/0,lotr:clay_tile_dyed_white_wall,present,
createStandardRecipes,vanilla,wallClayTileDyed/1,lotr:clay_tile_dyed_orange_wall,present,
createStandardRecipes,vanilla,wallClayTileDyed/2,lotr:clay_tile_dyed_magenta_wall,present,
createStandardRecipes,vanilla,wallClayTileDyed/3,lotr:clay_tile_dyed_light_blue_wall,present,
createStandardRecipes,vanilla,wallClayTileDyed/4,lotr:clay_tile_dyed_yellow_wall,present,
createStandardRecipes,vanilla,wallClayTileDyed/5,lotr:clay_tile_dyed_lime_wall,present,
createStandardRecipes,vanilla,wallClayTileDyed/6,lotr:clay_tile_dyed_pink_wall,present,
createStandardRecipes,vanilla,wallClayTileDyed/7,lotr:clay_tile_dyed_gray_wall,present,
createStandardRecipes,vanilla,wallClayTileDyed/8,lotr:clay_tile_dyed_silver_wall,present,
createStandardRecipes,vanilla,wallClayTileDyed/9,lotr:clay_tile_dyed_cyan_wall,present,
createStandardRecipes,vanilla,wallClayTileDyed/10,lotr:clay_tile_dyed_purple_wall,present,
createStandardRecipes,vanilla,wallClayTileDyed/11,lotr:clay_tile_dyed_blue_wall,present,
createStandardRecipes,vanilla,wallClayTileDyed/12,lotr:clay_tile_dyed_brown_wall,present,
createStandardRecipes,vanilla,wallClayTileDyed/13,lotr:clay_tile_dyed_green_wall,present,
createStandardRecipes,vanilla,wallClayTileDyed/14,lotr:clay_tile_dyed_red_wall,present,
createStandardRecipes,vanilla,wallClayTileDyed/15,lotr:clay_tile_dyed_black_wall,present,
createStandardRecipes,vanilla,gobletGold,lotr:golden_goblet,present,
createStandardRecipes,vanilla,gobletSilver,lotr:silver_goblet,present,
createStandardRecipes,vanilla,gobletCopper,lotr:copper_goblet,present,
createStandardRecipes,vanilla,gobletWood,lotr:wooden_cup,present,
createStandardRecipes,vanilla,skullCup,lotr:skull_cup,present,
createStandardRecipes,vanilla,wineGlass,lotr:wine_glass,present,
createStandardRecipes,vanilla,waterskin,lotr:waterskin,present,
createStandardRecipes,vanilla,waterskin,lotr:waterskin,present,
createStandardRecipes,vanilla,waterskin,lotr:waterskin,present,
createStandardRecipes,vanilla,waterskin,lotr:waterskin,present,
createStandardRecipes,vanilla,aleHorn,lotr:ale_horn,present,
createStandardRecipes,vanilla,aleHornGold,lotr:golden_ale_horn,present,
createStandardRecipes,vanilla,oreGlowstone,lotr:glowstone_ore,present,
createStandardRecipes,vanilla,stonebrick/3,minecraft:chiseled_stone_bricks,excluded,vanilla recipe rule
createStandardRecipes,vanilla,birdCage/0,lotr:bronze_bird_cage,present,
createStandardRecipes,vanilla,birdCage/1,lotr:iron_bird_cage,present,
createStandardRecipes,vanilla,birdCage/2,lotr:silver_bird_cage,present,
createStandardRecipes,vanilla,birdCage/3,lotr:gold_bird_cage,present,
createStandardRecipes,vanilla,birdCageWood/0,lotr:wooden_bird_cage,present,
createStandardRecipes,vanilla,chisel,lotr:chisel,present,
createStandardRecipes,vanilla,slabSingleV/5,,excluded,vanilla
createStandardRecipes,vanilla,smoothStoneV/0,,excluded,vanilla
createStandardRecipes,vanilla,,,manual,"no result: GameRegistry.addRecipe(new ShapedOreRecipe(new ItemStack(fallenBlock, 6, fallenMeta), ""XXX"
createStandardRecipes,vanilla,planks3/1,lotr:redwood_planks,present,
createStandardRecipes,vanilla,stairsRedwood,lotr:redwood_stairs,present,
createStandardRecipes,vanilla,daub,lotr:daub,present,
createStandardRecipes,vanilla,daub,lotr:daub,present,
createStandardRecipes,vanilla,kebabBlock/0,lotr:kebab_block,present,
createStandardRecipes,vanilla,kebab,lotr:kebab,present,
createStandardRecipes,vanilla,blockOreStorage2/2,lotr:gilded_iron_block,present,
createStandardRecipes,vanilla,gildedIron,lotr:gilded_iron_ingot,present,
createStandardRecipes,vanilla,planks3/2,lotr:pomegranate_planks,present,
createStandardRecipes,vanilla,stairsPomegranate,lotr:pomegranate_stairs,present,
createStandardRecipes,?,,,manual,"helper: LOTRVesselRecipes.addRecipes(new ItemStack(LOTRMod.mugPomegranateJuice), new Object[]{LOTR"
createStandardRecipes,vanilla,item_frame,minecraft:item_frame,present,
createStandardRecipes,vanilla,mattockMithril,lotr:mithril_mattock,present,
createStandardRecipes,vanilla,gammon,lotr:gammon,present,
createStandardRecipes,vanilla,blockOreStorage2/3,lotr:salt_block,present,
createStandardRecipes,vanilla,salt,lotr:salt,present,
createStandardRecipes,vanilla,saltedFlesh,lotr:suspicious_meat,present,
createStandardRecipes,vanilla,cornBread,lotr:corn_bread,present,
createStandardRecipes,vanilla,fenceGateSpruce,,excluded,vanilla
createStandardRecipes,vanilla,fenceGateBirch,,excluded,vanilla
createStandardRecipes,vanilla,fenceGateJungle,,excluded,vanilla
createStandardRecipes,vanilla,fenceGateAcacia,,excluded,vanilla
createStandardRecipes,vanilla,fenceGateDarkOak,,excluded,vanilla
createStandardRecipes,vanilla,fenceGateShirePine,lotr:shire_pine_fence_gate,present,
createStandardRecipes,vanilla,fenceGateMirkOak,lotr:mirk_oak_fence_gate,present,
createStandardRecipes,vanilla,fenceGateCharred,lotr:charred_fence_gate,present,
createStandardRecipes,vanilla,fenceGateApple,lotr:apple_fence_gate,present,
createStandardRecipes,vanilla,fenceGatePear,lotr:pear_fence_gate,present,
createStandardRecipes,vanilla,fenceGateCherry,lotr:cherry_fence_gate,present,
createStandardRecipes,vanilla,fenceGateMango,lotr:mango_fence_gate,present,
createStandardRecipes,vanilla,fenceGateLebethron,lotr:lebethron_fence_gate,present,
createStandardRecipes,vanilla,fenceGateBeech,lotr:beech_fence_gate,present,
createStandardRecipes,vanilla,fenceGateHolly,lotr:holly_fence_gate,present,
createStandardRecipes,vanilla,fenceGateBanana,lotr:banana_fence_gate,present,
createStandardRecipes,vanilla,fenceGateMaple,lotr:maple_fence_gate,present,
createStandardRecipes,vanilla,fenceGateLarch,lotr:larch_fence_gate,present,
createStandardRecipes,vanilla,fenceGateDatePalm,lotr:date_palm_fence_gate,present,
createStandardRecipes,vanilla,fenceGateMangrove,lotr:mangrove_fence_gate,present,
createStandardRecipes,vanilla,fenceGateChestnut,lotr:chestnut_fence_gate,present,
createStandardRecipes,vanilla,fenceGateBaobab,lotr:baobab_fence_gate,present,
createStandardRecipes,vanilla,fenceGateCedar,lotr:cedar_fence_gate,present,
createStandardRecipes,vanilla,fenceGateFir,lotr:fir_fence_gate,present,
createStandardRecipes,vanilla,fenceGatePine,lotr:pine_fence_gate,present,
createStandardRecipes,vanilla,fenceGateLemon,lotr:lemon_fence_gate,present,
createStandardRecipes,vanilla,fenceGateOrange,lotr:orange_fence_gate,present,
createStandardRecipes,vanilla,fenceGateLime,lotr:lime_fence_gate,present,
createStandardRecipes,vanilla,fenceGateMahogany,lotr:mahogany_fence_gate,present,
createStandardRecipes,vanilla,fenceGateWillow,lotr:willow_fence_gate,present,
createStandardRecipes,vanilla,fenceGateCypress,lotr:cypress_fence_gate,present,
createStandardRecipes,vanilla,fenceGateOlive,lotr:olive_fence_gate,present,
createStandardRecipes,vanilla,fenceGateAspen,lotr:aspen_fence_gate,present,
createStandardRecipes,vanilla,fenceGateGreenOak,lotr:green_oak_fence_gate,present,
createStandardRecipes,vanilla,fenceGateLairelosse,lotr:lairelosse_fence_gate,present,
createStandardRecipes,vanilla,fenceGateAlmond,lotr:almond_fence_gate,present,
createStandardRecipes,vanilla,fenceGateRotten,lotr:rotten_fence_gate,present,
createStandardRecipes,vanilla,fenceGatePlum,lotr:plum_fence_gate,present,
createStandardRecipes,vanilla,fenceGateRedwood,lotr:redwood_fence_gate,present,
createStandardRecipes,vanilla,fenceGatePomegranate,lotr:pomegranate_fence_gate,present,
createStandardRecipes,vanilla,slabUtumnoSingle2/0,lotr:utumno_ice_tile_brick_slab,present,
createStandardRecipes,vanilla,slabUtumnoSingle2/1,lotr:utumno_obsidian_tile_brick_slab,present,
createStandardRecipes,vanilla,slabUtumnoSingle2/2,lotr:utumno_fire_tile_brick_slab,present,
createStandardRecipes,vanilla,stairsUtumnoTileIce,lotr:utumno_ice_tile_brick_stairs,present,
createStandardRecipes,vanilla,stairsUtumnoTileObsidian,lotr:utumno_obsidian_tile_brick_stairs,present,
createStandardRecipes,vanilla,stairsUtumnoTileFire,lotr:utumno_fire_tile_brick_stairs,present,
createStandardRecipes,vanilla,wallUtumno/3,lotr:utumno_ice_tile_brick_wall,present,
createStandardRecipes,vanilla,wallUtumno/4,lotr:utumno_obsidian_tile_brick_wall,present,
createStandardRecipes,vanilla,wallUtumno/5,lotr:utumno_fire_tile_brick_wall,present,
createStandardRecipes,vanilla,millstone,lotr:millstone,present,
createStandardRecipes,vanilla,millstone,lotr:millstone,present,
createStandardRecipes,vanilla,topaz,lotr:topaz,present,
createStandardRecipes,vanilla,blockGem/0,lotr:topaz_block,present,
createStandardRecipes,vanilla,amethyst,lotr:amethyst,present,
createStandardRecipes,vanilla,blockGem/1,lotr:amethyst_block,present,
createStandardRecipes,vanilla,sapphire,lotr:sapphire,present,
createStandardRecipes,vanilla,blockGem/2,lotr:sapphire_block,present,
createStandardRecipes,vanilla,ruby,lotr:ruby,present,
createStandardRecipes,vanilla,blockGem/3,lotr:ruby_block,present,
createStandardRecipes,vanilla,amber,lotr:amber,present,
createStandardRecipes,vanilla,blockGem/4,lotr:amber_block,present,
createStandardRecipes,vanilla,diamond,lotr:diamond,present,
createStandardRecipes,vanilla,blockGem/5,lotr:diamond_block,present,
createStandardRecipes,vanilla,pearl,lotr:pearl,present,
createStandardRecipes,vanilla,blockGem/6,lotr:pearl_block,present,
createStandardRecipes,vanilla,opal,lotr:opal,present,
createStandardRecipes,vanilla,blockGem/7,lotr:opal_block,present,
createStandardRecipes,vanilla,mushroomPie,lotr:mushroom_pie,present,
createStandardRecipes,vanilla,coral,lotr:coral,present,
createStandardRecipes,vanilla,blockGem/8,lotr:coral_block,present,
createStandardRecipes,vanilla,emerald,lotr:emerald,present,
createStandardRecipes,vanilla,blockGem/9,lotr:emerald_block,present,
createStandardRecipes,vanilla,glass,lotr:glass,present,
createStandardRecipes,vanilla,glassPane,lotr:glass_pane,present,
createStandardRecipes,vanilla,stainedGlass/0,lotr:white_stained_glass,present,
createStandardRecipes,vanilla,stainedGlass/1,lotr:orange_stained_glass,present,
createStandardRecipes,vanilla,stainedGlass/2,lotr:magenta_stained_glass,present,
createStandardRecipes,vanilla,stainedGlass/3,lotr:light_blue_stained_glass,present,
createStandardRecipes,vanilla,stainedGlass/4,lotr:yellow_stained_glass,present,
createStandardRecipes,vanilla,stainedGlass/5,lotr:lime_stained_glass,present,
createStandardRecipes,vanilla,stainedGlass/6,lotr:pink_stained_glass,present,
createStandardRecipes,vanilla,stainedGlass/7,lotr:gray_stained_glass,present,
createStandardRecipes,vanilla,stainedGlass/8,lotr:silver_stained_glass,present,
createStandardRecipes,vanilla,stainedGlass/9,lotr:cyan_stained_glass,present,
createStandardRecipes,vanilla,stainedGlass/10,lotr:purple_stained_glass,present,
createStandardRecipes,vanilla,stainedGlass/11,lotr:blue_stained_glass,present,
createStandardRecipes,vanilla,stainedGlass/12,lotr:brown_stained_glass,present,
createStandardRecipes,vanilla,stainedGlass/13,lotr:green_stained_glass,present,
createStandardRecipes,vanilla,stainedGlass/14,lotr:red_stained_glass,present,
createStandardRecipes,vanilla,stainedGlass/15,lotr:black_stained_glass,present,
createStandardRecipes,vanilla,stainedGlass/0,lotr:white_stained_glass,present,
createStandardRecipes,vanilla,stainedGlass/1,lotr:orange_stained_glass,present,
createStandardRecipes,vanilla,stainedGlass/2,lotr:magenta_stained_glass,present,
createStandardRecipes,vanilla,stainedGlass/3,lotr:light_blue_stained_glass,present,
createStandardRecipes,vanilla,stainedGlass/4,lotr:yellow_stained_glass,present,
createStandardRecipes,vanilla,stainedGlass/5,lotr:lime_stained_glass,present,
createStandardRecipes,vanilla,stainedGlass/6,lotr:pink_stained_glass,present,
createStandardRecipes,vanilla,stainedGlass/7,lotr:gray_stained_glass,present,
createStandardRecipes,vanilla,stainedGlass/8,lotr:silver_stained_glass,present,
createStandardRecipes,vanilla,stainedGlass/9,lotr:cyan_stained_glass,present,
createStandardRecipes,vanilla,stainedGlass/10,lotr:purple_stained_glass,present,
createStandardRecipes,vanilla,stainedGlass/11,lotr:blue_stained_glass,present,
createStandardRecipes,vanilla,stainedGlass/12,lotr:brown_stained_glass,present,
createStandardRecipes,vanilla,stainedGlass/13,lotr:green_stained_glass,present,
createStandardRecipes,vanilla,stainedGlass/14,lotr:red_stained_glass,present,
createStandardRecipes,vanilla,stainedGlass/15,lotr:black_stained_glass,present,
createStandardRecipes,vanilla,stainedGlassPane/0,lotr:white_stained_glass_pane,present,
createStandardRecipes,vanilla,stainedGlassPane/1,lotr:orange_stained_glass_pane,present,
createStandardRecipes,vanilla,stainedGlassPane/2,lotr:magenta_stained_glass_pane,present,
createStandardRecipes,vanilla,stainedGlassPane/3,lotr:light_blue_stained_glass_pane,present,
createStandardRecipes,vanilla,stainedGlassPane/4,lotr:yellow_stained_glass_pane,present,
createStandardRecipes,vanilla,stainedGlassPane/5,lotr:lime_stained_glass_pane,present,
createStandardRecipes,vanilla,stainedGlassPane/6,lotr:pink_stained_glass_pane,present,
createStandardRecipes,vanilla,stainedGlassPane/7,lotr:gray_stained_glass_pane,present,
createStandardRecipes,vanilla,stainedGlassPane/8,lotr:silver_stained_glass_pane,present,
createStandardRecipes,vanilla,stainedGlassPane/9,lotr:cyan_stained_glass_pane,present,
createStandardRecipes,vanilla,stainedGlassPane/10,lotr:purple_stained_glass_pane,present,
createStandardRecipes,vanilla,stainedGlassPane/11,lotr:blue_stained_glass_pane,present,
createStandardRecipes,vanilla,stainedGlassPane/12,lotr:brown_stained_glass_pane,present,
createStandardRecipes,vanilla,stainedGlassPane/13,lotr:green_stained_glass_pane,present,
createStandardRecipes,vanilla,stainedGlassPane/14,lotr:red_stained_glass_pane,present,
createStandardRecipes,vanilla,stainedGlassPane/15,lotr:black_stained_glass_pane,present,
createStandardRecipes,vanilla,rope,lotr:rope,present,
createStandardRecipes,vanilla,mithrilMail,lotr:mithril_mail,present,
createStandardRecipes,vanilla,mithril,lotr:mithril,present,
createStandardRecipes,vanilla,planks3/3,lotr:palm_planks,present,
createStandardRecipes,vanilla,stairsPalm,lotr:palm_stairs,present,
createStandardRecipes,vanilla,fenceGatePalm,lotr:palm_fence_gate,present,
createStandardRecipes,vanilla,planks3/4,lotr:dragon_planks,present,
createStandardRecipes,vanilla,stairsDragon,lotr:dragon_stairs,present,
createStandardRecipes,vanilla,fenceGateDragon,lotr:dragon_fence_gate,present,
createStandardRecipes,vanilla,woodBeam9/0,lotr:dragon_beam,present,
createStandardRecipes,vanilla,woodBeam9/1,lotr:kanuka_beam,present,
createStandardRecipes,vanilla,dye/1,minecraft:red_dye,present,
createStandardRecipes,vanilla,packed_ice,minecraft:packed_ice,excluded,vanilla recipe rule
createStandardRecipes,vanilla,woodPlate,lotr:wooden_plate,present,
createStandardRecipes,vanilla,item_frame,minecraft:item_frame,present,
createStandardRecipes,vanilla,doorSpruce,,excluded,vanilla
createStandardRecipes,vanilla,doorBirch,,excluded,vanilla
createStandardRecipes,vanilla,doorJungle,,excluded,vanilla
createStandardRecipes,vanilla,doorAcacia,,excluded,vanilla
createStandardRecipes,vanilla,doorDarkOak,,excluded,vanilla
createStandardRecipes,vanilla,doorShirePine,lotr:shire_pine_door,present,
createStandardRecipes,vanilla,doorMirkOak,lotr:mirk_oak_door,present,
createStandardRecipes,vanilla,doorCharred,lotr:charred_door,present,
createStandardRecipes,vanilla,doorApple,lotr:apple_door,present,
createStandardRecipes,vanilla,doorPear,lotr:pear_door,present,
createStandardRecipes,vanilla,doorCherry,lotr:cherry_door,present,
createStandardRecipes,vanilla,doorMango,lotr:mango_door,present,
createStandardRecipes,vanilla,doorLebethron,lotr:lebethron_door,present,
createStandardRecipes,vanilla,doorBeech,lotr:beech_door,present,
createStandardRecipes,vanilla,doorHolly,lotr:holly_door,present,
createStandardRecipes,vanilla,doorBanana,lotr:banana_door,present,
createStandardRecipes,vanilla,doorMaple,lotr:maple_door,present,
createStandardRecipes,vanilla,doorLarch,lotr:larch_door,present,
createStandardRecipes,vanilla,doorDatePalm,lotr:date_palm_door,present,
createStandardRecipes,vanilla,doorMangrove,lotr:mangrove_door,present,
createStandardRecipes,vanilla,doorChestnut,lotr:chestnut_door,present,
createStandardRecipes,vanilla,doorBaobab,lotr:baobab_door,present,
createStandardRecipes,vanilla,doorCedar,lotr:cedar_door,present,
createStandardRecipes,vanilla,doorFir,lotr:fir_door,present,
createStandardRecipes,vanilla,doorPine,lotr:pine_door,present,
createStandardRecipes,vanilla,doorLemon,lotr:lemon_door,present,
createStandardRecipes,vanilla,doorOrange,lotr:orange_door,present,
createStandardRecipes,vanilla,doorLime,lotr:lime_door,present,
createStandardRecipes,vanilla,doorMahogany,lotr:mahogany_door,present,
createStandardRecipes,vanilla,doorWillow,lotr:willow_door,present,
createStandardRecipes,vanilla,doorCypress,lotr:cypress_door,present,
createStandardRecipes,vanilla,doorOlive,lotr:olive_door,present,
createStandardRecipes,vanilla,doorAspen,lotr:aspen_door,present,
createStandardRecipes,vanilla,doorGreenOak,lotr:green_oak_door,present,
createStandardRecipes,vanilla,doorLairelosse,lotr:lairelosse_door,present,
createStandardRecipes,vanilla,doorAlmond,lotr:almond_door,present,
createStandardRecipes,vanilla,doorPlum,lotr:plum_door,present,
createStandardRecipes,vanilla,doorRedwood,lotr:redwood_door,present,
createStandardRecipes,vanilla,doorPomegranate,lotr:pomegranate_door,present,
createStandardRecipes,vanilla,doorPalm,lotr:palm_door,present,
createStandardRecipes,vanilla,doorDragon,lotr:dragon_door,present,
createStandardRecipes,vanilla,doorRotten,lotr:rotten_door,present,
createStandardRecipes,vanilla,dirt/0,minecraft:dirt,present,
createStandardRecipes,vanilla,boneBlock/0,lotr:bone_block,present,
createStandardRecipes,vanilla,dye/15,minecraft:bone_meal,present,
createStandardRecipes,vanilla,slabBoneSingle/0,lotr:bone_slab,present,
createStandardRecipes,vanilla,stairsBone,lotr:bone_stairs,present,
createStandardRecipes,vanilla,wallBone/0,lotr:bone_wall,present,
createStandardRecipes,vanilla,redClay,lotr:red_clay,present,
createStandardRecipes,vanilla,planks3/5,lotr:kanuka_planks,present,
createStandardRecipes,vanilla,stairsKanuka,lotr:kanuka_stairs,present,
createStandardRecipes,vanilla,fenceGateKanuka,lotr:kanuka_fence_gate,present,
createStandardRecipes,vanilla,doorKanuka,lotr:kanuka_door,present,
createStandardRecipes,vanilla,mud/1,lotr:barren_jungle_mud,present,
createStandardRecipes,vanilla,mud/0,lotr:mud,present,
createStandardRecipes,vanilla,dirtPath/1,lotr:dirt_path_mud,present,
createStandardRecipes,vanilla,slabSingleDirt/4,lotr:dirt_path_mud_slab,present,
createStandardRecipes,vanilla,saddle,minecraft:saddle,present,
createStandardRecipes,vanilla,brandingIron,,blocked,result not ported (missing)
createStandardRecipes,vanilla,brandingIron,,blocked,result not ported (missing)
createStandardRecipes,vanilla,brandingIron,,blocked,result not ported (missing)
createStandardRecipes,vanilla,cobblebrick/0,lotr:drystone,present,
createStandardRecipes,vanilla,trapdoorSpruce,,excluded,vanilla
createStandardRecipes,vanilla,trapdoorBirch,,excluded,vanilla
createStandardRecipes,vanilla,trapdoorJungle,,excluded,vanilla
createStandardRecipes,vanilla,trapdoorAcacia,,excluded,vanilla
createStandardRecipes,vanilla,trapdoorDarkOak,,excluded,vanilla
createStandardRecipes,vanilla,trapdoorShirePine,lotr:shire_pine_trapdoor,present,
createStandardRecipes,vanilla,trapdoorMirkOak,lotr:mirk_oak_trapdoor,present,
createStandardRecipes,vanilla,trapdoorCharred,lotr:charred_trapdoor,present,
createStandardRecipes,vanilla,trapdoorApple,lotr:apple_trapdoor,present,
createStandardRecipes,vanilla,trapdoorPear,lotr:pear_trapdoor,present,
createStandardRecipes,vanilla,trapdoorCherry,lotr:cherry_trapdoor,present,
createStandardRecipes,vanilla,trapdoorMango,lotr:mango_trapdoor,present,
createStandardRecipes,vanilla,trapdoorLebethron,lotr:lebethron_trapdoor,present,
createStandardRecipes,vanilla,trapdoorBeech,lotr:beech_trapdoor,present,
createStandardRecipes,vanilla,trapdoorHolly,lotr:holly_trapdoor,present,
createStandardRecipes,vanilla,trapdoorBanana,lotr:banana_trapdoor,present,
createStandardRecipes,vanilla,trapdoorMaple,lotr:maple_trapdoor,present,
createStandardRecipes,vanilla,trapdoorLarch,lotr:larch_trapdoor,present,
createStandardRecipes,vanilla,trapdoorDatePalm,lotr:date_palm_trapdoor,present,
createStandardRecipes,vanilla,trapdoorMangrove,lotr:mangrove_trapdoor,present,
createStandardRecipes,vanilla,trapdoorChestnut,lotr:chestnut_trapdoor,present,
createStandardRecipes,vanilla,trapdoorBaobab,lotr:baobab_trapdoor,present,
createStandardRecipes,vanilla,trapdoorCedar,lotr:cedar_trapdoor,present,
createStandardRecipes,vanilla,trapdoorFir,lotr:fir_trapdoor,present,
createStandardRecipes,vanilla,trapdoorPine,lotr:pine_trapdoor,present,
createStandardRecipes,vanilla,trapdoorLemon,lotr:lemon_trapdoor,present,
createStandardRecipes,vanilla,trapdoorOrange,lotr:orange_trapdoor,present,
createStandardRecipes,vanilla,trapdoorLime,lotr:lime_trapdoor,present,
createStandardRecipes,vanilla,trapdoorMahogany,lotr:mahogany_trapdoor,present,
createStandardRecipes,vanilla,trapdoorWillow,lotr:willow_trapdoor,present,
createStandardRecipes,vanilla,trapdoorCypress,lotr:cypress_trapdoor,present,
createStandardRecipes,vanilla,trapdoorOlive,lotr:olive_trapdoor,present,
createStandardRecipes,vanilla,trapdoorAspen,lotr:aspen_trapdoor,present,
createStandardRecipes,vanilla,trapdoorGreenOak,lotr:green_oak_trapdoor,present,
createStandardRecipes,vanilla,trapdoorLairelosse,lotr:lairelosse_trapdoor,present,
createStandardRecipes,vanilla,trapdoorAlmond,lotr:almond_trapdoor,present,
createStandardRecipes,vanilla,trapdoorPlum,lotr:plum_trapdoor,present,
createStandardRecipes,vanilla,trapdoorRedwood,lotr:redwood_trapdoor,present,
createStandardRecipes,vanilla,trapdoorPomegranate,lotr:pomegranate_trapdoor,present,
createStandardRecipes,vanilla,trapdoorPalm,lotr:palm_trapdoor,present,
createStandardRecipes,vanilla,trapdoorDragon,lotr:dragon_trapdoor,present,
createStandardRecipes,vanilla,trapdoorKanuka,lotr:kanuka_trapdoor,present,
createStandardRecipes,vanilla,trapdoorRotten,lotr:rotten_trapdoor,present,
createStandardRecipes,vanilla,dye/5,minecraft:purple_dye,present,
createStandardRecipes,vanilla,ironNugget,,excluded,vanilla
createStandardRecipes,vanilla,iron_ingot,minecraft:iron_ingot,excluded,vanilla recipe rule
createStandardRecipes,vanilla,chainmail_helmet,minecraft:chainmail_helmet,present,
createStandardRecipes,vanilla,chainmail_chestplate,minecraft:chainmail_chestplate,present,
createStandardRecipes,vanilla,chainmail_leggings,minecraft:chainmail_leggings,present,
createStandardRecipes,vanilla,chainmail_boots,minecraft:chainmail_boots,present,
createTauredainRecipes,tauredain,tauredainTable,lotr:tauredain_crafting_table,present,
createTauredainRecipes,tauredain,banner/tauredain,lotr:tauredain_banner,present,
createTauredainRecipes,tauredain,brick4/0,lotr:tauredain_brick,present,
createTauredainRecipes,tauredain,slabSingle8/0,lotr:tauredain_brick_slab,present,
createTauredainRecipes,tauredain,stairsTauredainBrick,lotr:tauredain_brick_stairs,present,
createTauredainRecipes,tauredain,wall4/0,lotr:tauredain_brick_wall,present,
createTauredainRecipes,tauredain,brick4/1,lotr:tauredain_mossy_brick,present,
createTauredainRecipes,tauredain,slabSingle8/1,lotr:tauredain_mossy_brick_slab,present,
createTauredainRecipes,tauredain,stairsTauredainBrickMossy,lotr:tauredain_mossy_brick_stairs,present,
createTauredainRecipes,tauredain,wall4/1,lotr:tauredain_mossy_brick_wall,present,
createTauredainRecipes,tauredain,slabSingle8/2,lotr:tauredain_cracked_brick_slab,present,
createTauredainRecipes,tauredain,stairsTauredainBrickCracked,lotr:tauredain_cracked_brick_stairs,present,
createTauredainRecipes,tauredain,wall4/2,lotr:tauredain_cracked_brick_wall,present,
createTauredainRecipes,tauredain,brick4/3,lotr:tauredain_gold_brick,present,
createTauredainRecipes,tauredain,slabSingle8/3,lotr:tauredain_gold_brick_slab,present,
createTauredainRecipes,tauredain,stairsTauredainBrickGold,lotr:tauredain_gold_brick_stairs,present,
createTauredainRecipes,tauredain,wall4/3,lotr:tauredain_gold_brick_wall,present,
createTauredainRecipes,tauredain,brick4/4,lotr:tauredain_obsidian_brick,present,
createTauredainRecipes,tauredain,slabSingle8/4,lotr:tauredain_obsidian_brick_slab,present,
createTauredainRecipes,tauredain,stairsTauredainBrickObsidian,lotr:tauredain_obsidian_brick_stairs,present,
createTauredainRecipes,tauredain,wall4/4,lotr:tauredain_obsidian_brick_wall,present,
createTauredainRecipes,tauredain,shovelTauredain,lotr:taurethrim_shovel,present,
createTauredainRecipes,tauredain,pickaxeTauredain,lotr:taurethrim_pickaxe,present,
createTauredainRecipes,tauredain,axeTauredain,lotr:taurethrim_axe,present,
createTauredainRecipes,tauredain,hoeTauredain,lotr:taurethrim_hoe,present,
createTauredainRecipes,tauredain,daggerTauredain,lotr:taurethrim_dagger,present,
createTauredainRecipes,tauredain,spearTauredain,lotr:taurethrim_spear,present,
createTauredainRecipes,tauredain,swordTauredain,lotr:taurethrim_sword,present,
createTauredainRecipes,tauredain,helmetTauredain,lotr:taurethrim_helmet,present,
createTauredainRecipes,tauredain,bodyTauredain,lotr:taurethrim_chestplate,present,
createTauredainRecipes,tauredain,legsTauredain,lotr:taurethrim_leggings,present,
createTauredainRecipes,tauredain,bootsTauredain,lotr:taurethrim_boots,present,
createTauredainRecipes,tauredain,helmetTauredainChieftain,lotr:taurethrim_chieftain_helmet,present,
createTauredainRecipes,tauredain,tauredainBlowgun,lotr:taurethrim_blowgun,present,
createTauredainRecipes,tauredain,tauredainDart,lotr:taurethrim_dart,present,
createTauredainRecipes,tauredain,tauredainDartPoisoned,lotr:poisoned_taurethrim_dart,present,
createTauredainRecipes,tauredain,tauredainDartTrap,lotr:tauredain_dart_trap,present,
createTauredainRecipes,tauredain,pillar/14,lotr:tauredain_pillar,present,
createTauredainRecipes,tauredain,slabSingle8/5,lotr:tauredain_pillar_slab,present,
createTauredainRecipes,tauredain,tauredainDoubleTorchItem,lotr:tauredain_double_torch,present,
createTauredainRecipes,tauredain,tauredainDartTrapGold,lotr:gold_tauredain_dart_trap,present,
createTauredainRecipes,tauredain,gateTauredain,lotr:tauredain_gate,present,
createTauredainRecipes,tauredain,hammerTauredain,lotr:taurethrim_bludgeon,present,
createTauredainRecipes,tauredain,battleaxeTauredain,lotr:taurethrim_battleaxe,present,
createTauredainRecipes,tauredain,pikeTauredain,lotr:taurethrim_pike,present,
createTauredainRecipes,tauredain,tauredainDartTrapObsidian,lotr:obsidian_tauredain_dart_trap,present,
createTauredainRecipes,tauredain,pillar2/11,lotr:taur_gold_pillar,present,
createTauredainRecipes,tauredain,pillar2/12,lotr:taur_obsidian_pillar,present,
createTauredainRecipes,tauredain,slabSingle13/5,lotr:taur_gold_pillar_slab,present,
createTauredainRecipes,tauredain,slabSingle13/6,lotr:taur_obsidian_pillar_slab,present,
createUmbarRecipes,umbar,umbarTable,lotr:umbar_crafting_table,present,
createUmbarRecipes,umbar,banner/umbar,lotr:umbar_banner,present,
createUmbarRecipes,umbar,helmetCorsair,lotr:corsair_helmet,present,
createUmbarRecipes,umbar,bodyCorsair,lotr:corsair_chestplate,present,
createUmbarRecipes,umbar,legsCorsair,lotr:corsair_leggings,present,
createUmbarRecipes,umbar,bootsCorsair,lotr:corsair_boots,present,
createUmbarRecipes,umbar,swordCorsair,lotr:corsair_eket,present,
createUmbarRecipes,umbar,daggerCorsair,lotr:corsair_dagger,present,
createUmbarRecipes,umbar,spearCorsair,lotr:corsair_harpoon,present,
createUmbarRecipes,umbar,battleaxeCorsair,lotr:corsair_battleaxe,present,
createUmbarRecipes,umbar,scimitarNearHarad,lotr:umbaric_scimitar,present,
createUmbarRecipes,umbar,daggerNearHarad,lotr:umbaric_dagger,present,
createUmbarRecipes,umbar,spearNearHarad,lotr:umbaric_spear,present,
createUmbarRecipes,umbar,maceNearHarad,lotr:umbaric_mace,present,
createUmbarRecipes,umbar,pikeNearHarad,lotr:umbaric_pike,present,
createUmbarRecipes,umbar,poleaxeNearHarad,lotr:umbaric_poleaxe,present,
createUmbarRecipes,umbar,helmetUmbar,lotr:umbaric_helmet,present,
createUmbarRecipes,umbar,bodyUmbar,lotr:umbaric_chestplate,present,
createUmbarRecipes,umbar,legsUmbar,lotr:umbaric_leggings,present,
createUmbarRecipes,umbar,bootsUmbar,lotr:umbaric_boots,present,
createUmbarRecipes,umbar,brick6/6,lotr:umbar_brick,present,
createUmbarRecipes,umbar,slabSingle13/2,lotr:umbar_brick_slab,present,
createUmbarRecipes,umbar,stairsUmbarBrick,lotr:umbar_brick_stairs,present,
createUmbarRecipes,umbar,wall5/0,lotr:umbar_brick_wall,present,
createUmbarRecipes,umbar,slabSingle13/3,lotr:cracked_umbar_brick_slab,present,
createUmbarRecipes,umbar,stairsUmbarBrickCracked,lotr:cracked_umbar_brick_stairs,present,
createUmbarRecipes,umbar,wall5/1,lotr:cracked_umbar_brick_wall,present,
createUmbarRecipes,umbar,brick6/8,lotr:carved_umbar_brick,present,
createUmbarRecipes,umbar,brick6/9,lotr:carved_black_umbar_brick,present,
createUmbarRecipes,umbar,pillar2/10,lotr:umbar_pillar,present,
createUmbarRecipes,umbar,slabSingle13/4,lotr:umbar_pillar_slab,present,
createUmbarRecipes,umbar,horseArmorUmbar,lotr:umbaric_horse_armor,present,
createUrukRecipes,uruk,urukTable,lotr:uruk_crafting_table,present,
createUrukRecipes,uruk,orcTorchItem,lotr:orc_torch,present,
createUrukRecipes,uruk,shovelUruk,lotr:uruk_shovel,present,
createUrukRecipes,uruk,pickaxeUruk,lotr:uruk_pickaxe,present,
createUrukRecipes,uruk,axeUruk,lotr:uruk_axe,present,
createUrukRecipes,uruk,scimitarUruk,lotr:uruk_cleaver,present,
createUrukRecipes,uruk,hoeUruk,lotr:uruk_hoe,present,
createUrukRecipes,uruk,daggerUruk,lotr:uruk_dagger,present,
createUrukRecipes,uruk,battleaxeUruk,lotr:uruk_battleaxe,present,
createUrukRecipes,uruk,hammerUruk,lotr:uruk_warhammer,present,
createUrukRecipes,uruk,spearUruk,lotr:uruk_spear,present,
createUrukRecipes,uruk,helmetUruk,lotr:uruk_helmet,present,
createUrukRecipes,uruk,bodyUruk,lotr:uruk_chestplate,present,
createUrukRecipes,uruk,legsUruk,lotr:uruk_leggings,present,
createUrukRecipes,uruk,bootsUruk,lotr:uruk_boots,present,
createUrukRecipes,uruk,urukCrossbow,lotr:uruk_crossbow,present,
createUrukRecipes,uruk,chandelier/9,lotr:uruk_chandelier,present,
createUrukRecipes,uruk,orcForge,lotr:orc_forge,present,
createUrukRecipes,uruk,orcBomb,lotr:orc_bomb,present,
createUrukRecipes,uruk,orcBomb/1,lotr:double_strength_orc_bomb,present,
createUrukRecipes,uruk,orcBomb/2,lotr:triple_strength_orc_bomb,present,
createUrukRecipes,uruk,banner/isengard,lotr:isengard_banner,present,
createUrukRecipes,uruk,wargArmorUruk,lotr:isengard_warg_armor,present,
createUrukRecipes,uruk,brick2/7,lotr:uruk_brick,present,
createUrukRecipes,uruk,slabSingle4/4,lotr:uruk_brick_slab,present,
createUrukRecipes,uruk,stairsUrukBrick,lotr:uruk_brick_stairs,present,
createUrukRecipes,uruk,wall2/7,lotr:uruk_brick_wall,present,
createUrukRecipes,uruk,urukBars,lotr:uruk_bars,present,
createUrukRecipes,uruk,pikeUruk,lotr:uruk_pike,present,
createUrukRecipes,uruk,scimitarUrukBerserker,lotr:uruk_berserker_cleaver,present,
createUrukRecipes,uruk,helmetUrukBerserker,lotr:uruk_berserker_helmet,present,
createUrukRecipes,uruk,gateUruk,lotr:uruk_gate,present,
createUrukRecipes,uruk,pillar2/15,lotr:uruk_pillar,present,
createUrukRecipes,uruk,slabSingle14/3,lotr:uruk_pillar_slab,present,
createUrukRecipes,uruk,mechanism,lotr:mechanism,present,
createWoodElvenRecipes,wood_elven,woodElvenTable,lotr:wood_elven_crafting_table,present,
createWoodElvenRecipes,wood_elven,woodElvenBedItem,lotr:wood_elven_bed,present,
createWoodElvenRecipes,wood_elven,helmetWoodElvenScout,lotr:wood_elven_scout_hood,present,
createWoodElvenRecipes,wood_elven,bodyWoodElvenScout,lotr:wood_elven_scout_tunic,present,
createWoodElvenRecipes,wood_elven,legsWoodElvenScout,lotr:wood_elven_scout_leggings,present,
createWoodElvenRecipes,wood_elven,bootsWoodElvenScout,lotr:wood_elven_scout_boots,present,
createWoodElvenRecipes,wood_elven,mirkwoodBow,lotr:mirkwood_bow,present,
createWoodElvenRecipes,wood_elven,woodElvenTorch,lotr:wood_elven_torch,present,
createWoodElvenRecipes,wood_elven,chandelier/6,lotr:wood_elven_chandelier,present,
createWoodElvenRecipes,wood_elven,shovelWoodElven,lotr:wood_elven_shovel,present,
createWoodElvenRecipes,wood_elven,pickaxeWoodElven,lotr:wood_elven_pickaxe,present,
createWoodElvenRecipes,wood_elven,axeWoodElven,lotr:wood_elven_axe,present,
createWoodElvenRecipes,wood_elven,swordWoodElven,lotr:wood_elven_sword,present,
createWoodElvenRecipes,wood_elven,hoeWoodElven,lotr:wood_elven_hoe,present,
createWoodElvenRecipes,wood_elven,daggerWoodElven,lotr:wood_elven_dagger,present,
createWoodElvenRecipes,wood_elven,spearWoodElven,lotr:wood_elven_spear,present,
createWoodElvenRecipes,wood_elven,helmetWoodElven,lotr:wood_elven_helmet,present,
createWoodElvenRecipes,wood_elven,bodyWoodElven,lotr:wood_elven_chestplate,present,
createWoodElvenRecipes,wood_elven,legsWoodElven,lotr:wood_elven_leggings,present,
createWoodElvenRecipes,wood_elven,bootsWoodElven,lotr:wood_elven_boots,present,
createWoodElvenRecipes,wood_elven,banner/mirkwood,lotr:mirkwood_banner,present,
createWoodElvenRecipes,wood_elven,elkArmorWoodElven,lotr:wood_elven_elk_armor,present,
createWoodElvenRecipes,wood_elven,brick3/5,lotr:wood_elven_brick,present,
createWoodElvenRecipes,wood_elven,brick3/6,lotr:mossy_wood_elven_brick,present,
createWoodElvenRecipes,wood_elven,slabSingle6/2,lotr:wood_elven_brick_slab,present,
createWoodElvenRecipes,wood_elven,slabSingle6/3,lotr:mossy_wood_elven_brick_slab,present,
createWoodElvenRecipes,wood_elven,slabSingle6/4,lotr:cracked_wood_elven_brick_slab,present,
createWoodElvenRecipes,wood_elven,stairsWoodElvenBrick,lotr:wood_elven_brick_stairs,present,
createWoodElvenRecipes,wood_elven,stairsWoodElvenBrickMossy,lotr:mossy_wood_elven_brick_stairs,present,
createWoodElvenRecipes,wood_elven,stairsWoodElvenBrickCracked,lotr:cracked_wood_elven_brick_stairs,present,
createWoodElvenRecipes,wood_elven,wall3/0,lotr:wood_elven_brick_wall,present,
createWoodElvenRecipes,wood_elven,wall3/1,lotr:mossy_wood_elven_brick_wall,present,
createWoodElvenRecipes,wood_elven,wall3/2,lotr:cracked_wood_elven_brick_wall,present,
createWoodElvenRecipes,wood_elven,pillar/12,lotr:wood_elven_pillar,present,
createWoodElvenRecipes,wood_elven,slabSingle6/5,lotr:wood_elven_pillar_slab,present,
createWoodElvenRecipes,wood_elven,slabSingle6/6,lotr:cracked_wood_elven_pillar_slab,present,
createWoodElvenRecipes,wood_elven,brick2/14,lotr:carved_wood_elven_brick,present,
createWoodElvenRecipes,wood_elven,elvenForge,lotr:elven_forge,present,
createWoodElvenRecipes,wood_elven,woodElfBars,lotr:wood_elf_bars,present,
createWoodElvenRecipes,wood_elven,woodElfWoodBars,lotr:wood_elf_wood_bars,present,
createWoodElvenRecipes,wood_elven,polearmWoodElven,lotr:wood_elven_battlestaff,present,
createWoodElvenRecipes,wood_elven,brick4/10,lotr:wood_elven_silver_brick,present,
createWoodElvenRecipes,wood_elven,brick4/13,lotr:wood_elven_gold_brick,present,
createWoodElvenRecipes,wood_elven,gateWoodElven,lotr:wood_elven_gate,present,
createWoodElvenRecipes,wood_elven,longspearWoodElven,lotr:wood_elven_longspear,present,
createWoodenSlabRecipes,vanilla,woodSlabSingle/0,lotr:shire_pine_slab,present,
createWoodenSlabRecipes,vanilla,woodSlabSingle/2,lotr:mirk_oak_slab,present,
createWoodenSlabRecipes,vanilla,woodSlabSingle/3,lotr:charred_slab,present,
createWoodenSlabRecipes,vanilla,woodSlabSingle/4,lotr:apple_slab,present,
createWoodenSlabRecipes,vanilla,woodSlabSingle/5,lotr:pear_slab,present,
createWoodenSlabRecipes,vanilla,woodSlabSingle/6,lotr:cherry_slab,present,
createWoodenSlabRecipes,vanilla,woodSlabSingle/7,lotr:mango_slab,present,
createWoodenSlabRecipes,vanilla,woodSlabSingle2/0,lotr:lebethron_slab,present,
createWoodenSlabRecipes,vanilla,woodSlabSingle2/1,lotr:beech_slab,present,
createWoodenSlabRecipes,vanilla,woodSlabSingle2/2,lotr:holly_slab,present,
createWoodenSlabRecipes,vanilla,woodSlabSingle2/3,lotr:banana_slab,present,
createWoodenSlabRecipes,vanilla,woodSlabSingle2/4,lotr:maple_slab,present,
createWoodenSlabRecipes,vanilla,woodSlabSingle2/5,lotr:larch_slab,present,
createWoodenSlabRecipes,vanilla,woodSlabSingle2/6,lotr:date_palm_slab,present,
createWoodenSlabRecipes,vanilla,woodSlabSingle2/7,lotr:mangrove_slab,present,
createWoodenSlabRecipes,vanilla,woodSlabSingle3/0,lotr:chestnut_slab,present,
createWoodenSlabRecipes,vanilla,woodSlabSingle3/1,lotr:baobab_slab,present,
createWoodenSlabRecipes,vanilla,woodSlabSingle3/2,lotr:cedar_slab,present,
createWoodenSlabRecipes,vanilla,woodSlabSingle3/3,lotr:fir_slab,present,
createWoodenSlabRecipes,vanilla,woodSlabSingle3/4,lotr:pine_slab,present,
createWoodenSlabRecipes,vanilla,woodSlabSingle3/5,lotr:lemon_slab,present,
createWoodenSlabRecipes,vanilla,woodSlabSingle3/6,lotr:orange_slab,present,
createWoodenSlabRecipes,vanilla,woodSlabSingle3/7,lotr:lime_slab,present,
createWoodenSlabRecipes,vanilla,woodSlabSingle4/0,lotr:mahogany_slab,present,
createWoodenSlabRecipes,vanilla,woodSlabSingle4/1,lotr:willow_slab,present,
createWoodenSlabRecipes,vanilla,woodSlabSingle4/2,lotr:cypress_slab,present,
createWoodenSlabRecipes,vanilla,woodSlabSingle4/3,lotr:olive_slab,present,
createWoodenSlabRecipes,vanilla,woodSlabSingle4/4,lotr:aspen_slab,present,
createWoodenSlabRecipes,vanilla,woodSlabSingle4/5,lotr:green_oak_slab,present,
createWoodenSlabRecipes,vanilla,woodSlabSingle4/6,lotr:lairelosse_slab,present,
createWoodenSlabRecipes,vanilla,woodSlabSingle4/7,lotr:almond_slab,present,
createWoodenSlabRecipes,vanilla,woodSlabSingle5/0,lotr:plum_slab,present,
createWoodenSlabRecipes,vanilla,woodSlabSingle5/1,lotr:redwood_slab,present,
createWoodenSlabRecipes,vanilla,woodSlabSingle5/2,lotr:pomegranate_slab,present,
createWoodenSlabRecipes,vanilla,woodSlabSingle5/3,lotr:palm_slab,present,
createWoodenSlabRecipes,vanilla,woodSlabSingle5/4,lotr:dragon_slab,present,
createWoodenSlabRecipes,vanilla,woodSlabSingle5/5,lotr:kanuka_slab,present,
createWoodenSlabRecipes,vanilla,rottenSlabSingle/0,lotr:rotten_slab,present,
modifyStandardRecipes,vanilla,fence/0,minecraft:fence,excluded,vanilla recipe rule
modifyStandardRecipes,vanilla,fence/1,minecraft:fence,excluded,vanilla recipe rule
modifyStandardRecipes,vanilla,fence/2,minecraft:fence,excluded,vanilla recipe rule
modifyStandardRecipes,vanilla,fence/3,minecraft:fence,excluded,vanilla recipe rule
modifyStandardRecipes,vanilla,fence/4,minecraft:fence,excluded,vanilla recipe rule
modifyStandardRecipes,vanilla,fence/5,minecraft:fence,excluded,vanilla recipe rule
modifyStandardRecipes,vanilla,fence_gate,minecraft:fence_gate,excluded,vanilla recipe rule
modifyStandardRecipes,vanilla,wooden_door,minecraft:wooden_door,excluded,vanilla recipe rule
modifyStandardRecipes,vanilla,trapdoor,minecraft:trapdoor,excluded,vanilla recipe rule
modifyStandardRecipes,vanilla,stone_slab/0,minecraft:stone_slab,excluded,vanilla recipe rule
modifyStandardRecipes,vanilla,stone_slab/5,minecraft:stone_slab,excluded,vanilla recipe rule
modifyStandardRecipes,vanilla,stone_brick_stairs,minecraft:stone_brick_stairs,excluded,vanilla recipe rule
modifyStandardRecipes,vanilla,anvil,minecraft:anvil,excluded,vanilla recipe rule
modifyStandardRecipes,vanilla,,,manual,no result: GameRegistry.addRecipe(new LOTRRecipesArmorDyes())
